Model,Enzyme,Descriptor,n_estimators,Criteria,Accuracy
RFC,HIV-1 IN,PC,100,Entropy,0.9565587734241908
RFC,HIV-1 IN,PC,100,Gini,0.9581026405451447
RFC,HIV-1 IN,PC,1000,Entropy,0.9577832197614992
RFC,HIV-1 IN,PC,1000,Gini,0.958155877342419
RFC,HIV-1 IN,PC,2000,Entropy,0.9577299829642248
RFC,HIV-1 IN,PC,2000,Gini,0.9579961669505963
RFC,HIV-1 IN,PC,500,Entropy,0.9567717206132879
RFC,HIV-1 IN,PC,500,Gini,0.9586350085178875
RFC,HIV-1 IN,PC,1500,Entropy,0.9578896933560477
RFC,HIV-1 IN,PC,1500,Gini,0.957942930153322
RFC,HIV-1 IN,ECFP4,100,Entropy,0.9614565587734242
RFC,HIV-1 IN,ECFP4,100,Gini,0.96103066439523
RFC,HIV-1 IN,ECFP4,1000,Entropy,0.9614565587734242
RFC,HIV-1 IN,ECFP4,1000,Gini,0.9612436115843271
RFC,HIV-1 IN,ECFP4,2000,Entropy,0.9616695059625213
RFC,HIV-1 IN,ECFP4,2000,Gini,0.960817717206133
RFC,HIV-1 IN,ECFP4,500,Entropy,0.961243611584327
RFC,HIV-1 IN,ECFP4,500,Gini,0.9604982964224873
RFC,HIV-1 IN,ECFP4,1500,Entropy,0.9615630323679728
RFC,HIV-1 IN,ECFP4,1500,Gini,0.9609241908006815
RFC,HIV-1 IN,MIX,100,Entropy,0.9597529812606475
RFC,HIV-1 IN,MIX,100,Gini,0.960445059625213
RFC,HIV-1 IN,MIX,1000,Entropy,0.96103066439523
RFC,HIV-1 IN,MIX,1000,Gini,0.9617759795570698
RFC,HIV-1 IN,MIX,2000,Entropy,0.96140332197615
RFC,HIV-1 IN,MIX,2000,Gini,0.9615630323679728
RFC,HIV-1 IN,MIX,500,Entropy,0.9607112436115843
RFC,HIV-1 IN,MIX,500,Gini,0.9615097955706985
RFC,HIV-1 IN,MIX,1500,Entropy,0.9611903747870528
RFC,HIV-1 IN,MIX,1500,Gini,0.961988926746167
RFC,HIV-1 PR,PC,100,Entropy,0.9812107298211696
RFC,HIV-1 PR,PC,100,Gini,0.9822377960367328
RFC,HIV-1 PR,PC,1000,Entropy,0.9814523924601257
RFC,HIV-1 PR,PC,1000,Gini,0.9822982116964718
RFC,HIV-1 PR,PC,2000,Entropy,0.9807878202029966
RFC,HIV-1 PR,PC,2000,Gini,0.9820565490575157
RFC,HIV-1 PR,PC,500,Entropy,0.9810294828419526
RFC,HIV-1 PR,PC,500,Gini,0.9819357177380377
RFC,HIV-1 PR,PC,1500,Entropy,0.9809690671822135
RFC,HIV-1 PR,PC,1500,Gini,0.9819961333977767
RFC,HIV-1 PR,ECFP4,100,Entropy,0.9794586756887385
RFC,HIV-1 PR,ECFP4,100,Gini,0.9778878685355243
RFC,HIV-1 PR,ECFP4,1000,Entropy,0.9795795070082165
RFC,HIV-1 PR,ECFP4,1000,Gini,0.9782503624939584
RFC,HIV-1 PR,ECFP4,2000,Entropy,0.9792170130497825
RFC,HIV-1 PR,ECFP4,2000,Gini,0.9783711938134364
RFC,HIV-1 PR,ECFP4,500,Entropy,0.9793378443692605
RFC,HIV-1 PR,ECFP4,500,Gini,0.9783711938134364
RFC,HIV-1 PR,ECFP4,1500,Entropy,0.9794586756887385
RFC,HIV-1 PR,ECFP4,1500,Gini,0.9783711938134364
RFC,HIV-1 PR,MIX,100,Entropy,0.9807878202029966
RFC,HIV-1 PR,MIX,100,Gini,0.9798815853069116
RFC,HIV-1 PR,MIX,1000,Entropy,0.9807878202029966
RFC,HIV-1 PR,MIX,1000,Gini,0.9799420009666505
RFC,HIV-1 PR,MIX,2000,Entropy,0.9809086515224745
RFC,HIV-1 PR,MIX,2000,Gini,0.9797607539874336
RFC,HIV-1 PR,MIX,500,Entropy,0.9806065732237796
RFC,HIV-1 PR,MIX,500,Gini,0.9798815853069115
RFC,HIV-1 PR,MIX,1500,Entropy,0.9810294828419526
RFC,HIV-1 PR,MIX,1500,Gini,0.9799420009666505
RFC,HIV-1 RT,PC,100,Entropy,0.9485470341521869
RFC,HIV-1 RT,PC,100,Gini,0.9498576992210904
RFC,HIV-1 RT,PC,1000,Entropy,0.9493708807669263
RFC,HIV-1 RT,PC,1000,Gini,0.9503445176752546
RFC,HIV-1 RT,PC,2000,Entropy,0.9493708807669263
RFC,HIV-1 RT,PC,2000,Gini,0.9504194128220491
RFC,HIV-1 RT,PC,500,Entropy,0.9494457759137207
RFC,HIV-1 RT,PC,500,Gini,0.9500074895146795
RFC,HIV-1 RT,PC,1500,Entropy,0.9493708807669263
RFC,HIV-1 RT,PC,1500,Gini,0.9502696225284601
RFC,HIV-1 RT,ECFP4,100,Entropy,0.9485470341521869
RFC,HIV-1 RT,ECFP4,100,Gini,0.9474236069502695
RFC,HIV-1 RT,ECFP4,1000,Entropy,0.9489964050329539
RFC,HIV-1 RT,ECFP4,1000,Gini,0.9483223487118035
RFC,HIV-1 RT,ECFP4,2000,Entropy,0.9489964050329538
RFC,HIV-1 RT,ECFP4,2000,Gini,0.9480227681246255
RFC,HIV-1 RT,ECFP4,500,Entropy,0.9485470341521869
RFC,HIV-1 RT,ECFP4,500,Gini,0.9488466147393649
RFC,HIV-1 RT,ECFP4,1500,Entropy,0.9488466147393648
RFC,HIV-1 RT,ECFP4,1500,Gini,0.9486219292989815
RFC,HIV-1 RT,MIX,100,Entropy,0.946412522468544
RFC,HIV-1 RT,MIX,100,Gini,0.9465248651887358
RFC,HIV-1 RT,MIX,1000,Entropy,0.946861893349311
RFC,HIV-1 RT,MIX,1000,Gini,0.9468618933493109
RFC,HIV-1 RT,MIX,2000,Entropy,0.9466372079089274
RFC,HIV-1 RT,MIX,2000,Gini,0.9463750748951467
RFC,HIV-1 RT,MIX,500,Entropy,0.9472738166566806
RFC,HIV-1 RT,MIX,500,Gini,0.9470865787896945
RFC,HIV-1 RT,MIX,1500,Entropy,0.9470116836429
RFC,HIV-1 RT,MIX,1500,Gini,0.9468993409227082
