model,enzyme,descriptor,scaler,split,signature,phase,precision,recall,accuracy,f1 score,auc,mcc,descriptor_int,phase_int
mlp,IN,PC,minmax,1,sign,train,0.4677685950413223,0.446372239747634,0.5220170454545454,0.45682001614205,0.5151757839565043,0.03050428011022,1,1
mlp,IN,PC,minmax,1,sign,validation,0.4629629629629629,0.4716981132075472,0.5148936170212766,0.4672897196261682,0.511042855053386,0.0220518696642729,1,2
mlp,IN,PC,minmax,1,sign,test,0.4858757062146893,0.3963133640552995,0.5276595744680851,0.4365482233502538,0.5183147847944483,0.0376878618898488,1,3
mlp,IN,PC,minmax,2,sign,train,0.4456824512534819,0.5047318611987381,0.4943181818181818,0.4733727810650887,0.4952599874469143,-0.0094349114667809,1,1
mlp,IN,PC,minmax,2,sign,validation,0.4420600858369098,0.4858490566037736,0.4914893617021276,0.4629213483146067,0.4909865438057628,-0.0179410145322211,1,2
mlp,IN,PC,minmax,2,sign,test,0.419811320754717,0.4101382488479262,0.4659574468085106,0.4149184149184149,0.4619861204713938,-0.0761701014054765,1,3
mlp,IN,PC,minmax,3,sign,train,0.4605954465849387,0.4141732283464567,0.517388218594748,0.4361525704809287,0.5081202059044945,0.0164594120269025,1,1
mlp,IN,PC,minmax,3,sign,validation,0.5114942528735632,0.4218009478672986,0.55863539445629,0.4623376623376623,0.5461717917631067,0.0950981727801671,1,2
mlp,IN,PC,minmax,3,sign,test,0.4705882352941176,0.3317972350230415,0.5191489361702127,0.3891891891891892,0.5058195661281215,0.012383271195101,1,3
mlp,IN,PC,minmax,4,sign,train,0.4837209302325581,0.4913385826771653,0.5344215755855216,0.4875,0.5305530122688152,0.0610259904174456,1,1
mlp,IN,PC,minmax,4,sign,validation,0.4010152284263959,0.3744075829383886,0.4669509594882729,0.3872549019607843,0.4585216209265587,-0.083615210517982,1,2
mlp,IN,PC,minmax,4,sign,test,0.4861878453038674,0.4055299539170507,0.5276595744680851,0.4422110552763819,0.5189705105553634,0.0388696771687268,1,3
mlp,IN,PC,std,1,sign,train,0.4587458745874587,0.4384858044164038,0.5142045454545454,0.4483870967741935,0.5073565972986411,0.0147842259749938,1,1
mlp,IN,PC,std,1,sign,validation,0.4356435643564356,0.4150943396226415,0.4936170212765957,0.4251207729468599,0.4866169372531812,-0.0269042079771335,1,2
mlp,IN,PC,std,1,sign,test,0.4210526315789473,0.3686635944700461,0.474468085106383,0.3931203931203931,0.4669404928871969,-0.0671677315840402,1,3
mlp,IN,PC,std,2,sign,train,0.4545454545454545,0.4022082018927445,0.5134943181818182,0.4267782426778242,0.503429682341721,0.0069706915618774,1,1
mlp,IN,PC,std,2,sign,validation,0.4974874371859296,0.4669811320754717,0.5468085106382978,0.4817518248175182,0.5396921164253328,0.0799467570972133,1,2
mlp,IN,PC,std,2,sign,test,0.4772727272727273,0.3870967741935484,0.5212765957446809,0.4274809160305343,0.5117302052785925,0.0241654972731384,1,3
mlp,IN,PC,std,3,sign,train,0.4256880733944954,0.3653543307086614,0.4918381831085876,0.3932203389830508,0.4804807829253901,-0.039883623712142,1,1
mlp,IN,PC,std,3,sign,validation,0.4720496894409938,0.3601895734597156,0.5309168443496801,0.4086021505376344,0.5153661045593152,0.0322000513345926,1,2
mlp,IN,PC,std,3,sign,test,0.45,0.2903225806451613,0.5085106382978724,0.3529411764705882,0.4929873772791023,-0.0152890186309189,1,3
mlp,IN,PC,std,4,sign,train,0.4771480804387568,0.4110236220472441,0.531582682753726,0.4416243654822335,0.5207572890597977,0.0423848524657239,1,1
mlp,IN,PC,std,4,sign,validation,0.4105263157894737,0.3696682464454976,0.4776119402985074,0.3890274314214463,0.4677798596568573,-0.0653024690398112,1,2
mlp,IN,PC,std,4,sign,test,0.4394904458598726,0.3179723502304147,0.4978723404255319,0.3689839572192513,0.4850731316369465,-0.0315549016625154,1,3
mlp,IN,ECFP4,minmax,1,sign,train,0.4773413897280967,0.4984227129337539,0.5284090909090909,0.4876543209876543,0.525697144580572,0.0512308503464742,2,1
mlp,IN,ECFP4,minmax,1,sign,validation,0.4497816593886463,0.4858490566037736,0.5,0.4671201814058957,0.4987384817902589,-0.0025117420740843,2,2
mlp,IN,ECFP4,minmax,1,sign,test,0.4393939393939394,0.4009216589861751,0.4872340425531914,0.4192771084337349,0.4810932405602812,-0.038178615440427,2,3
mlp,IN,ECFP4,minmax,2,sign,train,0.4447806354009077,0.4637223974763407,0.4978693181818182,0.4540540540540541,0.4947810953789973,-0.0104055115160286,2,1
mlp,IN,ECFP4,minmax,2,sign,validation,0.4605263157894737,0.4952830188679245,0.5106382978723404,0.4772727272727273,0.5092694164107064,0.0184580179954051,2,2
mlp,IN,ECFP4,minmax,2,sign,test,0.4717948717948718,0.423963133640553,0.5148936170212766,0.4466019417475728,0.5084242545673121,0.0170477847268714,2,3
mlp,IN,ECFP4,minmax,3,sign,train,0.4365733113673805,0.4173228346456692,0.4946770759403832,0.4267310789049919,0.4877311847646951,-0.0246551946244537,2,1
mlp,IN,ECFP4,minmax,3,sign,validation,0.4536585365853658,0.4407582938388625,0.509594882729211,0.4471153846153846,0.5033248833535398,0.0066692745471505,2,2
mlp,IN,ECFP4,minmax,3,sign,test,0.4827586206896552,0.3870967741935484,0.5255319148936171,0.4296675191815857,0.5156827744485529,0.0323834071321581,2,3
mlp,IN,ECFP4,minmax,4,sign,train,0.4833625218914185,0.4346456692913386,0.5358410220014195,0.4577114427860697,0.5267543591934729,0.0542302777368467,2,1
mlp,IN,ECFP4,minmax,4,sign,validation,0.4540229885057471,0.3744075829383886,0.5159914712153518,0.4103896103896104,0.5030952643374114,0.0063751908149823,2,2
mlp,IN,ECFP4,minmax,4,sign,test,0.497005988023952,0.3824884792626728,0.5361702127659574,0.4322916666666667,0.5252363344929964,0.0525734949128189,2,3
mlp,IN,ECFP4,std,1,sign,train,0.4615384615384615,0.4826498422712933,0.5134943181818182,0.471858134155744,0.5107047660968871,0.0213396546431967,2,1
mlp,IN,ECFP4,std,1,sign,validation,0.4166666666666667,0.4481132075471698,0.4680851063829787,0.4318181818181818,0.4663046657890888,-0.06709689776239,2,2
mlp,IN,ECFP4,std,1,sign,test,0.4213197969543147,0.3824884792626728,0.4723404255319149,0.4009661835748792,0.4659477969435893,-0.0688098959352337,2,3
mlp,IN,ECFP4,std,2,sign,train,0.4411247803163444,0.3958990536277602,0.5021306818181818,0.4172901080631754,0.4925231702247328,-0.015160917501456,2,1
mlp,IN,ECFP4,std,2,sign,validation,0.4558823529411764,0.4386792452830189,0.5106382978723404,0.4471153846153846,0.504223343571742,0.0084802428634721,2,2
mlp,IN,ECFP4,std,2,sign,test,0.4833333333333333,0.4009216589861751,0.5255319148936171,0.4382871536523929,0.5166663630899254,0.0341842228259348,2,3
mlp,IN,ECFP4,std,3,sign,train,0.4420062695924764,0.4440944881889764,0.49680624556423,0.4430479183032207,0.4920730838877699,-0.0158472559572419,2,1
mlp,IN,ECFP4,std,3,sign,validation,0.4325581395348837,0.4407582938388625,0.488272921108742,0.4366197183098591,0.4839450383922995,-0.0320593165279766,2,2
mlp,IN,ECFP4,std,3,sign,test,0.4715025906735751,0.4193548387096774,0.5148936170212766,0.4439024390243902,0.5080963916868546,0.0164094148415489,2,3
mlp,IN,ECFP4,std,4,sign,train,0.4901256732495511,0.4299212598425196,0.5415188076650106,0.4580536912751677,0.5314980976215182,0.0641097773119856,2,1
mlp,IN,ECFP4,std,4,sign,validation,0.5029239766081871,0.4075829383886256,0.5522388059701493,0.450261780104712,0.5390627870237702,0.0807491788921578,2,2
mlp,IN,ECFP4,std,4,sign,test,0.5238095238095238,0.4055299539170507,0.5553191489361702,0.4571428571428571,0.5446622101601064,0.0929185067107471,2,3
mlp,IN,MIX,minmax,1,sign,train,0.8765060240963856,0.917981072555205,0.9048295454545454,0.8967642526964561,0.9060189600502124,0.8093211910367101,3,1
mlp,IN,MIX,minmax,1,sign,validation,0.7296137339055794,0.8018867924528302,0.776595744680851,0.7640449438202247,0.7788503729706011,0.5550433136824284,3,2
mlp,IN,MIX,minmax,1,sign,test,0.8491379310344828,0.9078341013824884,0.8829787234042553,0.8775055679287305,0.8847470902169359,0.7672961096015312,3,3
mlp,IN,MIX,minmax,2,sign,train,0.9435114503816794,0.9747634069400632,0.9623579545454546,0.9588828549262994,0.9634798946845018,0.924608467713131,3,1
mlp,IN,MIX,minmax,2,sign,validation,0.7707509881422925,0.9198113207547168,0.8404255319148937,0.8387096774193549,0.8475025596021647,0.6937063332122149,3,2
mlp,IN,MIX,minmax,2,sign,test,0.8340248962655602,0.9262672811059908,0.8808510638297873,0.8777292576419214,0.8840822571537859,0.7661575857906332,3,3
mlp,IN,MIX,minmax,3,sign,train,0.8485804416403786,0.8472440944881889,0.8630234208658624,0.8479117415287628,0.8616065433681255,0.7233161116888408,3,1
mlp,IN,MIX,minmax,3,sign,validation,0.6604651162790698,0.6729857819905213,0.697228144989339,0.6666666666666666,0.6950200227782064,0.389425324850417,3,2
mlp,IN,MIX,minmax,3,sign,test,0.7816593886462883,0.8248847926267281,0.8127659574468085,0.8026905829596412,0.8136281670643523,0.6256175463417835,3,3
mlp,IN,MIX,minmax,4,sign,train,0.9814814814814816,0.8346456692913385,0.9183818310858765,0.902127659574468,0.9108628863252558,0.8409641517414765,3,1
mlp,IN,MIX,minmax,4,sign,validation,0.8925619834710744,0.5118483412322274,0.7526652452025586,0.6506024096385542,0.7307303721665013,0.5246909044631015,3,2
mlp,IN,MIX,minmax,4,sign,test,0.9452054794520548,0.6359447004608295,0.8148936170212766,0.7603305785123967,0.8021620735505729,0.6510452015026809,3,3
mlp,IN,MIX,std,1,sign,train,0.9337442218798152,0.9558359621451104,0.9495738636363636,0.9446609508963368,0.9501402032947774,0.8985653578437264,3,1
mlp,IN,MIX,std,1,sign,validation,0.7685589519650655,0.8301886792452831,0.8106382978723404,0.7981859410430839,0.8123811613280679,0.6219655808377665,3,2
mlp,IN,MIX,std,1,sign,test,0.8067226890756303,0.8847926267281107,0.8489361702127659,0.843956043956044,0.8514872224549644,0.7009663886275977,3,3
mlp,IN,MIX,std,2,sign,train,0.9773095623987034,0.9511041009463722,0.9680397727272728,0.9640287769784172,0.9665081228246072,0.9355639767572432,3,1
mlp,IN,MIX,std,2,sign,validation,0.7941176470588235,0.8915094339622641,0.8468085106382979,0.84,0.8507934766710544,0.6982755198344572,3,2
mlp,IN,MIX,std,2,sign,test,0.9,0.8294930875576036,0.8787234042553191,0.8633093525179856,0.8752208520791971,0.756676434240993,3,3
mlp,IN,MIX,std,3,sign,train,0.968342644320298,0.8188976377952756,0.9063165365507452,0.8873720136518771,0.8984669067529348,0.8164586824131568,3,1
mlp,IN,MIX,std,3,sign,validation,0.8,0.5687203791469194,0.7420042643923241,0.6648199445983379,0.7262206546897388,0.4825833791881813,3,2
mlp,IN,MIX,std,3,sign,test,0.9444444444444444,0.7050691244239631,0.8446808510638298,0.8073878627968337,0.8347480009471594,0.7022718328576052,3,3
mlp,IN,MIX,std,4,sign,train,0.964349376114082,0.8519685039370078,0.9190915542938254,0.9046822742474916,0.9130643553276772,0.8397029942193751,3,1
mlp,IN,MIX,std,4,sign,validation,0.9013157894736842,0.6492890995260664,0.8102345415778252,0.7548209366391184,0.7955747823211728,0.6283433593972257,3,2
mlp,IN,MIX,std,4,sign,test,0.9316770186335404,0.6912442396313364,0.8340425531914893,0.7936507936507936,0.8238829893808856,0.680481126825133,3,3
mlp,PR,PC,minmax,1,sign,train,0.9298952457695407,1.0,0.9298952457695407,0.9636743215031316,0.5,0.0,1,1
mlp,PR,PC,minmax,1,sign,validation,0.929951690821256,1.0,0.929951690821256,0.9637046307884856,0.5,0.0,1,2
mlp,PR,PC,minmax,1,sign,test,0.9178743961352656,1.0,0.9178743961352656,0.9571788413098236,0.5,0.0,1,3
mlp,PR,PC,minmax,2,sign,train,0.9320066334991708,0.974003466204506,0.9097502014504432,0.952542372881356,0.5157373652861611,0.0485419116891944,1,1
mlp,PR,PC,minmax,2,sign,validation,0.9282178217821784,0.974025974025974,0.9057971014492754,0.9505703422053232,0.487012987012987,-0.0431795340584155,1,2
mlp,PR,PC,minmax,2,sign,test,0.9203980099502488,0.9736842105263158,0.8985507246376812,0.9462915601023018,0.5162538699690403,0.0532003370784035,1,3
mlp,PR,PC,minmax,3,sign,train,0.9298952457695407,1.0,0.9298952457695407,0.9636743215031316,0.5,0.0,1,1
mlp,PR,PC,minmax,3,sign,validation,0.929951690821256,1.0,0.929951690821256,0.9637046307884856,0.5,0.0,1,2
mlp,PR,PC,minmax,3,sign,test,0.9178743961352656,1.0,0.9178743961352656,0.9571788413098236,0.5,0.0,1,3
mlp,PR,PC,minmax,4,sign,train,0.9286307053941908,0.9688311688311688,0.9017713365539451,0.9483050847457628,0.490162710852366,-0.029536679150989,1,1
mlp,PR,PC,minmax,4,sign,validation,0.9278350515463918,0.9375,0.87409200968523,0.932642487046632,0.4859913793103448,-0.0300195457123824,1,2
mlp,PR,PC,minmax,4,sign,test,0.9164556962025316,0.9526315789473684,0.8768115942028986,0.9341935483870968,0.4910216718266253,-0.023560330576519,1,3
mlp,PR,PC,std,1,sign,train,0.9308283518360376,0.9445407279029464,0.8831587429492345,0.9376344086021504,0.5067531225721629,0.0149475388639197,1,1
mlp,PR,PC,std,1,sign,validation,0.9341772151898734,0.9584415584415584,0.8985507246376812,0.946153846153846,0.5309449171518137,0.0754872032550596,1,2
mlp,PR,PC,std,1,sign,test,0.9156010230179028,0.9421052631578948,0.8671497584541062,0.9286640726329444,0.4857585139318885,-0.0341400588287064,1,3
mlp,PR,PC,std,2,sign,train,0.9317988064791134,0.9471403812824956,0.8863819500402901,0.9394069617533304,0.5138000756987191,0.0309649606645347,1,1
mlp,PR,PC,std,2,sign,validation,0.9276807980049876,0.9662337662337662,0.8985507246376812,0.9465648854961832,0.4831168831168831,-0.049416060955433,1,2
mlp,PR,PC,std,2,sign,test,0.917948717948718,0.9421052631578948,0.8695652173913043,0.9298701298701298,0.5004643962848297,0.0010912193659808,1,3
mlp,PR,PC,std,3,sign,train,0.9308283518360376,0.9445407279029464,0.8831587429492345,0.9376344086021504,0.5067531225721629,0.0149475388639197,1,1
mlp,PR,PC,std,3,sign,validation,0.9289340101522844,0.9506493506493506,0.8864734299516909,0.9396662387676508,0.4925660546350201,-0.0176976505552086,1,2
mlp,PR,PC,std,3,sign,test,0.9153846153846154,0.9394736842105263,0.8647342995169082,0.9272727272727272,0.4844427244582043,-0.0365558487603576,1,3
mlp,PR,PC,std,4,sign,train,0.9275979557069848,0.9428571428571428,0.8784219001610306,0.935165306998712,0.4829228243021346,-0.0383184696408879,1,1
mlp,PR,PC,std,4,sign,validation,0.9306666666666666,0.9088541666666666,0.8523002421307506,0.919631093544137,0.5061512212643678,0.0108754822484299,1,2
mlp,PR,PC,std,4,sign,test,0.9149484536082474,0.9342105263157896,0.8599033816425121,0.9244791666666666,0.4818111455108359,-0.0411684071805472,1,3
mlp,PR,ECFP4,minmax,1,sign,train,0.9324675324675324,0.9332755632582322,0.8751007252215954,0.9328713728886964,0.5183619195601505,0.0369207393346711,2,1
mlp,PR,ECFP4,minmax,1,sign,validation,0.926208651399491,0.9454545454545454,0.8792270531400966,0.93573264781491,0.4727272727272727,-0.0634427509723282,2,2
mlp,PR,ECFP4,minmax,1,sign,test,0.9147286821705426,0.9315789473684212,0.857487922705314,0.9230769230769232,0.4804953560371517,-0.0433772399689102,2,3
mlp,PR,ECFP4,minmax,2,sign,train,0.9321148825065274,0.9280762564991336,0.8702659145850121,0.9300911854103344,0.5157622661806012,0.0307225497113059,2,1
mlp,PR,ECFP4,minmax,2,sign,validation,0.9307692307692308,0.9428571428571428,0.8816425120772947,0.9367741935483872,0.5059113300492611,0.012912390247442,2,2
mlp,PR,ECFP4,minmax,2,sign,test,0.9145077720207254,0.9289473684210526,0.855072463768116,0.9216710182767625,0.4791795665634675,-0.0455279767513505,2,3
mlp,PR,ECFP4,minmax,3,sign,train,0.9283865401207938,0.9324090121317158,0.8702659145850121,0.9303934284479032,0.4891930118129843,-0.0222151146511434,2,1
mlp,PR,ECFP4,minmax,3,sign,validation,0.9309462915601024,0.9454545454545454,0.8840579710144928,0.9381443298969072,0.5072100313479624,0.0160673485743096,2,2
mlp,PR,ECFP4,minmax,3,sign,test,0.9140625,0.9236842105263158,0.8502415458937198,0.918848167539267,0.476547987616099,-0.0496723981323925,2,3
mlp,PR,ECFP4,minmax,4,sign,train,0.931180968564146,0.9489177489177488,0.8872785829307569,0.9399656946826758,0.5089416330795642,0.0204952183226377,2,1
mlp,PR,ECFP4,minmax,4,sign,validation,0.9313984168865436,0.9192708333333334,0.8619854721549637,0.9252948885976408,0.5113595545977012,0.021120142618249,2,2
mlp,PR,ECFP4,minmax,4,sign,test,0.9151670951156812,0.936842105263158,0.8623188405797102,0.9258777633289988,0.4831269349845201,-0.0388964913313768,2,3
mlp,PR,ECFP4,std,1,sign,train,0.9343257443082312,0.9246100519930676,0.8694601128122482,0.9294425087108014,0.5312705432379131,0.0589355448790555,2,1
mlp,PR,ECFP4,std,1,sign,validation,0.9285714285714286,0.9454545454545454,0.8816425120772947,0.9369369369369368,0.4899686520376175,-0.0228278116572488,2,2
mlp,PR,ECFP4,std,1,sign,test,0.9234828496042216,0.9210526315789472,0.857487922705314,0.922266139657444,0.5340557275541795,0.0672198885629923,2,3
mlp,PR,ECFP4,std,2,sign,train,0.9314697926059512,0.8951473136915078,0.8412570507655117,0.9129474149359258,0.5107920476503516,0.0178749008674686,2,1
mlp,PR,ECFP4,std,2,sign,validation,0.9361702127659576,0.9142857142857144,0.8623188405797102,0.9250985545335084,0.5433497536945813,0.0766408429603961,2,2
mlp,PR,ECFP4,std,2,sign,test,0.9197860962566844,0.9052631578947368,0.8405797101449275,0.9124668435013262,0.5114551083591332,0.0212909312442908,2,3
mlp,PR,ECFP4,std,3,sign,train,0.9325842696629212,0.9350086655112652,0.8767123287671232,0.9337948939852876,0.519228470686667,0.0390868748622966,2,1
mlp,PR,ECFP4,std,3,sign,validation,0.9307692307692308,0.9428571428571428,0.8816425120772947,0.9367741935483872,0.5059113300492611,0.012912390247442,2,2
mlp,PR,ECFP4,std,3,sign,test,0.916010498687664,0.9184210526315788,0.8478260869565217,0.9172141918528252,0.4886222910216718,-0.0230672921370495,2,3
mlp,PR,ECFP4,std,4,sign,train,0.9315654405474764,0.9428571428571428,0.8824476650563607,0.9371772805507744,0.5116584564860427,0.0253018912366007,2,1
mlp,PR,ECFP4,std,4,sign,validation,0.9329758713136728,0.90625,0.8523002421307506,0.9194187582562748,0.5220905172413793,0.0381694656447846,2,2
mlp,PR,ECFP4,std,4,sign,test,0.9194805194805196,0.9315789473684212,0.8623188405797102,0.9254901960784314,0.5099071207430341,0.0213147059070183,2,3
mlp,PR,MIX,minmax,1,sign,train,0.9974003466204506,0.9974003466204506,0.9951651893634166,0.9974003466204506,0.9814587939998805,0.9629175879997608,3,1
mlp,PR,MIX,minmax,1,sign,validation,0.9742268041237112,0.9818181818181818,0.9589371980676328,0.9780077619663649,0.8184952978056427,0.6701312141439537,3,2
mlp,PR,MIX,minmax,1,sign,test,0.96875,0.9789473684210528,0.9516908212560388,0.9738219895287958,0.8130030959752321,0.6629543829947039,3,3
mlp,PR,MIX,minmax,2,sign,train,0.9888412017167382,0.9982668977469672,0.9879129734085416,0.9935316946959896,0.9244208051953224,0.9038980146954156,3,1
mlp,PR,MIX,minmax,2,sign,validation,0.9671717171717172,0.9948051948051948,0.9637681159420288,0.9807938540332908,0.7732646663681146,0.6840045554030141,3,2
mlp,PR,MIX,minmax,2,sign,test,0.9496221662468514,0.9921052631578948,0.9444444444444444,0.9703989703989704,0.7019349845201237,0.5587957622199244,3,3
mlp,PR,MIX,minmax,3,sign,train,0.9880034275921166,0.9991334488734837,0.9879129734085416,0.993537268418785,0.9191069543217992,0.9037870323331656,3,1
mlp,PR,MIX,minmax,3,sign,validation,0.941031941031941,0.9948051948051948,0.9371980676328504,0.9671717171717172,0.5836094939543215,0.331031048514914,3,2
mlp,PR,MIX,minmax,3,sign,test,0.9333333333333332,0.9947368421052633,0.929951690821256,0.9630573248407645,0.6003095975232198,0.3777069481750241,3,3
mlp,PR,MIX,minmax,4,sign,train,1.0,0.9974025974025974,0.997584541062802,0.9986996098829648,0.9987012987012986,0.981914377201925,3,1
mlp,PR,MIX,minmax,4,sign,validation,0.9794344473007712,0.9921875,0.973365617433414,0.9857697283311772,0.8581627155172414,0.782338241269999,3,2
mlp,PR,MIX,minmax,4,sign,test,0.9635416666666666,0.9736842105263158,0.9420289855072465,0.9685863874345548,0.7809597523219814,0.5950851657445042,3,3
mlp,PR,MIX,std,1,sign,train,0.9991341991341992,1.0,0.999194198227236,0.9995669120831528,0.9942528735632185,0.9938057647220232,3,1
mlp,PR,MIX,std,1,sign,validation,0.9618320610687024,0.9818181818181818,0.9468599033816424,0.9717223650385604,0.7322884012539185,0.5403572237987952,3,2
mlp,PR,MIX,std,1,sign,test,0.9712041884816754,0.9763157894736842,0.9516908212560388,0.973753280839895,0.8263931888544893,0.6711130273538807,3,3
mlp,PR,MIX,std,2,sign,train,0.9991341991341992,1.0,0.999194198227236,0.9995669120831528,0.9942528735632185,0.9938057647220232,3,1
mlp,PR,MIX,std,2,sign,validation,0.9598997493734336,0.9948051948051948,0.9565217391304348,0.9770408163265306,0.7215405284370802,0.6051742899328544,3,2
mlp,PR,MIX,std,2,sign,test,0.9664948453608248,0.986842105263158,0.9565217391304348,0.9765625,0.8022445820433437,0.68409629804271,3,3
mlp,PR,MIX,std,3,sign,train,1.0,0.9878682842287696,0.9887187751813054,0.993897122929381,0.9939341421143848,0.9224619487062434,3,1
mlp,PR,MIX,std,3,sign,validation,0.9738219895287958,0.9662337662337662,0.9444444444444444,0.970013037809648,0.8107030900134348,0.5938794001338482,3,2
mlp,PR,MIX,std,3,sign,test,0.978494623655914,0.9578947368421052,0.9420289855072465,0.9680851063829788,0.8613003095975231,0.6571030319308911,3,3
mlp,PR,MIX,std,4,sign,train,1.0,0.9948051948051948,0.9951690821256038,0.9973958333333334,0.9974025974025974,0.964688661950156,3,1
mlp,PR,MIX,std,4,sign,validation,0.9769820971867008,0.9947916666666666,0.973365617433414,0.9858064516129031,0.84222341954023,0.7787617532604117,3,2
mlp,PR,MIX,std,4,sign,test,0.9707446808510638,0.9605263157894736,0.9371980676328504,0.9656084656084656,0.8184984520123839,0.6057352639355519,3,3
mlp,RT,PC,minmax,1,sign,train,0.7002849002849003,0.8636683063949403,0.6403596403596403,0.7734424166142227,0.4776027196914252,-0.0617561162274685,1,1
mlp,RT,PC,minmax,1,sign,validation,0.6919104991394148,0.8463157894736842,0.6227544910179641,0.7613636363636364,0.4594273247886556,-0.1092801813096568,1,2
mlp,RT,PC,minmax,1,sign,test,0.735593220338983,0.8628230616302187,0.6631736526946108,0.7941445562671546,0.4586842580878366,-0.1109681150460421,1,3
mlp,RT,PC,minmax,2,sign,train,0.6995073891625616,0.8981026001405481,0.6533466533466533,0.7864615384615384,0.4749580358215693,-0.0803992170558942,1,1
mlp,RT,PC,minmax,2,sign,validation,0.6988155668358714,0.8694736842105263,0.6407185628742516,0.774859287054409,0.4735969457322061,-0.0749498072493519,1,2
mlp,RT,PC,minmax,2,sign,test,0.741042345276873,0.904572564612326,0.6901197604790419,0.8146821844225605,0.4704681004879812,-0.0934471965245545,1,3
mlp,RT,PC,minmax,3,sign,train,0.6997067448680352,0.8377808988764045,0.6290564153769346,0.7625439437519974,0.4767488259494285,-0.0592377883383091,1,1
mlp,RT,PC,minmax,3,sign,validation,0.696551724137931,0.8523206751054853,0.631184407796102,0.7666034155597723,0.4702017883299446,-0.0802443380318691,1,2
mlp,RT,PC,minmax,3,sign,test,0.7406143344709898,0.8628230616302187,0.6691616766467066,0.7970615243342516,0.4708054702090487,-0.0767364512498891,1,3
mlp,RT,PC,minmax,4,sign,train,0.6936679977181974,0.8539325842696629,0.6280579131303046,0.7655020459553038,0.4632357221866449,-0.1008531225333738,1,1
mlp,RT,PC,minmax,4,sign,validation,0.7001703577512777,0.8670886075949367,0.6416791604197901,0.7747408105560791,0.4775857545746704,-0.06256881066904,1,2
mlp,RT,PC,minmax,4,sign,test,0.7305084745762712,0.856858846918489,0.6541916167664671,0.7886550777676121,0.4466112416410627,-0.1433944933709573,1,3
mlp,RT,PC,std,1,sign,train,0.7015810276679841,0.7484188334504568,0.5949050949050949,0.7242434546072765,0.4830177068806688,-0.0359674371700096,1,1
mlp,RT,PC,std,1,sign,validation,0.6933867735470942,0.728421052631579,0.5778443113772455,0.7104722792607803,0.4678374693209708,-0.0670674884810228,1,2
mlp,RT,PC,std,1,sign,test,0.7384615384615385,0.7634194831013916,0.6182634730538922,0.750733137829912,0.4695885294294837,-0.0631627240955916,1,3
mlp,RT,PC,std,2,sign,train,0.7007203667321545,0.7519325368938862,0.5954045954045954,0.7254237288135593,0.4813203271688774,-0.0398175624288872,1,1
mlp,RT,PC,std,2,sign,validation,0.7114228456913828,0.7473684210526316,0.6047904191616766,0.728952772073922,0.500627215707663,0.0013079126971879,1,2
mlp,RT,PC,std,2,sign,test,0.7283464566929134,0.73558648111332,0.594311377245509,0.731948565776459,0.4496114223748418,-0.1018347993549646,1,3
mlp,RT,PC,std,3,sign,train,0.7006410256410256,0.7675561797752809,0.6015976035946081,0.732573726541555,0.4804965700258097,-0.0426060335724398,1,1
mlp,RT,PC,std,3,sign,validation,0.7039106145251397,0.7974683544303798,0.6176911544227887,0.7477744807121661,0.486817078769594,-0.0301821837742497,1,2
mlp,RT,PC,std,3,sign,test,0.7401869158878505,0.7872763419483101,0.6317365269461078,0.7630057803468208,0.4724260497620338,-0.0595596636216109,1,3
mlp,RT,PC,std,4,sign,train,0.6945843828715366,0.7745786516853933,0.5976035946080879,0.7324037184594954,0.4684637645300887,-0.0705480192024479,1,1
mlp,RT,PC,std,4,sign,validation,0.6867924528301886,0.7679324894514767,0.5862068965517241,0.7250996015936255,0.4539144312542358,-0.1034581132896865,1,2
mlp,RT,PC,std,4,sign,test,0.7291280148423006,0.7813121272365805,0.6167664670658682,0.7543186180422264,0.4482318211940478,-0.1131174508142762,1,3
mlp,RT,ECFP4,minmax,1,sign,train,0.7011795543905636,0.7519325368938862,0.5959040959040959,0.7256697185486606,0.4821838850272539,-0.0379493193648212,2,1
mlp,RT,ECFP4,minmax,1,sign,validation,0.6871287128712872,0.7305263157894737,0.5718562874251497,0.7081632653061225,0.4559367330242705,-0.0930020791124321,2,2
mlp,RT,ECFP4,minmax,1,sign,test,0.7291242362525459,0.7117296222664016,0.5838323353293413,0.7203219315895373,0.4528345081028977,-0.0921834481876747,2,3
mlp,RT,ECFP4,minmax,2,sign,train,0.7025974025974026,0.7603654251581167,0.6008991008991009,0.7303408707391158,0.4846732134426162,-0.0329868988516485,2,1
mlp,RT,ECFP4,minmax,2,sign,validation,0.7131313131313132,0.7431578947368421,0.6047904191616766,0.7278350515463917,0.5037032997000273,0.0076633500503833,2,2
mlp,RT,ECFP4,minmax,2,sign,test,0.7247524752475247,0.7276341948310139,0.5868263473053892,0.7261904761904762,0.4426049762033858,-0.1152632097635833,2,3
mlp,RT,ECFP4,minmax,3,sign,train,0.7102330293819655,0.9845505617977528,0.7034448327508737,0.8251912889935256,0.498320185907512,-0.0127500802844104,2,1
mlp,RT,ECFP4,minmax,3,sign,validation,0.7114803625377644,0.9936708860759492,0.7091454272863568,0.829225352112676,0.5020167901882338,0.0212053060033051,2,2
mlp,RT,ECFP4,minmax,3,sign,test,0.7518910741301059,0.9880715705765408,0.7455089820359282,0.8539518900343642,0.4970660883185734,-0.0248515365992563,2,3
mlp,RT,ECFP4,minmax,4,sign,train,0.6893810335036911,0.8525280898876404,0.6220668996505242,0.7623233908948195,0.4538978964118685,-0.1282500825796384,2,1
mlp,RT,ECFP4,minmax,4,sign,validation,0.6908783783783784,0.8628691983122363,0.6281859070464768,0.7673545966228893,0.4573413349074134,-0.1224654540455318,2,2
mlp,RT,ECFP4,minmax,4,sign,test,0.7294520547945206,0.8469184890656064,0.6482035928143712,0.7838086476540939,0.4446713657449244,-0.1439328231327372,2,3
mlp,RT,ECFP4,std,1,sign,train,0.7025016903313049,0.7301475755446241,0.5884115884115884,0.7160578911095796,0.4851083300866471,-0.0307383249397576,2,1
mlp,RT,ECFP4,std,1,sign,validation,0.6942148760330579,0.7073684210526315,0.5703592814371258,0.7007299270072993,0.4702645214071448,-0.060339095476092,2,2
mlp,RT,ECFP4,std,1,sign,test,0.731404958677686,0.7037773359840954,0.5823353293413174,0.7173252279635258,0.4579492740526538,-0.0811891258889084,2,3
mlp,RT,ECFP4,std,2,sign,train,0.7003484320557491,0.7062543921293043,0.5764235764235764,0.7032890132960112,0.4817973169627523,-0.0366344481955219,2,1
mlp,RT,ECFP4,std,2,sign,validation,0.7057522123893806,0.671578947368421,0.5673652694610778,0.6882416396979504,0.4912298881919825,-0.0169966954266509,2,2
mlp,RT,ECFP4,std,2,sign,test,0.7211328976034859,0.658051689860835,0.5508982035928144,0.6881496881496881,0.4411470570516296,-0.1094824882294755,2,3
mlp,RT,ECFP4,std,3,sign,train,0.7073342736248237,0.7043539325842697,0.582626060908637,0.7058409570724842,0.4938004550658826,-0.0123614106997997,2,1
mlp,RT,ECFP4,std,3,sign,validation,0.7178423236514523,0.729957805907173,0.6041979010494752,0.7238493723849372,0.5126472967359699,0.0256204141609654,2,2
mlp,RT,ECFP4,std,3,sign,test,0.7230769230769231,0.6540755467196819,0.5508982035928144,0.6868475991649269,0.4452195915416591,-0.101387806290198,2,3
mlp,RT,ECFP4,std,4,sign,train,0.6974879743452699,0.9164325842696628,0.6580129805292062,0.7921092564491654,0.4694425442937261,-0.1116651371668414,2,1
mlp,RT,ECFP4,std,4,sign,validation,0.6995305164319249,0.9430379746835444,0.671664167916042,0.8032345013477089,0.4741096609169017,-0.1170863087337489,2,2
mlp,RT,ECFP4,std,4,sign,test,0.7364217252396166,0.9165009940357852,0.6901197604790419,0.816651904340124,0.4582504970178926,-0.1483527011424284,2,3
mlp,RT,MIX,minmax,1,sign,train,0.9768258426966292,0.977512297962052,0.9675324675324676,0.9771689497716894,0.9602587396546012,0.9209898788880936,3,1
mlp,RT,MIX,minmax,1,sign,validation,0.8509316770186336,0.8652631578947368,0.7964071856287425,0.8580375782881002,0.746103081538042,0.4985550010775729,3,2
mlp,RT,MIX,minmax,1,sign,test,0.8959183673469387,0.8727634194831014,0.8278443113772455,0.8841893252769386,0.7818362551960962,0.5498506955960508,3,3
mlp,RT,MIX,minmax,2,sign,train,0.9836531627576404,0.9725931131412509,0.9690309690309692,0.9780918727915194,0.9664347258279656,0.9254587628105784,3,1
mlp,RT,MIX,minmax,2,sign,validation,0.841541755888651,0.8273684210526315,0.7664670658682635,0.8343949044585988,0.7219743659667301,0.4387345237934251,3,2
mlp,RT,MIX,minmax,2,sign,test,0.8819875776397516,0.8469184890656064,0.7994011976047904,0.8640973630831643,0.7507319718055305,0.483288261517429,3,3
mlp,RT,MIX,minmax,3,sign,train,0.9797344514325648,0.9845505617977528,0.9745381927109336,0.9821366024518388,0.9672321030059576,0.9378623807680914,3,1
mlp,RT,MIX,minmax,3,sign,validation,0.8166311300639659,0.8080168776371308,0.7346326836581709,0.8123011664899258,0.6812105113574255,0.3597180168217683,3,2
mlp,RT,MIX,minmax,3,sign,test,0.8771929824561403,0.7952286282306164,0.7619760479041916,0.8342022940563086,0.7279173444183384,0.4223601977803272,3,3
mlp,RT,MIX,minmax,4,sign,train,0.9359573048699132,0.985252808988764,0.9415876185721418,0.9599726308587068,0.9097248500902368,0.8560526825785052,3,1
mlp,RT,MIX,minmax,4,sign,validation,0.7820738137082601,0.938818565400844,0.7706146926536732,0.8533077660594439,0.6481657593843597,0.3795565593925826,3,2
mlp,RT,MIX,minmax,4,sign,test,0.8353982300884956,0.9383697813121272,0.8143712574850299,0.8838951310861424,0.6873667088378819,0.4475128933634252,3,3
mlp,RT,MIX,std,1,sign,train,0.9894588896697118,0.9894588896697118,0.985014985014985,0.9894588896697118,0.9817760769592084,0.9635521539184164,3,1
mlp,RT,MIX,std,1,sign,validation,0.8611670020120724,0.9010526315789472,0.8263473053892215,0.8806584362139918,0.7717698391055359,0.5645214686057795,3,2
mlp,RT,MIX,std,1,sign,test,0.8982035928143712,0.8946322067594433,0.844311377245509,0.896414342629482,0.7927706488342672,0.5831850697607949,3,3
mlp,RT,MIX,std,2,sign,train,0.962707182320442,0.9796205200281096,0.9585414585414586,0.9710902124695228,0.9431781356617231,0.8982782628696377,3,1
mlp,RT,MIX,std,2,sign,validation,0.8295964125560538,0.7789473684210526,0.7290419161676647,0.8034744842562432,0.6925824925006817,0.3706195647266236,3,2
mlp,RT,MIX,std,2,sign,test,0.8571428571428571,0.8469184890656064,0.7784431137724551,0.852,0.7083077293812879,0.4117040087549237,3,3
mlp,RT,MIX,std,3,sign,train,0.9775596072931276,0.9789325842696628,0.9690464303544682,0.9782456140350876,0.9618324406667832,0.92461522162481,3,1
mlp,RT,MIX,std,3,sign,validation,0.8229166666666666,0.8333333333333334,0.7541229385307346,0.8280922431865828,0.6964594127806564,0.3966698944692785,3,2
mlp,RT,MIX,std,3,sign,test,0.8721174004192872,0.827037773359841,0.7784431137724551,0.8489795918367347,0.7286704018314356,0.4365058235063167,3,3
mlp,RT,MIX,std,4,sign,train,0.7931428571428571,0.9747191011235956,0.8012980529206191,0.8746061751732829,0.6747516058295007,0.4769426523015379,3,1
mlp,RT,MIX,std,4,sign,validation,0.7310664605873262,0.9978902953586498,0.7376311844077961,0.8438893844781445,0.5481679456067861,0.2561467244693034,3,2
mlp,RT,MIX,std,4,sign,test,0.764525993883792,0.9940357852882704,0.7649700598802395,0.8643042350907519,0.5303512259774685,0.1827592244894179,3,3
