Model,Enzyme,Descriptor,Phase,PRC,REC,ACC,F1-Score,AUC,MCC
CNN,HIV-1 IN,PC,Train,0.0,0.0,0.5497159090909091,0.0,0.5,0.0
CNN,HIV-1 IN,PC,Validation,0.0,0.0,0.548936170212766,0.0,0.5,0.0
CNN,HIV-1 IN,PC,Test,0.0,0.0,0.5382978723404256,0.0,0.5,0.0
CNN,HIV-1 IN,PC,Train,0.0,0.0,0.5497159090909091,0.0,0.5,0.0
CNN,HIV-1 IN,PC,Validation,0.0,0.0,0.548936170212766,0.0,0.5,0.0
CNN,HIV-1 IN,PC,Test,0.0,0.0,0.5382978723404256,0.0,0.5,0.0
CNN,HIV-1 IN,PC,Train,0.4467741935483871,0.4362204724409448,0.5024840312278211,0.4414342629482071,0.4965340088302915,-0.006948330125252
CNN,HIV-1 IN,PC,Validation,0.4444444444444444,0.4360189573459715,0.5010660980810234,0.4401913875598086,0.4951412616187222,-0.0097357356462953
CNN,HIV-1 IN,PC,Test,0.4639175257731959,0.4147465437788018,0.5085106382978724,0.437956204379562,0.5018396750514562,0.0037256824490851
CNN,HIV-1 IN,PC,Train,0.5303030303030303,0.2204724409448819,0.560681334279631,0.3114571746384872,0.5301328612993144,0.0768463075238893
CNN,HIV-1 IN,PC,Validation,0.3695652173913043,0.1611374407582938,0.4989339019189765,0.2244224422442244,0.4681656196039532,-0.0797650954035723
CNN,HIV-1 IN,PC,Test,0.4736842105263157,0.1658986175115207,0.5297872340425532,0.2457337883959044,0.5038979253565509,0.0105559842715372
CNN,HIV-1 IN,PC,Train,0.4388489208633093,0.4810725552050473,0.4893465909090909,0.4589917231000752,0.4885982931063996,-0.0226922630885059
CNN,HIV-1 IN,PC,Validation,0.436,0.5141509433962265,0.4808510638297872,0.4718614718614718,0.4838196577446249,-0.0322711274231959
CNN,HIV-1 IN,PC,Test,0.4524886877828054,0.4608294930875576,0.4936170212765957,0.45662100456621,0.4912843117611701,-0.0174110915808021
CNN,HIV-1 IN,PC,Train,0.4100418410041841,0.4637223974763407,0.4580965909090909,0.4352331606217616,0.458605384784682,-0.0823930070568107
CNN,HIV-1 IN,PC,Validation,0.4297520661157025,0.490566037735849,0.4765957446808511,0.4581497797356828,0.4778411584028082,-0.0441244927227437
CNN,HIV-1 IN,PC,Test,0.4363636363636363,0.4423963133640553,0.4787234042553192,0.4393592677345537,0.4761388681444782,-0.0476792943287724
CNN,HIV-1 IN,PC,Train,0.4287833827893175,0.4551181102362204,0.4811923349893541,0.4415584415584415,0.478851044782193,-0.0421310844963825
CNN,HIV-1 IN,PC,Validation,0.4343891402714932,0.4549763033175355,0.488272921108742,0.4444444444444444,0.4852400896432639,-0.0294200101942126
CNN,HIV-1 IN,PC,Test,0.482051282051282,0.4331797235023041,0.5234042553191489,0.4563106796116505,0.5169851186681481,0.0343720200168812
CNN,HIV-1 IN,PC,Train,0.4520325203252032,0.4377952755905512,0.5074520936834634,0.4448,0.5011973793973428,0.0024025437826269
CNN,HIV-1 IN,PC,Validation,0.3789473684210526,0.3412322274881517,0.4520255863539446,0.3591022443890274,0.4419339432014402,-0.1176859205443805
CNN,HIV-1 IN,PC,Test,0.4576271186440678,0.3732718894009216,0.5063829787234042,0.4111675126903553,0.496912624542358,-0.006353150263878
CNN,HIV-1 IN,ECFP4,Train,0.4745222929936306,0.4700315457413249,0.5269886363636364,0.4722662440570523,0.521837478297019,0.043713991964895
CNN,HIV-1 IN,ECFP4,Validation,0.4419642857142857,0.4669811320754717,0.4936170212765957,0.4541284403669725,0.491242504022232,-0.0174500293965398
CNN,HIV-1 IN,ECFP4,Test,0.4345549738219895,0.3824884792626728,0.4851063829787234,0.4068627450980392,0.4778055044534708,-0.04505537579867
CNN,HIV-1 IN,ECFP4,Train,0.4596273291925465,0.3501577287066246,0.5220170454545454,0.3974932855863921,0.5064742131905217,0.0135702444029061
CNN,HIV-1 IN,ECFP4,Validation,0.4715909090909091,0.3915094339622642,0.5276595744680851,0.4278350515463917,0.5155221588415972,0.0319175761602195
CNN,HIV-1 IN,ECFP4,Test,0.4647887323943662,0.304147465437788,0.5170212765957447,0.3676880222841225,0.501876104260396,0.0040737652459376
CNN,HIV-1 IN,ECFP4,Train,0.4281200631911532,0.4267716535433071,0.4847409510290986,0.4274447949526814,0.4795356975726871,-0.0409403516202654
CNN,HIV-1 IN,ECFP4,Validation,0.4232558139534884,0.4312796208530806,0.4797441364605543,0.4272300469483568,0.4753297329071604,-0.0492627712781152
CNN,HIV-1 IN,ECFP4,Test,0.4712041884816754,0.4147465437788018,0.5148936170212766,0.4411764705882353,0.5077685288063969,0.0157703059319924
CNN,HIV-1 IN,ECFP4,Train,0.5205761316872428,0.3984251968503937,0.5635202271114266,0.4513826940231936,0.5486958025595638,0.1019435801263017
CNN,HIV-1 IN,ECFP4,Validation,0.4900662251655629,0.3507109004739336,0.5437100213219617,0.4088397790055249,0.5261306440354165,0.0556453856279074
CNN,HIV-1 IN,ECFP4,Test,0.5194805194805194,0.3686635944700461,0.551063829787234,0.431266846361186,0.5380867379464855,0.080907726785926
CNN,HIV-1 IN,ECFP4,Train,0.4634146341463415,0.4195583596214511,0.5198863636363636,0.4403973509933774,0.5108127715419917,0.0218949098066622
CNN,HIV-1 IN,ECFP4,Validation,0.4029850746268656,0.3820754716981132,0.4659574468085106,0.3922518159806295,0.4584795963141729,-0.0835209023454364
CNN,HIV-1 IN,ECFP4,Test,0.4069767441860465,0.3225806451612903,0.4702127659574468,0.3598971722365038,0.4597092949126609,-0.0833974238159734
CNN,HIV-1 IN,ECFP4,Train,0.4411764705882353,0.3785488958990536,0.5042613636363636,0.4074702886247878,0.4928920190089583,-0.0145256321416028
CNN,HIV-1 IN,ECFP4,Validation,0.4723618090452261,0.4433962264150943,0.5255319148936171,0.4574209245742092,0.5182097411145239,0.0366775541542259
CNN,HIV-1 IN,ECFP4,Test,0.4739884393063583,0.3778801843317972,0.5191489361702127,0.4205128205128205,0.509098194932697,0.0188093628508868
CNN,HIV-1 IN,ECFP4,Train,0.4421641791044776,0.3732283464566929,0.5053229240596168,0.4047822374039282,0.4934617184479846,-0.0134017477781544
CNN,HIV-1 IN,ECFP4,Validation,0.4559585492227979,0.4170616113744075,0.5138592750533049,0.4356435643564356,0.5050424335941804,0.0101950196759141
CNN,HIV-1 IN,ECFP4,Test,0.4550561797752809,0.3732718894009216,0.5042553191489362,0.410126582278481,0.4949363399573778,-0.0104083823408261
CNN,HIV-1 IN,ECFP4,Train,0.4650793650793651,0.4614173228346456,0.518097941802697,0.4632411067193676,0.51300840301939,0.0260358834426551
CNN,HIV-1 IN,ECFP4,Validation,0.4507042253521127,0.4549763033175355,0.5053304904051172,0.4528301886792453,0.5007439656122562,0.001486702781208
CNN,HIV-1 IN,ECFP4,Test,0.4673366834170854,0.4285714285714285,0.5106382978723404,0.4471153846153846,0.5047995482778092,0.0096852158493703
CNN,HIV-1 IN,MIX,Train,0.8809523809523809,0.7003154574132492,0.8224431818181818,0.7803163444639719,0.8113980387841441,0.646340685473216
CNN,HIV-1 IN,MIX,Validation,0.8260869565217391,0.6273584905660378,0.7723404255319148,0.7131367292225201,0.759415679391546,0.5440161882966705
CNN,HIV-1 IN,MIX,Test,0.9166666666666666,0.6082949308755761,0.7936170212765957,0.7313019390581718,0.7804320504180252,0.6065375944345918
CNN,HIV-1 IN,MIX,Train,0.8939873417721519,0.8911671924290221,0.9034090909090908,0.8925750394944708,0.902301942467741,0.804836816750485
CNN,HIV-1 IN,MIX,Validation,0.689922480620155,0.839622641509434,0.7574468085106383,0.7574468085106383,0.7647725610647945,0.529545122129589
CNN,HIV-1 IN,MIX,Test,0.7598425196850394,0.8894009216589862,0.8191489361702128,0.8195329087048833,0.8241471011456987,0.6485127685888762
CNN,HIV-1 IN,MIX,Train,0.8647845468053492,0.9165354330708662,0.8977998580553584,0.8899082568807339,0.8994821868196707,0.7958630060971043
CNN,HIV-1 IN,MIX,Validation,0.6620370370370371,0.6777251184834123,0.6993603411513859,0.6697892271662763,0.6973896910246519,0.3940201276513586
CNN,HIV-1 IN,MIX,Test,0.7290836653386454,0.8433179723502304,0.7829787234042553,0.782051282051282,0.7872716343964591,0.5741877863171381
CNN,HIV-1 IN,MIX,Train,0.9190140845070424,0.8220472440944881,0.8871540099361249,0.8678304239401496,0.8813078597733423,0.7735545237612218
CNN,HIV-1 IN,MIX,Validation,0.8053691275167785,0.5687203791469194,0.744136460554371,0.6666666666666666,0.7281586391858629,0.4875844771074117
CNN,HIV-1 IN,MIX,Test,0.8301886792452831,0.6082949308755761,0.7617021276595745,0.7021276595744681,0.7507877816433216,0.5285033450061687
CNN,HIV-1 IN,MIX,Train,0.8973063973063973,0.8406940063091483,0.8849431818181818,0.8680781758957655,0.8809413184000522,0.7675342433493433
CNN,HIV-1 IN,MIX,Validation,0.7070063694267515,0.5235849056603774,0.6872340425531915,0.6016260162601627,0.6726451660084832,0.3642840924772839
CNN,HIV-1 IN,MIX,Test,0.7938144329896907,0.7096774193548387,0.7808510638297872,0.7493917274939172,0.7757873262782099,0.5585203758574068
CNN,HIV-1 IN,MIX,Train,0.9872,0.973186119873817,0.9822443181818182,0.9801429706115964,0.9814251012805778,0.96416851550881
CNN,HIV-1 IN,MIX,Validation,0.7682403433476395,0.8443396226415094,0.8148936170212766,0.8044943820224719,0.817518648530057,0.6320113577709634
CNN,HIV-1 IN,MIX,Test,0.8530805687203792,0.8294930875576036,0.8553191489361702,0.8411214953271028,0.8534817216444146,0.7085915598231903
CNN,HIV-1 IN,MIX,Train,0.9455128205128204,0.9291338582677166,0.9439318665720368,0.937251787132645,0.9426031048444526,0.8866958413370428
CNN,HIV-1 IN,MIX,Validation,0.6875,0.6777251184834123,0.7164179104477612,0.6825775656324582,0.7128935669936441,0.4263749619917218
CNN,HIV-1 IN,MIX,Test,0.8160377358490566,0.7972350230414746,0.823404255319149,0.8065268065268065,0.8215424127065081,0.6442888357023849
CNN,HIV-1 IN,MIX,Train,0.9426356589147288,0.95748031496063,0.9545777146912704,0.95,0.9548383486947852,0.9084852408240496
CNN,HIV-1 IN,MIX,Validation,0.6963350785340314,0.6303317535545023,0.7100213219616205,0.6616915422885572,0.7027627760020574,0.4106106629643659
CNN,HIV-1 IN,MIX,Test,0.75,0.7880184331797235,0.7808510638297872,0.7685393258426966,0.7813609952459881,0.561317921258425
CNN,HIV-1 PR,PC,Train,0.9298952457695407,1.0,0.9298952457695407,0.9636743215031316,0.5,0.0
CNN,HIV-1 PR,PC,Validation,0.929951690821256,1.0,0.929951690821256,0.9637046307884856,0.5,0.0
CNN,HIV-1 PR,PC,Test,0.9176755447941888,0.9973684210526316,0.9154589371980676,0.9558638083228248,0.4986842105263158,-0.0147188078040711
CNN,HIV-1 PR,PC,Train,0.9352088661551576,0.9506065857885616,0.8928283642224013,0.942844864632574,0.5385216836988784,0.0864359331433332
CNN,HIV-1 PR,PC,Validation,0.9282051282051282,0.9402597402597402,0.8768115942028986,0.9341935483870968,0.4873712494402149,-0.0275855609831715
CNN,HIV-1 PR,PC,Test,0.9151670951156812,0.936842105263158,0.8623188405797102,0.9258777633289988,0.4831269349845201,-0.0388964913313768
CNN,HIV-1 PR,PC,Train,0.9298387096774192,0.9991334488734837,0.9290894439967768,0.9632414369256476,0.4995667244367417,-0.0077973293611903
CNN,HIV-1 PR,PC,Validation,0.929951690821256,1.0,0.929951690821256,0.9637046307884856,0.5,0.0
CNN,HIV-1 PR,PC,Test,0.9178743961352656,1.0,0.9178743961352656,0.9571788413098236,0.5,0.0
CNN,HIV-1 PR,PC,Train,0.9317032040472176,0.9567099567099568,0.894524959742351,0.9440410081161896,0.512837736975668,0.0315814982576471
CNN,HIV-1 PR,PC,Validation,0.9321148825065274,0.9296875,0.8716707021791767,0.9308996088657104,0.5165678879310345,0.0326213357876861
CNN,HIV-1 PR,PC,Test,0.9175257731958762,0.936842105263158,0.8647342995169082,0.9270833333333334,0.4978328173374613,-0.0049051719193843
CNN,HIV-1 PR,PC,Train,0.9327731092436976,0.9618717504332756,0.9000805801772764,0.947098976109215,0.521165760274109,0.0544462321492807
CNN,HIV-1 PR,PC,Validation,0.9328358208955224,0.974025974025974,0.9106280193236715,0.9529860228716646,0.5214957456336766,0.0654045894804774
CNN,HIV-1 PR,PC,Test,0.9164556962025316,0.9526315789473684,0.8768115942028986,0.9341935483870968,0.4910216718266253,-0.023560330576519
CNN,HIV-1 PR,PC,Train,0.9338983050847458,0.954939341421144,0.895245769540693,0.9443016281062554,0.5291938086416065,0.0689568417194761
CNN,HIV-1 PR,PC,Validation,0.9269521410579346,0.9558441558441558,0.8888888888888888,0.9411764705882352,0.4779220779220779,-0.056793396406307
CNN,HIV-1 PR,PC,Test,0.9143576826196472,0.9552631578947368,0.8768115942028986,0.9343629343629344,0.4776315789473684,-0.0618980357537593
CNN,HIV-1 PR,PC,Train,0.9285120532003324,0.9679376083188908,0.9008863819500404,0.9478150190920662,0.489715930596227,-0.0304812598512123
CNN,HIV-1 PR,PC,Validation,0.927860696517413,0.9688311688311688,0.9009661835748792,0.9479034307496824,0.4844155844155844,-0.0474183273733461
CNN,HIV-1 PR,PC,Test,0.9175,0.9657894736842104,0.8888888888888888,0.941025641025641,0.4976006191950464,-0.0072889743033845
CNN,HIV-1 PR,PC,Train,0.9323753169907016,0.9549783549783548,0.893719806763285,0.943541488451668,0.5177190625466488,0.0425209517799852
CNN,HIV-1 PR,PC,Validation,0.9366754617414248,0.9244791666666666,0.8716707021791767,0.9305373525557012,0.5484464798850575,0.0900736517197259
CNN,HIV-1 PR,PC,Test,0.917312661498708,0.9342105263157896,0.8623188405797102,0.9256844850065188,0.4965170278637771,-0.0077459357087339
CNN,HIV-1 PR,ECFP4,Train,0.9301919720767888,0.9237435008665512,0.8646253021756648,0.9269565217391303,0.5021016354907468,0.0040364149755197
CNN,HIV-1 PR,ECFP4,Validation,0.9269521410579346,0.9558441558441558,0.8888888888888888,0.9411764705882352,0.4779220779220779,-0.056793396406307
CNN,HIV-1 PR,ECFP4,Test,0.9147286821705426,0.9315789473684212,0.857487922705314,0.9230769230769232,0.4804953560371517,-0.0433772399689102
CNN,HIV-1 PR,ECFP4,Train,0.9283305227655988,0.9540727902946274,0.8887993553585818,0.941025641025641,0.4885306480208769,-0.028458219054105
CNN,HIV-1 PR,ECFP4,Validation,0.9319899244332494,0.961038961038961,0.8985507246376812,0.9462915601023018,0.5150022391401702,0.0385918616554013
CNN,HIV-1 PR,ECFP4,Test,0.9168765743073048,0.9578947368421052,0.8816425120772947,0.9369369369369368,0.4936532507739938,-0.0175627644699248
CNN,HIV-1 PR,ECFP4,Train,0.9281437125748504,0.940207972270364,0.8767123287671232,0.9341368919500646,0.4873453654455267,-0.0276419470383958
CNN,HIV-1 PR,ECFP4,Validation,0.9282051282051282,0.9402597402597402,0.8768115942028986,0.9341935483870968,0.4873712494402149,-0.0275855609831715
CNN,HIV-1 PR,ECFP4,Test,0.9140625,0.9236842105263158,0.8502415458937198,0.918848167539267,0.476547987616099,-0.0496723981323925
CNN,HIV-1 PR,ECFP4,Train,0.9297658862876256,0.9627705627705628,0.8977455716586151,0.9459804338579328,0.4986266606956261,-0.0037120512017147
CNN,HIV-1 PR,ECFP4,Validation,0.9348958333333334,0.9348958333333334,0.8789346246973365,0.9348958333333334,0.536413433908046,0.0728268678160919
CNN,HIV-1 PR,ECFP4,Test,0.916243654822335,0.95,0.8743961352657005,0.9328165374677002,0.4897058823529411,-0.0263625411746898
CNN,HIV-1 PR,ECFP4,Train,0.9280270956816258,0.949740034662045,0.8847703464947623,0.9387580299785868,0.4863642702045857,-0.0324616311778304
CNN,HIV-1 PR,ECFP4,Validation,0.927860696517413,0.9688311688311688,0.9009661835748792,0.9479034307496824,0.4844155844155844,-0.0474183273733461
CNN,HIV-1 PR,ECFP4,Test,0.9156010230179028,0.9421052631578948,0.8671497584541062,0.9286640726329444,0.4857585139318885,-0.0341400588287064
CNN,HIV-1 PR,ECFP4,Train,0.9284525790349416,0.9670710571923744,0.9000805801772764,0.9473684210526316,0.4892826550329687,-0.0313686045236496
CNN,HIV-1 PR,ECFP4,Validation,0.9287469287469288,0.9818181818181818,0.9130434782608696,0.9545454545454546,0.4909090909090909,-0.0359931991690024
CNN,HIV-1 PR,ECFP4,Test,0.9156327543424316,0.9710526315789474,0.8913043478260869,0.942528735632184,0.4855263157894737,-0.049418718545902
CNN,HIV-1 PR,ECFP4,Train,0.9296610169491526,0.9506065857885616,0.887187751813054,0.9400171379605828,0.4982917986414072,-0.0040348339661856
CNN,HIV-1 PR,ECFP4,Validation,0.9287531806615776,0.948051948051948,0.8840579710144928,0.9383033419023136,0.4912673533363188,-0.0203141813458193
CNN,HIV-1 PR,ECFP4,Test,0.9177377892030848,0.9394736842105263,0.8671497584541062,0.9284785435630688,0.4991486068111455,-0.001962666993785
CNN,HIV-1 PR,ECFP4,Train,0.9290484140233722,0.9636363636363636,0.8977455716586151,0.9460263493412664,0.493312434691745,-0.0184668959849048
CNN,HIV-1 PR,ECFP4,Validation,0.9298701298701298,0.9322916666666666,0.8716707021791767,0.9310793237971392,0.500628591954023,0.0012777739917863
CNN,HIV-1 PR,ECFP4,Test,0.9158163265306124,0.9447368421052632,0.8695652173913043,0.9300518134715026,0.4870743034055728,-0.0316417748581391
CNN,HIV-1 PR,MIX,Train,0.987168520102652,1.0,0.9879129734085416,0.993542832544124,0.9137931034482758,0.9038622965471212
CNN,HIV-1 PR,MIX,Validation,0.9598997493734336,0.9948051948051948,0.9565217391304348,0.9770408163265306,0.7215405284370802,0.6051742899328544
CNN,HIV-1 PR,MIX,Test,0.964102564102564,0.9894736842105264,0.9565217391304348,0.9766233766233766,0.7888544891640866,0.678738445640073
CNN,HIV-1 PR,MIX,Train,0.9871575342465754,0.9991334488734837,0.9871071716357775,0.9931093884582256,0.9133598278850176,0.8970939806462616
CNN,HIV-1 PR,MIX,Validation,0.9622166246851386,0.9922077922077922,0.9565217391304348,0.9769820971867008,0.7374832064487237,0.6109034100256516
CNN,HIV-1 PR,MIX,Test,0.961439588688946,0.9842105263157894,0.9492753623188406,0.9726918075422628,0.7715170278637771,0.6259123467452746
CNN,HIV-1 PR,MIX,Train,0.9982698961937716,1.0,0.9983883964544722,0.9991341991341992,0.9885057471264368,0.98758349669683
CNN,HIV-1 PR,MIX,Validation,0.9477611940298508,0.9896103896103896,0.9396135265700484,0.9682337992376112,0.6327362292879535,0.4038733400419484
CNN,HIV-1 PR,MIX,Test,0.947103274559194,0.9894736842105264,0.9396135265700484,0.967824967824968,0.6859133126934984,0.5144604909360898
CNN,HIV-1 PR,MIX,Train,0.9763313609467456,1.0,0.9774557165861514,0.9880239520958084,0.8390804597701149,0.8137012802715804
CNN,HIV-1 PR,MIX,Validation,0.9551122194513716,0.9973958333333334,0.953995157384988,0.975796178343949,0.6883530890804599,0.5730658709004661
CNN,HIV-1 PR,MIX,Test,0.9333333333333332,0.9947368421052633,0.929951690821256,0.9630573248407645,0.6003095975232198,0.3777069481750241
CNN,HIV-1 PR,MIX,Train,0.9974070872947276,1.0,0.9975825946817084,0.9987018606663782,0.9827586206896552,0.9813326344603946
CNN,HIV-1 PR,MIX,Validation,0.9696202531645568,0.9948051948051948,0.966183574879227,0.982051282051282,0.7905060456784596,0.7086620658691347
CNN,HIV-1 PR,MIX,Test,0.9420654911838792,0.9842105263157894,0.929951690821256,0.9626769626769628,0.6538699690402476,0.4257899483684207
CNN,HIV-1 PR,MIX,Train,0.984641638225256,1.0,0.98549556809025,0.9922613929492692,0.896551724137931,0.8836982961353067
CNN,HIV-1 PR,MIX,Validation,0.9506172839506172,1.0,0.9516908212560388,0.9746835443037974,0.6551724137931034,0.5431566598027889
CNN,HIV-1 PR,MIX,Test,0.94,0.9894736842105264,0.932367149758454,0.964102564102564,0.6417956656346748,0.4307548685096933
CNN,HIV-1 PR,MIX,Train,0.9897084048027444,1.0,0.9903303787268332,0.9948275862068966,0.9310344827586208,0.9236865814181892
CNN,HIV-1 PR,MIX,Validation,0.9527363184079602,0.9948051948051948,0.9492753623188406,0.9733163913595934,0.6698163905060457,0.516696256895772
CNN,HIV-1 PR,MIX,Test,0.9333333333333332,0.9947368421052633,0.929951690821256,0.9630573248407645,0.6003095975232198,0.3777069481750241
CNN,HIV-1 PR,MIX,Train,0.993975903614458,1.0,0.9943639291465378,0.9969788519637462,0.9597701149425288,0.9560339067783352
CNN,HIV-1 PR,MIX,Validation,0.945679012345679,0.9973958333333334,0.9443099273607748,0.97084917617237,0.6193875718390806,0.4426711523089016
CNN,HIV-1 PR,MIX,Test,0.949748743718593,0.9947368421052633,0.9468599033816424,0.9717223650385604,0.7032507739938081,0.5790178244427797
CNN,HIV-1 RT,PC,Train,0.7064110245656081,0.8285312719606466,0.6333666333666333,0.7626131953428201,0.4911222853758328,-0.0216183539395738
CNN,HIV-1 RT,PC,Validation,0.6945454545454546,0.8042105263157895,0.6092814371257484,0.7453658536585366,0.4668721025361331,-0.0787457239175646
CNN,HIV-1 RT,PC,Test,0.7451327433628319,0.8369781312127237,0.6616766467065869,0.7883895131086143,0.4821254292427255,-0.0426922206555828
CNN,HIV-1 RT,PC,Train,0.7093373493975904,0.9929725931131412,0.7057942057942058,0.8275256222547585,0.4964862965565706,-0.045195184617346
CNN,HIV-1 RT,PC,Validation,0.7097744360902256,0.9936842105263158,0.7065868263473054,0.8280701754385965,0.4968421052631579,-0.0428135908507499
CNN,HIV-1 RT,PC,Test,0.7526236881559221,0.9980119284294234,0.7514970059880239,0.8581196581196581,0.4990059642147117,-0.0221766050785797
CNN,HIV-1 RT,PC,Train,0.7058507783145465,0.9234550561797752,0.671992011982027,0.8001216915120171,0.4884978216995595,-0.0409009996302934
CNN,HIV-1 RT,PC,Validation,0.7032258064516129,0.919831223628692,0.6671664167916042,0.7970749542961609,0.4832316739905118,-0.0594213830914801
CNN,HIV-1 RT,PC,Test,0.7492012779552716,0.9324055666003976,0.7140718562874252,0.8308237378210807,0.490445207542623,-0.0339520034649193
CNN,HIV-1 RT,PC,Train,0.7032069970845481,0.8469101123595506,0.6370444333499751,0.7683975788467665,0.483904106266131,-0.0415921204613149
CNN,HIV-1 RT,PC,Validation,0.7086882453151618,0.8776371308016878,0.656671664167916,0.7841658812441094,0.4958133840536936,-0.0116868346677602
CNN,HIV-1 RT,PC,Test,0.751269035532995,0.882703777335984,0.6916167664670658,0.8117001828153565,0.4958973432134466,-0.0110810788254992
CNN,HIV-1 RT,PC,Train,0.7014475271411339,0.8172874209416725,0.6228771228771228,0.7549496916585524,0.4811825705744632,-0.0452335360304232
CNN,HIV-1 RT,PC,Validation,0.70018281535649,0.8063157894736842,0.6167664670658682,0.7495107632093934,0.4782874284155985,-0.0511069978215165
CNN,HIV-1 RT,PC,Test,0.7316176470588235,0.7912524850894632,0.624251497005988,0.7602674307545367,0.4532020001204891,-0.1038180721140927
CNN,HIV-1 RT,PC,Train,0.7040133779264214,0.8875614898102601,0.6548451548451548,0.785203605843954,0.4852315221072025,-0.0438898986488732
CNN,HIV-1 RT,PC,Validation,0.71160409556314,0.8778947368421053,0.6601796407185628,0.7860508953817154,0.5011235342241614,0.0031037449565378
CNN,HIV-1 RT,PC,Test,0.74,0.882703777335984,0.6781437125748503,0.8050770625566637,0.4686246159407193,-0.0894983295333027
CNN,HIV-1 RT,PC,Train,0.7047619047619048,0.7794943820224719,0.6110833749375936,0.7402467489163055,0.4881927868661582,-0.0261161714737993
CNN,HIV-1 RT,PC,Validation,0.7037037037037037,0.8016877637130801,0.6191904047976012,0.7495069033530573,0.4863361098358146,-0.0315626488015806
CNN,HIV-1 RT,PC,Test,0.7322097378277154,0.7773359840954275,0.6182634730538922,0.7540983606557377,0.4553346587143804,-0.0962063170423929
CNN,HIV-1 RT,PC,Train,0.6910994764397905,0.8342696629213483,0.6170743884173739,0.7559656379255488,0.4585856086627466,-0.1076411791994374
CNN,HIV-1 RT,PC,Validation,0.702054794520548,0.8649789029535865,0.6431784107946027,0.775047258979206,0.4817122494042544,-0.0502472897377031
CNN,HIV-1 RT,PC,Test,0.7361111111111112,0.8429423459244533,0.6541916167664671,0.7859128822984245,0.460865112356166,-0.0979523582295363
CNN,HIV-1 RT,ECFP4,Train,0.6992481203007519,0.7842586085734364,0.6068931068931069,0.7393176548526001,0.4776215322659928,-0.0504687576412935
CNN,HIV-1 RT,ECFP4,Validation,0.6872659176029963,0.7726315789473684,0.5883233532934131,0.7274529236868187,0.4536733024270521,-0.1048730188400501
CNN,HIV-1 RT,ECFP4,Test,0.7313432835820896,0.7793240556660039,0.6182634730538922,0.7545717035611165,0.4532983914693656,-0.1011622404074616
CNN,HIV-1 RT,ECFP4,Train,0.7065399664617105,0.8882642304989459,0.6583416583416584,0.7870485678704857,0.4907642396018045,-0.0271612287485284
CNN,HIV-1 RT,ECFP4,Validation,0.7013422818791947,0.88,0.6482035928143712,0.780578898225957,0.478860103626943,-0.0617972189401316
CNN,HIV-1 RT,ECFP4,Test,0.7342419080068143,0.856858846918489,0.6586826347305389,0.7908256880733945,0.4557021507319718,-0.1170515155721597
CNN,HIV-1 RT,ECFP4,Train,0.7061937533086289,0.9367977528089888,0.6779830254618073,0.8053124056746152,0.4891242650055307,-0.0425612607624998
CNN,HIV-1 RT,ECFP4,Validation,0.7118110236220473,0.9535864978902954,0.6926536731634183,0.8151487826871056,0.502699984696443,0.0114576953820907
CNN,HIV-1 RT,ECFP4,Test,0.7472527472527473,0.9463220675944334,0.718562874251497,0.8350877192982457,0.4852822459184288,-0.0603457847400032
CNN,HIV-1 RT,ECFP4,Train,0.7109533468559838,0.9845505617977528,0.7044433349975038,0.8256772673733804,0.500047301624265,0.0003474289661169
CNN,HIV-1 RT,ECFP4,Validation,0.7095310136157338,0.989451476793249,0.704647676161919,0.826431718061674,0.497316411971754,-0.025777293227305
CNN,HIV-1 RT,ECFP4,Test,0.753030303030303,0.9880715705765408,0.7470059880239521,0.8546861564918314,0.5000963913488764,0.0007643232255993
CNN,HIV-1 RT,ECFP4,Train,0.701547987616099,0.7962052002810963,0.6143856143856143,0.7458854509545754,0.4818677124030697,-0.0416373020046739
CNN,HIV-1 RT,ECFP4,Validation,0.6902985074626866,0.7789473684210526,0.594311377245509,0.731948565776459,0.4594218707390237,-0.0923800335809181
CNN,HIV-1 RT,ECFP4,Test,0.7374301675977654,0.7872763419483101,0.6287425149700598,0.7615384615384615,0.4663654437014277,-0.0730665955751419
CNN,HIV-1 RT,ECFP4,Train,0.6963007159904535,0.8200983836964161,0.6178821178821179,0.7531461761858664,0.4704982419345638,-0.0724559103808886
CNN,HIV-1 RT,ECFP4,Validation,0.6964285714285714,0.8210526315789474,0.6182634730538922,0.7536231884057971,0.4701118080174529,-0.0735951522228173
CNN,HIV-1 RT,ECFP4,Test,0.7355072463768116,0.8071570576540755,0.6362275449101796,0.7696682464454976,0.4611542864027953,-0.0884505485571836
CNN,HIV-1 RT,ECFP4,Train,0.6976160602258469,0.7808988764044944,0.6035946080878682,0.7369118621603711,0.4742145504647688,-0.0579953490749994
CNN,HIV-1 RT,ECFP4,Validation,0.700354609929078,0.8333333333333334,0.6281859070464768,0.7610789980732178,0.4788428324697755,-0.0531003252994586
CNN,HIV-1 RT,ECFP4,Test,0.7360594795539034,0.7872763419483101,0.6272455089820359,0.760806916426513,0.4633351406711247,-0.0798809404793141
CNN,HIV-1 RT,ECFP4,Train,0.7121975806451613,0.9922752808988764,0.709435846230654,0.829225352112676,0.5030461033164503,0.0284918905435761
CNN,HIV-1 RT,ECFP4,Validation,0.7112781954887218,0.9978902953586498,0.7106446776611695,0.8305531167690957,0.5015358212544545,0.0254749109217032
CNN,HIV-1 RT,ECFP4,Test,0.7541478129713424,0.9940357852882704,0.7514970059880239,0.8576329331046312,0.5030784987047412,0.0308072667587039
CNN,HIV-1 RT,MIX,Train,0.954177897574124,0.9950808151791988,0.9625374625374624,0.9742002063983488,0.9388184732199968,0.9086043240331908
CNN,HIV-1 RT,MIX,Validation,0.8107606679035251,0.92,0.7904191616766467,0.8619329388560157,0.6957512953367876,0.4495426090605488
CNN,HIV-1 RT,MIX,Test,0.8387096774193549,0.9304174950298212,0.812874251497006,0.882186616399623,0.6924814747876378,0.4476426476869535
CNN,HIV-1 RT,MIX,Train,0.7332641411520499,0.9929725931131412,0.7382617382617382,0.8435820895522388,0.5526175573510439,0.2512643774475776
CNN,HIV-1 RT,MIX,Validation,0.7237654320987654,0.9873684210526316,0.7230538922155688,0.8352626892252895,0.5299536405781292,0.1593318388930602
CNN,HIV-1 RT,MIX,Test,0.7638036809815951,0.9900596421471172,0.7619760479041916,0.8623376623376623,0.528363154406892,0.160002474906357
CNN,HIV-1 RT,MIX,Train,0.7657018022938286,0.9845505617977528,0.7748377433849226,0.8614439324116744,0.6218089596553531,0.394180476872636
CNN,HIV-1 RT,MIX,Validation,0.7181528662420382,0.9514767932489452,0.7001499250374813,0.8185117967332124,0.5171891738265451,0.0664416943593813
CNN,HIV-1 RT,MIX,Test,0.7714285714285715,0.9662027833001988,0.7589820359281437,0.8578993821712269,0.5467377552864631,0.1740450746580614
CNN,HIV-1 RT,MIX,Train,0.8480861244019139,0.9957865168539326,0.8701947079380928,0.9160206718346252,0.7785495623993325,0.6799776202912069
CNN,HIV-1 RT,MIX,Validation,0.7376788553259142,0.978902953586498,0.7376311844077961,0.8413417951042611,0.5619903368968759,0.2425519087187142
CNN,HIV-1 RT,MIX,Test,0.7947454844006568,0.9622266401590456,0.7844311377245509,0.8705035971223022,0.6023254412916441,0.3110319007783684
CNN,HIV-1 RT,MIX,Train,0.9266535690897184,0.994378074490513,0.94005994005994,0.9593220338983052,0.9004705571070872,0.853642435427196
CNN,HIV-1 RT,MIX,Validation,0.7704626334519573,0.911578947368421,0.7440119760479041,0.8351012536162006,0.6215925824925006,0.3016764765517196
CNN,HIV-1 RT,MIX,Test,0.8138297872340425,0.9125248508946322,0.7769461077844312,0.8603561387066542,0.6380806072654979,0.3284977709925827
CNN,HIV-1 RT,MIX,Train,0.8935627788400254,0.9852424455375968,0.906093906093906,0.9371657754010696,0.8484070604199209,0.7673672405876664
CNN,HIV-1 RT,MIX,Validation,0.7670454545454546,0.8526315789473684,0.7110778443113772,0.8075772681954138,0.6076629397327515,0.239795323885319
CNN,HIV-1 RT,MIX,Test,0.7979274611398963,0.9184890656063618,0.7634730538922155,0.8539741219963032,0.6046990782577264,0.2657446520668183
CNN,HIV-1 RT,MIX,Train,0.8923076923076924,0.9775280898876404,0.9001497753369945,0.9329758713136728,0.8436863247365665,0.7507967116293106
CNN,HIV-1 RT,MIX,Validation,0.7647058823529411,0.8776371308016878,0.7211394302848576,0.8172888015717092,0.6072123477842636,0.2507209483993858
CNN,HIV-1 RT,MIX,Test,0.7986111111111112,0.9145129224652088,0.7619760479041916,0.8526413345690455,0.6057413097174529,0.2646643767926141
CNN,HIV-1 RT,MIX,Train,0.7230454777721002,0.9936797752808988,0.7249126310534199,0.8370304643596569,0.5287915284003804,0.1742668028410945
CNN,HIV-1 RT,MIX,Validation,0.7177914110429447,0.9873417721518988,0.7151424287856072,0.8312611012433393,0.5169869482521152,0.1039067491008468
CNN,HIV-1 RT,MIX,Test,0.7519142419601837,0.9761431411530817,0.7395209580838323,0.8494809688581315,0.4971624796674498,-0.0165193411578104
