model,Descriptor,Enzyme,scaler,split,Accuracy,kernel
gpc,PC,HIV-1 IN,std,1,0.8679727427597955,RBF(length_scale=0.5)
gpc,PC,HIV-1 IN,std,1,0.8679727427597955,RBF(length_scale=1)
gpc,PC,HIV-1 IN,std,1,0.8679727427597955,RBF(length_scale=2)
gpc,PC,HIV-1 IN,std,1,0.8624361158432708,"RationalQuadratic(alpha=1, length_scale=1)"
gpc,PC,HIV-1 IN,std,1,0.8568994889267462,"Matern(length_scale=1, nu=0.5)"
gpc,PC,HIV-1 IN,std,1,0.858603066439523,"Matern(length_scale=1, nu=1.5)"
gpc,PC,HIV-1 IN,std,1,0.8598807495741057,"Matern(length_scale=1, nu=2.5)"
gpc,PC,HIV-1 IN,std,1,0.8006814310051107,DotProduct(sigma_0=1)
gpc,PC,HIV-1 IN,std,1,0.8679727427597955,RBF(length_scale=1) + WhiteKernel(noise_level=1)
gpc,PC,HIV-1 IN,std,2,0.8522146507666098,RBF(length_scale=0.5)
gpc,PC,HIV-1 IN,std,2,0.8522146507666098,RBF(length_scale=1)
gpc,PC,HIV-1 IN,std,2,0.8522146507666098,RBF(length_scale=2)
gpc,PC,HIV-1 IN,std,2,0.8466780238500852,"RationalQuadratic(alpha=1, length_scale=1)"
gpc,PC,HIV-1 IN,std,2,0.84412265758092,"Matern(length_scale=1, nu=0.5)"
gpc,PC,HIV-1 IN,std,2,0.8492333901192505,"Matern(length_scale=1, nu=1.5)"
gpc,PC,HIV-1 IN,std,2,0.8496592844974447,"Matern(length_scale=1, nu=2.5)"
gpc,PC,HIV-1 IN,std,2,0.8002555366269165,DotProduct(sigma_0=1)
gpc,PC,HIV-1 IN,std,2,0.8522146507666098,RBF(length_scale=1) + WhiteKernel(noise_level=1)
gpc,PC,HIV-1 IN,std,3,0.8526405451448041,RBF(length_scale=0.5)
gpc,PC,HIV-1 IN,std,3,0.8526405451448041,RBF(length_scale=1)
gpc,PC,HIV-1 IN,std,3,0.8526405451448041,RBF(length_scale=2)
gpc,PC,HIV-1 IN,std,3,0.8407155025553663,"RationalQuadratic(alpha=1, length_scale=1)"
gpc,PC,HIV-1 IN,std,3,0.8466780238500852,"Matern(length_scale=1, nu=0.5)"
gpc,PC,HIV-1 IN,std,3,0.84412265758092,"Matern(length_scale=1, nu=1.5)"
gpc,PC,HIV-1 IN,std,3,0.8466780238500852,"Matern(length_scale=1, nu=2.5)"
gpc,PC,HIV-1 IN,std,3,0.7981260647359455,DotProduct(sigma_0=1)
gpc,PC,HIV-1 IN,std,3,0.8526405451448041,RBF(length_scale=1) + WhiteKernel(noise_level=1)
gpc,PC,HIV-1 IN,std,4,0.860732538330494,RBF(length_scale=0.5)
gpc,PC,HIV-1 IN,std,4,0.860732538330494,RBF(length_scale=1)
gpc,PC,HIV-1 IN,std,4,0.860732538330494,RBF(length_scale=2)
gpc,PC,HIV-1 IN,std,4,0.8573253833049403,"RationalQuadratic(alpha=1, length_scale=1)"
gpc,PC,HIV-1 IN,std,4,0.8539182282793867,"Matern(length_scale=1, nu=0.5)"
gpc,PC,HIV-1 IN,std,4,0.8560477001703578,"Matern(length_scale=1, nu=1.5)"
gpc,PC,HIV-1 IN,std,4,0.8568994889267462,"Matern(length_scale=1, nu=2.5)"
gpc,PC,HIV-1 IN,std,4,0.8006814310051107,DotProduct(sigma_0=1)
gpc,PC,HIV-1 IN,std,4,0.860732538330494,RBF(length_scale=1) + WhiteKernel(noise_level=1)
gpc,PC,HIV-1 IN,minmax,1,0.862862010221465,RBF(length_scale=0.5)
gpc,PC,HIV-1 IN,minmax,1,0.862862010221465,RBF(length_scale=1)
gpc,PC,HIV-1 IN,minmax,1,0.862862010221465,RBF(length_scale=2)
gpc,PC,HIV-1 IN,minmax,1,0.8590289608177172,"RationalQuadratic(alpha=1, length_scale=1)"
gpc,PC,HIV-1 IN,minmax,1,0.8551959114139693,"Matern(length_scale=1, nu=0.5)"
gpc,PC,HIV-1 IN,minmax,1,0.856473594548552,"Matern(length_scale=1, nu=1.5)"
gpc,PC,HIV-1 IN,minmax,1,0.8590289608177172,"Matern(length_scale=1, nu=2.5)"
gpc,PC,HIV-1 IN,minmax,1,0.7666098807495741,DotProduct(sigma_0=1)
gpc,PC,HIV-1 IN,minmax,1,0.862862010221465,RBF(length_scale=1) + WhiteKernel(noise_level=1)
gpc,PC,HIV-1 IN,minmax,2,0.856473594548552,RBF(length_scale=0.5)
gpc,PC,HIV-1 IN,minmax,2,0.856473594548552,RBF(length_scale=1)
gpc,PC,HIV-1 IN,minmax,2,0.856473594548552,RBF(length_scale=2)
gpc,PC,HIV-1 IN,minmax,2,0.8500851788756388,"RationalQuadratic(alpha=1, length_scale=1)"
gpc,PC,HIV-1 IN,minmax,2,0.8415672913117547,"Matern(length_scale=1, nu=0.5)"
gpc,PC,HIV-1 IN,minmax,2,0.8466780238500852,"Matern(length_scale=1, nu=1.5)"
gpc,PC,HIV-1 IN,minmax,2,0.8488074957410562,"Matern(length_scale=1, nu=2.5)"
gpc,PC,HIV-1 IN,minmax,2,0.7721465076660988,DotProduct(sigma_0=1)
gpc,PC,HIV-1 IN,minmax,2,0.856473594548552,RBF(length_scale=1) + WhiteKernel(noise_level=1)
gpc,PC,HIV-1 IN,minmax,3,0.8526405451448041,RBF(length_scale=0.5)
gpc,PC,HIV-1 IN,minmax,3,0.8526405451448041,RBF(length_scale=1)
gpc,PC,HIV-1 IN,minmax,3,0.8526405451448041,RBF(length_scale=2)
gpc,PC,HIV-1 IN,minmax,3,0.846252129471891,"RationalQuadratic(alpha=1, length_scale=1)"
gpc,PC,HIV-1 IN,minmax,3,0.8471039182282794,"Matern(length_scale=1, nu=0.5)"
gpc,PC,HIV-1 IN,minmax,3,0.846252129471891,"Matern(length_scale=1, nu=1.5)"
gpc,PC,HIV-1 IN,minmax,3,0.8500851788756388,"Matern(length_scale=1, nu=2.5)"
gpc,PC,HIV-1 IN,minmax,3,0.7670357751277683,DotProduct(sigma_0=1)
gpc,PC,HIV-1 IN,minmax,3,0.8526405451448041,RBF(length_scale=1) + WhiteKernel(noise_level=1)
gpc,PC,HIV-1 IN,minmax,4,0.858603066439523,RBF(length_scale=0.5)
gpc,PC,HIV-1 IN,minmax,4,0.858603066439523,RBF(length_scale=1)
gpc,PC,HIV-1 IN,minmax,4,0.858603066439523,RBF(length_scale=2)
gpc,PC,HIV-1 IN,minmax,4,0.8517887563884157,"RationalQuadratic(alpha=1, length_scale=1)"
gpc,PC,HIV-1 IN,minmax,4,0.8509369676320273,"Matern(length_scale=1, nu=0.5)"
gpc,PC,HIV-1 IN,minmax,4,0.8517887563884157,"Matern(length_scale=1, nu=1.5)"
gpc,PC,HIV-1 IN,minmax,4,0.8560477001703578,"Matern(length_scale=1, nu=2.5)"
gpc,PC,HIV-1 IN,minmax,4,0.7691652470187393,DotProduct(sigma_0=1)
gpc,PC,HIV-1 IN,minmax,4,0.858603066439523,RBF(length_scale=1) + WhiteKernel(noise_level=1)
gpc,ECFP4,HIV-1 IN,std,1,0.8598807495741057,RBF(length_scale=0.5)
gpc,ECFP4,HIV-1 IN,std,1,0.899488926746167,RBF(length_scale=1)
gpc,ECFP4,HIV-1 IN,std,1,0.899488926746167,RBF(length_scale=2)
gpc,ECFP4,HIV-1 IN,std,1,0.899488926746167,"RationalQuadratic(alpha=1, length_scale=1)"
gpc,ECFP4,HIV-1 IN,std,1,0.8960817717206133,"Matern(length_scale=1, nu=0.5)"
gpc,ECFP4,HIV-1 IN,std,1,0.895655877342419,"Matern(length_scale=1, nu=1.5)"
gpc,ECFP4,HIV-1 IN,std,1,0.895655877342419,"Matern(length_scale=1, nu=2.5)"
gpc,ECFP4,HIV-1 IN,std,1,0.944633730834753,DotProduct(sigma_0=1)
gpc,ECFP4,HIV-1 IN,std,1,0.899488926746167,RBF(length_scale=1) + WhiteKernel(noise_level=1)
gpc,ECFP4,HIV-1 IN,std,2,0.8624361158432708,RBF(length_scale=0.5)
gpc,ECFP4,HIV-1 IN,std,2,0.9612436115843273,RBF(length_scale=1)
gpc,ECFP4,HIV-1 IN,std,2,0.8888415672913118,RBF(length_scale=2)
gpc,ECFP4,HIV-1 IN,std,2,0.8888415672913118,"RationalQuadratic(alpha=1, length_scale=1)"
gpc,ECFP4,HIV-1 IN,std,2,0.8858603066439523,"Matern(length_scale=1, nu=0.5)"
gpc,ECFP4,HIV-1 IN,std,2,0.8841567291311755,"Matern(length_scale=1, nu=1.5)"
gpc,ECFP4,HIV-1 IN,std,2,0.8858603066439523,"Matern(length_scale=1, nu=2.5)"
gpc,ECFP4,HIV-1 IN,std,2,0.9471890971039182,DotProduct(sigma_0=1)
gpc,ECFP4,HIV-1 IN,std,2,0.8888415672913118,RBF(length_scale=1) + WhiteKernel(noise_level=1)
gpc,ECFP4,HIV-1 IN,std,3,0.8611584327086882,RBF(length_scale=0.5)
gpc,ECFP4,HIV-1 IN,std,3,0.8905451448040886,RBF(length_scale=1)
gpc,ECFP4,HIV-1 IN,std,3,0.8905451448040886,RBF(length_scale=2)
gpc,ECFP4,HIV-1 IN,std,3,0.8905451448040886,"RationalQuadratic(alpha=1, length_scale=1)"
gpc,ECFP4,HIV-1 IN,std,3,0.8879897785349233,"Matern(length_scale=1, nu=0.5)"
gpc,ECFP4,HIV-1 IN,std,3,0.8879897785349233,"Matern(length_scale=1, nu=1.5)"
gpc,ECFP4,HIV-1 IN,std,3,0.887137989778535,"Matern(length_scale=1, nu=2.5)"
gpc,ECFP4,HIV-1 IN,std,3,0.946763202725724,DotProduct(sigma_0=1)
gpc,ECFP4,HIV-1 IN,std,3,0.8905451448040886,RBF(length_scale=1) + WhiteKernel(noise_level=1)
gpc,ECFP4,HIV-1 IN,std,4,0.8624361158432708,RBF(length_scale=0.5)
gpc,ECFP4,HIV-1 IN,std,4,0.9561328790459966,RBF(length_scale=1)
gpc,ECFP4,HIV-1 IN,std,4,0.8896933560477002,RBF(length_scale=2)
gpc,ECFP4,HIV-1 IN,std,4,0.8896933560477002,"RationalQuadratic(alpha=1, length_scale=1)"
gpc,ECFP4,HIV-1 IN,std,4,0.8862862010221465,"Matern(length_scale=1, nu=0.5)"
gpc,ECFP4,HIV-1 IN,std,4,0.8850085178875639,"Matern(length_scale=1, nu=1.5)"
gpc,ECFP4,HIV-1 IN,std,4,0.8850085178875639,"Matern(length_scale=1, nu=2.5)"
gpc,ECFP4,HIV-1 IN,std,4,0.9450596252129472,DotProduct(sigma_0=1)
gpc,ECFP4,HIV-1 IN,std,4,0.8896933560477002,RBF(length_scale=1) + WhiteKernel(noise_level=1)
gpc,ECFP4,HIV-1 IN,minmax,1,0.8909710391822828,RBF(length_scale=0.5)
gpc,ECFP4,HIV-1 IN,minmax,1,0.8909710391822828,RBF(length_scale=1)
gpc,ECFP4,HIV-1 IN,minmax,1,0.8909710391822828,RBF(length_scale=2)
gpc,ECFP4,HIV-1 IN,minmax,1,0.8909710391822828,"RationalQuadratic(alpha=1, length_scale=1)"
gpc,ECFP4,HIV-1 IN,minmax,1,0.8807495741056218,"Matern(length_scale=1, nu=0.5)"
gpc,ECFP4,HIV-1 IN,minmax,1,0.883304940374787,"Matern(length_scale=1, nu=1.5)"
gpc,ECFP4,HIV-1 IN,minmax,1,0.8854344122657581,"Matern(length_scale=1, nu=2.5)"
gpc,ECFP4,HIV-1 IN,minmax,1,0.9497444633730836,DotProduct(sigma_0=1)
gpc,ECFP4,HIV-1 IN,minmax,1,0.8909710391822828,RBF(length_scale=1) + WhiteKernel(noise_level=1)
gpc,ECFP4,HIV-1 IN,minmax,2,0.879045996592845,RBF(length_scale=0.5)
gpc,ECFP4,HIV-1 IN,minmax,2,0.879045996592845,RBF(length_scale=1)
gpc,ECFP4,HIV-1 IN,minmax,2,0.879045996592845,RBF(length_scale=2)
gpc,ECFP4,HIV-1 IN,minmax,2,0.879045996592845,"RationalQuadratic(alpha=1, length_scale=1)"
gpc,ECFP4,HIV-1 IN,minmax,2,0.8713798977853492,"Matern(length_scale=1, nu=0.5)"
gpc,ECFP4,HIV-1 IN,minmax,2,0.8752129471890971,"Matern(length_scale=1, nu=1.5)"
gpc,ECFP4,HIV-1 IN,minmax,2,0.8760647359454855,"Matern(length_scale=1, nu=2.5)"
gpc,ECFP4,HIV-1 IN,minmax,2,0.9522998296422488,DotProduct(sigma_0=1)
gpc,ECFP4,HIV-1 IN,minmax,2,0.879045996592845,RBF(length_scale=1) + WhiteKernel(noise_level=1)
gpc,ECFP4,HIV-1 IN,minmax,3,0.881175468483816,RBF(length_scale=0.5)
gpc,ECFP4,HIV-1 IN,minmax,3,0.881175468483816,RBF(length_scale=1)
gpc,ECFP4,HIV-1 IN,minmax,3,0.881175468483816,RBF(length_scale=2)
gpc,ECFP4,HIV-1 IN,minmax,3,0.881175468483816,"RationalQuadratic(alpha=1, length_scale=1)"
gpc,ECFP4,HIV-1 IN,minmax,3,0.8705281090289608,"Matern(length_scale=1, nu=0.5)"
gpc,ECFP4,HIV-1 IN,minmax,3,0.8739352640545145,"Matern(length_scale=1, nu=1.5)"
gpc,ECFP4,HIV-1 IN,minmax,3,0.8756388415672913,"Matern(length_scale=1, nu=2.5)"
gpc,ECFP4,HIV-1 IN,minmax,3,0.9501703577512776,DotProduct(sigma_0=1)
gpc,ECFP4,HIV-1 IN,minmax,3,0.881175468483816,RBF(length_scale=1) + WhiteKernel(noise_level=1)
gpc,ECFP4,HIV-1 IN,minmax,4,0.8816013628620102,RBF(length_scale=0.5)
gpc,ECFP4,HIV-1 IN,minmax,4,0.8816013628620102,RBF(length_scale=1)
gpc,ECFP4,HIV-1 IN,minmax,4,0.8816013628620102,RBF(length_scale=2)
gpc,ECFP4,HIV-1 IN,minmax,4,0.8816013628620102,"RationalQuadratic(alpha=1, length_scale=1)"
gpc,ECFP4,HIV-1 IN,minmax,4,0.8696763202725724,"Matern(length_scale=1, nu=0.5)"
gpc,ECFP4,HIV-1 IN,minmax,4,0.873083475298126,"Matern(length_scale=1, nu=1.5)"
gpc,ECFP4,HIV-1 IN,minmax,4,0.8760647359454855,"Matern(length_scale=1, nu=2.5)"
gpc,ECFP4,HIV-1 IN,minmax,4,0.9501703577512776,DotProduct(sigma_0=1)
gpc,ECFP4,HIV-1 IN,minmax,4,0.8816013628620102,RBF(length_scale=1) + WhiteKernel(noise_level=1)
gpc,MIX,HIV-1 IN,std,1,0.891396933560477,RBF(length_scale=0.5)
gpc,MIX,HIV-1 IN,std,1,0.9586882453151618,RBF(length_scale=1)
gpc,MIX,HIV-1 IN,std,1,0.9586882453151618,RBF(length_scale=2)
gpc,MIX,HIV-1 IN,std,1,0.891396933560477,"RationalQuadratic(alpha=1, length_scale=1)"
gpc,MIX,HIV-1 IN,std,1,0.8922487223168655,"Matern(length_scale=1, nu=0.5)"
gpc,MIX,HIV-1 IN,std,1,0.8896933560477002,"Matern(length_scale=1, nu=1.5)"
gpc,MIX,HIV-1 IN,std,1,0.965076660988075,"Matern(length_scale=1, nu=2.5)"
gpc,MIX,HIV-1 IN,std,1,0.9442078364565588,DotProduct(sigma_0=1)
gpc,MIX,HIV-1 IN,std,1,0.9586882453151618,RBF(length_scale=1) + WhiteKernel(noise_level=1)
gpc,MIX,HIV-1 IN,std,2,0.9514480408858604,RBF(length_scale=0.5)
gpc,MIX,HIV-1 IN,std,2,0.9514480408858604,RBF(length_scale=1)
gpc,MIX,HIV-1 IN,std,2,0.9514480408858604,RBF(length_scale=2)
gpc,MIX,HIV-1 IN,std,2,0.8926746166950597,"RationalQuadratic(alpha=1, length_scale=1)"
gpc,MIX,HIV-1 IN,std,2,0.8884156729131175,"Matern(length_scale=1, nu=0.5)"
gpc,MIX,HIV-1 IN,std,2,0.8901192504258943,"Matern(length_scale=1, nu=1.5)"
gpc,MIX,HIV-1 IN,std,2,0.8918228279386712,"Matern(length_scale=1, nu=2.5)"
gpc,MIX,HIV-1 IN,std,2,0.9429301533219762,DotProduct(sigma_0=1)
gpc,MIX,HIV-1 IN,std,2,0.9514480408858604,RBF(length_scale=1) + WhiteKernel(noise_level=1)
gpc,MIX,HIV-1 IN,std,3,0.8488074957410562,RBF(length_scale=0.5)
gpc,MIX,HIV-1 IN,std,3,0.9544293015332198,RBF(length_scale=1)
gpc,MIX,HIV-1 IN,std,3,0.8837308347529813,RBF(length_scale=2)
gpc,MIX,HIV-1 IN,std,3,0.8837308347529813,"RationalQuadratic(alpha=1, length_scale=1)"
gpc,MIX,HIV-1 IN,std,3,0.8752129471890971,"Matern(length_scale=1, nu=0.5)"
gpc,MIX,HIV-1 IN,std,3,0.959114139693356,"Matern(length_scale=1, nu=1.5)"
gpc,MIX,HIV-1 IN,std,3,0.959114139693356,"Matern(length_scale=1, nu=2.5)"
gpc,MIX,HIV-1 IN,std,3,0.9522998296422488,DotProduct(sigma_0=1)
gpc,MIX,HIV-1 IN,std,3,0.9544293015332198,RBF(length_scale=1) + WhiteKernel(noise_level=1)
gpc,MIX,HIV-1 IN,std,4,0.8999148211243612,RBF(length_scale=0.5)
gpc,MIX,HIV-1 IN,std,4,0.8999148211243612,RBF(length_scale=1)
gpc,MIX,HIV-1 IN,std,4,0.8999148211243612,RBF(length_scale=2)
gpc,MIX,HIV-1 IN,std,4,0.8999148211243612,"RationalQuadratic(alpha=1, length_scale=1)"
gpc,MIX,HIV-1 IN,std,4,0.8939522998296422,"Matern(length_scale=1, nu=0.5)"
gpc,MIX,HIV-1 IN,std,4,0.8952299829642248,"Matern(length_scale=1, nu=1.5)"
gpc,MIX,HIV-1 IN,std,4,0.8965076660988075,"Matern(length_scale=1, nu=2.5)"
gpc,MIX,HIV-1 IN,std,4,0.946763202725724,DotProduct(sigma_0=1)
gpc,MIX,HIV-1 IN,std,4,0.8999148211243612,RBF(length_scale=1) + WhiteKernel(noise_level=1)
gpc,MIX,HIV-1 IN,minmax,1,0.9625212947189096,RBF(length_scale=0.5)
gpc,MIX,HIV-1 IN,minmax,1,0.8803236797274276,RBF(length_scale=1)
gpc,MIX,HIV-1 IN,minmax,1,0.8803236797274276,RBF(length_scale=2)
gpc,MIX,HIV-1 IN,minmax,1,0.8803236797274276,"RationalQuadratic(alpha=1, length_scale=1)"
gpc,MIX,HIV-1 IN,minmax,1,0.8713798977853492,"Matern(length_scale=1, nu=0.5)"
gpc,MIX,HIV-1 IN,minmax,1,0.8777683134582623,"Matern(length_scale=1, nu=1.5)"
gpc,MIX,HIV-1 IN,minmax,1,0.879045996592845,"Matern(length_scale=1, nu=2.5)"
gpc,MIX,HIV-1 IN,minmax,1,0.9442078364565588,DotProduct(sigma_0=1)
gpc,MIX,HIV-1 IN,minmax,1,0.8803236797274276,RBF(length_scale=1) + WhiteKernel(noise_level=1)
gpc,MIX,HIV-1 IN,minmax,2,0.9574105621805792,RBF(length_scale=0.5)
gpc,MIX,HIV-1 IN,minmax,2,0.8760647359454855,RBF(length_scale=1)
gpc,MIX,HIV-1 IN,minmax,2,0.8760647359454855,RBF(length_scale=2)
gpc,MIX,HIV-1 IN,minmax,2,0.8760647359454855,"RationalQuadratic(alpha=1, length_scale=1)"
gpc,MIX,HIV-1 IN,minmax,2,0.8671209540034072,"Matern(length_scale=1, nu=0.5)"
gpc,MIX,HIV-1 IN,minmax,2,0.8683986371379898,"Matern(length_scale=1, nu=1.5)"
gpc,MIX,HIV-1 IN,minmax,2,0.8705281090289608,"Matern(length_scale=1, nu=2.5)"
gpc,MIX,HIV-1 IN,minmax,2,0.9480408858603068,DotProduct(sigma_0=1)
gpc,MIX,HIV-1 IN,minmax,2,0.8760647359454855,RBF(length_scale=1) + WhiteKernel(noise_level=1)
gpc,MIX,HIV-1 IN,minmax,3,0.8718057921635435,RBF(length_scale=0.5)
gpc,MIX,HIV-1 IN,minmax,3,0.8718057921635435,RBF(length_scale=1)
gpc,MIX,HIV-1 IN,minmax,3,0.8718057921635435,RBF(length_scale=2)
gpc,MIX,HIV-1 IN,minmax,3,0.8718057921635435,"RationalQuadratic(alpha=1, length_scale=1)"
gpc,MIX,HIV-1 IN,minmax,3,0.8641396933560477,"Matern(length_scale=1, nu=0.5)"
gpc,MIX,HIV-1 IN,minmax,3,0.8675468483816013,"Matern(length_scale=1, nu=1.5)"
gpc,MIX,HIV-1 IN,minmax,3,0.8696763202725724,"Matern(length_scale=1, nu=2.5)"
gpc,MIX,HIV-1 IN,minmax,3,0.952725724020443,DotProduct(sigma_0=1)
gpc,MIX,HIV-1 IN,minmax,3,0.8718057921635435,RBF(length_scale=1) + WhiteKernel(noise_level=1)
gpc,MIX,HIV-1 IN,minmax,4,0.8845826235093697,RBF(length_scale=0.5)
gpc,MIX,HIV-1 IN,minmax,4,0.8845826235093697,RBF(length_scale=1)
gpc,MIX,HIV-1 IN,minmax,4,0.8845826235093697,RBF(length_scale=2)
gpc,MIX,HIV-1 IN,minmax,4,0.8845826235093697,"RationalQuadratic(alpha=1, length_scale=1)"
gpc,MIX,HIV-1 IN,minmax,4,0.8743611584327087,"Matern(length_scale=1, nu=0.5)"
gpc,MIX,HIV-1 IN,minmax,4,0.8786201022146508,"Matern(length_scale=1, nu=1.5)"
gpc,MIX,HIV-1 IN,minmax,4,0.8807495741056218,"Matern(length_scale=1, nu=2.5)"
gpc,MIX,HIV-1 IN,minmax,4,0.952725724020443,DotProduct(sigma_0=1)
gpc,MIX,HIV-1 IN,minmax,4,0.8845826235093697,RBF(length_scale=1) + WhiteKernel(noise_level=1)
gpc,PC,HIV-1 PR,std,1,0.94296761720638,RBF(length_scale=0.5)
gpc,PC,HIV-1 PR,std,1,0.94296761720638,RBF(length_scale=1)
gpc,PC,HIV-1 PR,std,1,0.94296761720638,RBF(length_scale=2)
gpc,PC,HIV-1 PR,std,1,0.94296761720638,"RationalQuadratic(alpha=1, length_scale=1)"
gpc,PC,HIV-1 PR,std,1,0.9376510391493476,"Matern(length_scale=1, nu=0.5)"
gpc,PC,HIV-1 PR,std,1,0.9400676655389076,"Matern(length_scale=1, nu=1.5)"
gpc,PC,HIV-1 PR,std,1,0.9405509908168196,"Matern(length_scale=1, nu=2.5)"
gpc,PC,HIV-1 PR,std,1,0.958434026099565,DotProduct(sigma_0=1)
gpc,PC,HIV-1 PR,std,1,0.94296761720638,RBF(length_scale=1) + WhiteKernel(noise_level=1)
gpc,PC,HIV-1 PR,std,2,0.94296761720638,RBF(length_scale=0.5)
gpc,PC,HIV-1 PR,std,2,0.94296761720638,RBF(length_scale=1)
gpc,PC,HIV-1 PR,std,2,0.94296761720638,RBF(length_scale=2)
gpc,PC,HIV-1 PR,std,2,0.94296761720638,"RationalQuadratic(alpha=1, length_scale=1)"
gpc,PC,HIV-1 PR,std,2,0.9362010633156114,"Matern(length_scale=1, nu=0.5)"
gpc,PC,HIV-1 PR,std,2,0.9410343160947318,"Matern(length_scale=1, nu=1.5)"
gpc,PC,HIV-1 PR,std,2,0.9420009666505558,"Matern(length_scale=1, nu=2.5)"
gpc,PC,HIV-1 PR,std,2,0.9275012083131948,DotProduct(sigma_0=1)
gpc,PC,HIV-1 PR,std,2,0.94296761720638,RBF(length_scale=1) + WhiteKernel(noise_level=1)
gpc,PC,HIV-1 PR,std,3,0.9415176413726438,RBF(length_scale=0.5)
gpc,PC,HIV-1 PR,std,3,0.9415176413726438,RBF(length_scale=1)
gpc,PC,HIV-1 PR,std,3,0.9415176413726438,RBF(length_scale=2)
gpc,PC,HIV-1 PR,std,3,0.9415176413726438,"RationalQuadratic(alpha=1, length_scale=1)"
gpc,PC,HIV-1 PR,std,3,0.9376510391493476,"Matern(length_scale=1, nu=0.5)"
gpc,PC,HIV-1 PR,std,3,0.9395843402609956,"Matern(length_scale=1, nu=1.5)"
gpc,PC,HIV-1 PR,std,3,0.9275012083131948,"Matern(length_scale=1, nu=2.5)"
gpc,PC,HIV-1 PR,std,3,0.0724987916868052,DotProduct(sigma_0=1)
gpc,PC,HIV-1 PR,std,3,0.9415176413726438,RBF(length_scale=1) + WhiteKernel(noise_level=1)
gpc,PC,HIV-1 PR,std,4,0.943934267762204,RBF(length_scale=0.5)
gpc,PC,HIV-1 PR,std,4,0.943934267762204,RBF(length_scale=1)
gpc,PC,HIV-1 PR,std,4,0.943934267762204,RBF(length_scale=2)
gpc,PC,HIV-1 PR,std,4,0.943934267762204,"RationalQuadratic(alpha=1, length_scale=1)"
gpc,PC,HIV-1 PR,std,4,0.9381343644272596,"Matern(length_scale=1, nu=0.5)"
gpc,PC,HIV-1 PR,std,4,0.9415176413726438,"Matern(length_scale=1, nu=1.5)"
gpc,PC,HIV-1 PR,std,4,0.94296761720638,"Matern(length_scale=1, nu=2.5)"
gpc,PC,HIV-1 PR,std,4,0.9642339294345096,DotProduct(sigma_0=1)
gpc,PC,HIV-1 PR,std,4,0.943934267762204,RBF(length_scale=1) + WhiteKernel(noise_level=1)
gpc,PC,HIV-1 PR,minmax,1,0.9275012083131948,RBF(length_scale=0.5)
gpc,PC,HIV-1 PR,minmax,1,0.9405509908168196,RBF(length_scale=1)
gpc,PC,HIV-1 PR,minmax,1,0.9405509908168196,RBF(length_scale=2)
gpc,PC,HIV-1 PR,minmax,1,0.9405509908168196,"RationalQuadratic(alpha=1, length_scale=1)"
gpc,PC,HIV-1 PR,minmax,1,0.931851135814403,"Matern(length_scale=1, nu=0.5)"
gpc,PC,HIV-1 PR,minmax,1,0.9381343644272596,"Matern(length_scale=1, nu=1.5)"
gpc,PC,HIV-1 PR,minmax,1,0.9395843402609956,"Matern(length_scale=1, nu=2.5)"
gpc,PC,HIV-1 PR,minmax,1,0.9381343644272596,DotProduct(sigma_0=1)
gpc,PC,HIV-1 PR,minmax,1,0.9405509908168196,RBF(length_scale=1) + WhiteKernel(noise_level=1)
gpc,PC,HIV-1 PR,minmax,2,0.9275012083131948,RBF(length_scale=0.5)
gpc,PC,HIV-1 PR,minmax,2,0.9386176897051716,RBF(length_scale=1)
gpc,PC,HIV-1 PR,minmax,2,0.9386176897051716,RBF(length_scale=2)
gpc,PC,HIV-1 PR,minmax,2,0.9386176897051716,"RationalQuadratic(alpha=1, length_scale=1)"
gpc,PC,HIV-1 PR,minmax,2,0.9333011116481392,"Matern(length_scale=1, nu=0.5)"
gpc,PC,HIV-1 PR,minmax,2,0.9371677138714356,"Matern(length_scale=1, nu=1.5)"
gpc,PC,HIV-1 PR,minmax,2,0.9381343644272596,"Matern(length_scale=1, nu=2.5)"
gpc,PC,HIV-1 PR,minmax,2,0.9381343644272596,DotProduct(sigma_0=1)
gpc,PC,HIV-1 PR,minmax,2,0.9386176897051716,RBF(length_scale=1) + WhiteKernel(noise_level=1)
gpc,PC,HIV-1 PR,minmax,3,0.9275012083131948,RBF(length_scale=0.5)
gpc,PC,HIV-1 PR,minmax,3,0.9395843402609956,RBF(length_scale=1)
gpc,PC,HIV-1 PR,minmax,3,0.9395843402609956,RBF(length_scale=2)
gpc,PC,HIV-1 PR,minmax,3,0.9395843402609956,"RationalQuadratic(alpha=1, length_scale=1)"
gpc,PC,HIV-1 PR,minmax,3,0.9328177863702272,"Matern(length_scale=1, nu=0.5)"
gpc,PC,HIV-1 PR,minmax,3,0.9362010633156114,"Matern(length_scale=1, nu=1.5)"
gpc,PC,HIV-1 PR,minmax,3,0.9381343644272596,"Matern(length_scale=1, nu=2.5)"
gpc,PC,HIV-1 PR,minmax,3,0.9376510391493476,DotProduct(sigma_0=1)
gpc,PC,HIV-1 PR,minmax,3,0.9395843402609956,RBF(length_scale=1) + WhiteKernel(noise_level=1)
gpc,PC,HIV-1 PR,minmax,4,0.9275012083131948,RBF(length_scale=0.5)
gpc,PC,HIV-1 PR,minmax,4,0.9415176413726438,RBF(length_scale=1)
gpc,PC,HIV-1 PR,minmax,4,0.9415176413726438,RBF(length_scale=2)
gpc,PC,HIV-1 PR,minmax,4,0.9415176413726438,"RationalQuadratic(alpha=1, length_scale=1)"
gpc,PC,HIV-1 PR,minmax,4,0.9328177863702272,"Matern(length_scale=1, nu=0.5)"
gpc,PC,HIV-1 PR,minmax,4,0.9381343644272596,"Matern(length_scale=1, nu=1.5)"
gpc,PC,HIV-1 PR,minmax,4,0.9400676655389076,"Matern(length_scale=1, nu=2.5)"
gpc,PC,HIV-1 PR,minmax,4,0.9395843402609956,DotProduct(sigma_0=1)
gpc,PC,HIV-1 PR,minmax,4,0.9415176413726438,RBF(length_scale=1) + WhiteKernel(noise_level=1)
gpc,ECFP4,HIV-1 PR,std,1,0.7684871918801354,RBF(length_scale=0.5)
gpc,ECFP4,HIV-1 PR,std,1,0.9772837119381343,RBF(length_scale=1)
gpc,ECFP4,HIV-1 PR,std,1,0.9289511841469308,RBF(length_scale=2)
gpc,ECFP4,HIV-1 PR,std,1,0.9289511841469308,"RationalQuadratic(alpha=1, length_scale=1)"
gpc,ECFP4,HIV-1 PR,std,1,0.9275012083131948,"Matern(length_scale=1, nu=0.5)"
gpc,ECFP4,HIV-1 PR,std,1,0.9782503624939584,"Matern(length_scale=1, nu=1.5)"
gpc,ECFP4,HIV-1 PR,std,1,0.9787336877718704,"Matern(length_scale=1, nu=2.5)"
gpc,ECFP4,HIV-1 PR,std,1,0.9275012083131948,DotProduct(sigma_0=1)
gpc,ECFP4,HIV-1 PR,std,1,0.9772837119381343,RBF(length_scale=1) + WhiteKernel(noise_level=1)
gpc,ECFP4,HIV-1 PR,std,2,0.7689705171580473,RBF(length_scale=0.5)
gpc,ECFP4,HIV-1 PR,std,2,0.9816336394393428,RBF(length_scale=1)
gpc,ECFP4,HIV-1 PR,std,2,0.9275012083131948,RBF(length_scale=2)
gpc,ECFP4,HIV-1 PR,std,2,0.9275012083131948,"RationalQuadratic(alpha=1, length_scale=1)"
gpc,ECFP4,HIV-1 PR,std,2,0.9275012083131948,"Matern(length_scale=1, nu=0.5)"
gpc,ECFP4,HIV-1 PR,std,2,0.9806669888835186,"Matern(length_scale=1, nu=1.5)"
gpc,ECFP4,HIV-1 PR,std,2,0.9806669888835186,"Matern(length_scale=1, nu=2.5)"
gpc,ECFP4,HIV-1 PR,std,2,0.9826002899951668,DotProduct(sigma_0=1)
gpc,ECFP4,HIV-1 PR,std,2,0.9816336394393428,RBF(length_scale=1) + WhiteKernel(noise_level=1)
gpc,ECFP4,HIV-1 PR,std,3,0.7655872402126631,RBF(length_scale=0.5)
gpc,ECFP4,HIV-1 PR,std,3,0.9758337361043984,RBF(length_scale=1)
gpc,ECFP4,HIV-1 PR,std,3,0.9299178347027548,RBF(length_scale=2)
gpc,ECFP4,HIV-1 PR,std,3,0.9299178347027548,"RationalQuadratic(alpha=1, length_scale=1)"
gpc,ECFP4,HIV-1 PR,std,3,0.9275012083131948,"Matern(length_scale=1, nu=0.5)"
gpc,ECFP4,HIV-1 PR,std,3,0.9797003383276944,"Matern(length_scale=1, nu=1.5)"
gpc,ECFP4,HIV-1 PR,std,3,0.9797003383276944,"Matern(length_scale=1, nu=2.5)"
gpc,ECFP4,HIV-1 PR,std,3,0.9275012083131948,DotProduct(sigma_0=1)
gpc,ECFP4,HIV-1 PR,std,3,0.9758337361043984,RBF(length_scale=1) + WhiteKernel(noise_level=1)
gpc,ECFP4,HIV-1 PR,std,4,0.7713871435476075,RBF(length_scale=0.5)
gpc,ECFP4,HIV-1 PR,std,4,0.9821169647172548,RBF(length_scale=1)
gpc,ECFP4,HIV-1 PR,std,4,0.9299178347027548,RBF(length_scale=2)
gpc,ECFP4,HIV-1 PR,std,4,0.9299178347027548,"RationalQuadratic(alpha=1, length_scale=1)"
gpc,ECFP4,HIV-1 PR,std,4,0.9275012083131948,"Matern(length_scale=1, nu=0.5)"
gpc,ECFP4,HIV-1 PR,std,4,0.9806669888835186,"Matern(length_scale=1, nu=1.5)"
gpc,ECFP4,HIV-1 PR,std,4,0.9806669888835186,"Matern(length_scale=1, nu=2.5)"
gpc,ECFP4,HIV-1 PR,std,4,0.9275012083131948,DotProduct(sigma_0=1)
gpc,ECFP4,HIV-1 PR,std,4,0.9821169647172548,RBF(length_scale=1) + WhiteKernel(noise_level=1)
gpc,ECFP4,HIV-1 PR,minmax,1,0.931851135814403,RBF(length_scale=0.5)
gpc,ECFP4,HIV-1 PR,minmax,1,0.9275012083131948,RBF(length_scale=1)
gpc,ECFP4,HIV-1 PR,minmax,1,0.9275012083131948,RBF(length_scale=2)
gpc,ECFP4,HIV-1 PR,minmax,1,0.9275012083131948,"RationalQuadratic(alpha=1, length_scale=1)"
gpc,ECFP4,HIV-1 PR,minmax,1,0.9275012083131948,"Matern(length_scale=1, nu=0.5)"
gpc,ECFP4,HIV-1 PR,minmax,1,0.9275012083131948,"Matern(length_scale=1, nu=1.5)"
gpc,ECFP4,HIV-1 PR,minmax,1,0.9279845335911068,"Matern(length_scale=1, nu=2.5)"
gpc,ECFP4,HIV-1 PR,minmax,1,0.9830836152730787,DotProduct(sigma_0=1)
gpc,ECFP4,HIV-1 PR,minmax,1,0.9275012083131948,RBF(length_scale=1) + WhiteKernel(noise_level=1)
gpc,ECFP4,HIV-1 PR,minmax,2,0.9275012083131948,RBF(length_scale=0.5)
gpc,ECFP4,HIV-1 PR,minmax,2,0.9275012083131948,RBF(length_scale=1)
gpc,ECFP4,HIV-1 PR,minmax,2,0.9275012083131948,RBF(length_scale=2)
gpc,ECFP4,HIV-1 PR,minmax,2,0.9275012083131948,"RationalQuadratic(alpha=1, length_scale=1)"
gpc,ECFP4,HIV-1 PR,minmax,2,0.9275012083131948,"Matern(length_scale=1, nu=0.5)"
gpc,ECFP4,HIV-1 PR,minmax,2,0.9275012083131948,"Matern(length_scale=1, nu=1.5)"
gpc,ECFP4,HIV-1 PR,minmax,2,0.9275012083131948,"Matern(length_scale=1, nu=2.5)"
gpc,ECFP4,HIV-1 PR,minmax,2,0.9855002416626388,DotProduct(sigma_0=1)
gpc,ECFP4,HIV-1 PR,minmax,2,0.9275012083131948,RBF(length_scale=1) + WhiteKernel(noise_level=1)
gpc,ECFP4,HIV-1 PR,minmax,3,0.9284678588690188,RBF(length_scale=0.5)
gpc,ECFP4,HIV-1 PR,minmax,3,0.9275012083131948,RBF(length_scale=1)
gpc,ECFP4,HIV-1 PR,minmax,3,0.9275012083131948,RBF(length_scale=2)
gpc,ECFP4,HIV-1 PR,minmax,3,0.9275012083131948,"RationalQuadratic(alpha=1, length_scale=1)"
gpc,ECFP4,HIV-1 PR,minmax,3,0.9275012083131948,"Matern(length_scale=1, nu=0.5)"
gpc,ECFP4,HIV-1 PR,minmax,3,0.9275012083131948,"Matern(length_scale=1, nu=1.5)"
gpc,ECFP4,HIV-1 PR,minmax,3,0.9275012083131948,"Matern(length_scale=1, nu=2.5)"
gpc,ECFP4,HIV-1 PR,minmax,3,0.9830836152730787,DotProduct(sigma_0=1)
gpc,ECFP4,HIV-1 PR,minmax,3,0.9275012083131948,RBF(length_scale=1) + WhiteKernel(noise_level=1)
gpc,ECFP4,HIV-1 PR,minmax,4,0.9299178347027548,RBF(length_scale=0.5)
gpc,ECFP4,HIV-1 PR,minmax,4,0.9275012083131948,RBF(length_scale=1)
gpc,ECFP4,HIV-1 PR,minmax,4,0.9275012083131948,RBF(length_scale=2)
gpc,ECFP4,HIV-1 PR,minmax,4,0.9275012083131948,"RationalQuadratic(alpha=1, length_scale=1)"
gpc,ECFP4,HIV-1 PR,minmax,4,0.9275012083131948,"Matern(length_scale=1, nu=0.5)"
gpc,ECFP4,HIV-1 PR,minmax,4,0.9275012083131948,"Matern(length_scale=1, nu=1.5)"
gpc,ECFP4,HIV-1 PR,minmax,4,0.9275012083131948,"Matern(length_scale=1, nu=2.5)"
gpc,ECFP4,HIV-1 PR,minmax,4,0.9816336394393428,DotProduct(sigma_0=1)
gpc,ECFP4,HIV-1 PR,minmax,4,0.9275012083131948,RBF(length_scale=1) + WhiteKernel(noise_level=1)
gpc,MIX,HIV-1 PR,std,1,0.9299178347027548,RBF(length_scale=0.5)
gpc,MIX,HIV-1 PR,std,1,0.9299178347027548,RBF(length_scale=1)
gpc,MIX,HIV-1 PR,std,1,0.9299178347027548,RBF(length_scale=2)
gpc,MIX,HIV-1 PR,std,1,0.9299178347027548,"RationalQuadratic(alpha=1, length_scale=1)"
gpc,MIX,HIV-1 PR,std,1,0.9275012083131948,"Matern(length_scale=1, nu=0.5)"
gpc,MIX,HIV-1 PR,std,1,0.9275012083131948,"Matern(length_scale=1, nu=1.5)"
gpc,MIX,HIV-1 PR,std,1,0.9275012083131948,"Matern(length_scale=1, nu=2.5)"
gpc,MIX,HIV-1 PR,std,1,0.986950217496375,DotProduct(sigma_0=1)
gpc,MIX,HIV-1 PR,std,1,0.9299178347027548,RBF(length_scale=1) + WhiteKernel(noise_level=1)
gpc,MIX,HIV-1 PR,std,2,0.9275012083131948,RBF(length_scale=0.5)
gpc,MIX,HIV-1 PR,std,2,0.9275012083131948,RBF(length_scale=1)
gpc,MIX,HIV-1 PR,std,2,0.9275012083131948,RBF(length_scale=2)
gpc,MIX,HIV-1 PR,std,2,0.9275012083131948,"RationalQuadratic(alpha=1, length_scale=1)"
gpc,MIX,HIV-1 PR,std,2,0.9275012083131948,"Matern(length_scale=1, nu=0.5)"
gpc,MIX,HIV-1 PR,std,2,0.9275012083131948,"Matern(length_scale=1, nu=1.5)"
gpc,MIX,HIV-1 PR,std,2,0.9275012083131948,"Matern(length_scale=1, nu=2.5)"
gpc,MIX,HIV-1 PR,std,2,0.9835669405509908,DotProduct(sigma_0=1)
gpc,MIX,HIV-1 PR,std,2,0.9275012083131948,RBF(length_scale=1) + WhiteKernel(noise_level=1)
gpc,MIX,HIV-1 PR,std,3,0.9279845335911068,RBF(length_scale=0.5)
gpc,MIX,HIV-1 PR,std,3,0.9279845335911068,RBF(length_scale=1)
gpc,MIX,HIV-1 PR,std,3,0.9279845335911068,RBF(length_scale=2)
gpc,MIX,HIV-1 PR,std,3,0.9279845335911068,"RationalQuadratic(alpha=1, length_scale=1)"
gpc,MIX,HIV-1 PR,std,3,0.9275012083131948,"Matern(length_scale=1, nu=0.5)"
gpc,MIX,HIV-1 PR,std,3,0.9275012083131948,"Matern(length_scale=1, nu=1.5)"
gpc,MIX,HIV-1 PR,std,3,0.9275012083131948,"Matern(length_scale=1, nu=2.5)"
gpc,MIX,HIV-1 PR,std,3,0.9850169163847268,DotProduct(sigma_0=1)
gpc,MIX,HIV-1 PR,std,3,0.9279845335911068,RBF(length_scale=1) + WhiteKernel(noise_level=1)
gpc,MIX,HIV-1 PR,std,4,0.9299178347027548,RBF(length_scale=0.5)
gpc,MIX,HIV-1 PR,std,4,0.9299178347027548,RBF(length_scale=1)
gpc,MIX,HIV-1 PR,std,4,0.9299178347027548,RBF(length_scale=2)
gpc,MIX,HIV-1 PR,std,4,0.9299178347027548,"RationalQuadratic(alpha=1, length_scale=1)"
gpc,MIX,HIV-1 PR,std,4,0.9275012083131948,"Matern(length_scale=1, nu=0.5)"
gpc,MIX,HIV-1 PR,std,4,0.9275012083131948,"Matern(length_scale=1, nu=1.5)"
gpc,MIX,HIV-1 PR,std,4,0.9289511841469308,"Matern(length_scale=1, nu=2.5)"
gpc,MIX,HIV-1 PR,std,4,0.9845335911068148,DotProduct(sigma_0=1)
gpc,MIX,HIV-1 PR,std,4,0.9299178347027548,RBF(length_scale=1) + WhiteKernel(noise_level=1)
gpc,MIX,HIV-1 PR,minmax,1,0.9275012083131948,RBF(length_scale=0.5)
gpc,MIX,HIV-1 PR,minmax,1,0.9275012083131948,RBF(length_scale=1)
gpc,MIX,HIV-1 PR,minmax,1,0.9275012083131948,RBF(length_scale=2)
gpc,MIX,HIV-1 PR,minmax,1,0.9275012083131948,"RationalQuadratic(alpha=1, length_scale=1)"
gpc,MIX,HIV-1 PR,minmax,1,0.9275012083131948,"Matern(length_scale=1, nu=0.5)"
gpc,MIX,HIV-1 PR,minmax,1,0.9275012083131948,"Matern(length_scale=1, nu=1.5)"
gpc,MIX,HIV-1 PR,minmax,1,0.9275012083131948,"Matern(length_scale=1, nu=2.5)"
gpc,MIX,HIV-1 PR,minmax,1,0.9840502658289028,DotProduct(sigma_0=1)
gpc,MIX,HIV-1 PR,minmax,1,0.9275012083131948,RBF(length_scale=1) + WhiteKernel(noise_level=1)
gpc,MIX,HIV-1 PR,minmax,2,0.9275012083131948,RBF(length_scale=0.5)
gpc,MIX,HIV-1 PR,minmax,2,0.9275012083131948,RBF(length_scale=1)
gpc,MIX,HIV-1 PR,minmax,2,0.9275012083131948,RBF(length_scale=2)
gpc,MIX,HIV-1 PR,minmax,2,0.9275012083131948,"RationalQuadratic(alpha=1, length_scale=1)"
gpc,MIX,HIV-1 PR,minmax,2,0.9275012083131948,"Matern(length_scale=1, nu=0.5)"
gpc,MIX,HIV-1 PR,minmax,2,0.9275012083131948,"Matern(length_scale=1, nu=1.5)"
gpc,MIX,HIV-1 PR,minmax,2,0.9275012083131948,"Matern(length_scale=1, nu=2.5)"
gpc,MIX,HIV-1 PR,minmax,2,0.9816336394393428,DotProduct(sigma_0=1)
gpc,MIX,HIV-1 PR,minmax,2,0.9275012083131948,RBF(length_scale=1) + WhiteKernel(noise_level=1)
gpc,MIX,HIV-1 PR,minmax,3,0.9275012083131948,RBF(length_scale=0.5)
gpc,MIX,HIV-1 PR,minmax,3,0.9275012083131948,RBF(length_scale=1)
gpc,MIX,HIV-1 PR,minmax,3,0.9275012083131948,RBF(length_scale=2)
gpc,MIX,HIV-1 PR,minmax,3,0.9275012083131948,"RationalQuadratic(alpha=1, length_scale=1)"
gpc,MIX,HIV-1 PR,minmax,3,0.9275012083131948,"Matern(length_scale=1, nu=0.5)"
gpc,MIX,HIV-1 PR,minmax,3,0.9275012083131948,"Matern(length_scale=1, nu=1.5)"
gpc,MIX,HIV-1 PR,minmax,3,0.9275012083131948,"Matern(length_scale=1, nu=2.5)"
gpc,MIX,HIV-1 PR,minmax,3,0.9845335911068148,DotProduct(sigma_0=1)
gpc,MIX,HIV-1 PR,minmax,3,0.9275012083131948,RBF(length_scale=1) + WhiteKernel(noise_level=1)
gpc,MIX,HIV-1 PR,minmax,4,0.9275012083131948,RBF(length_scale=0.5)
gpc,MIX,HIV-1 PR,minmax,4,0.9275012083131948,RBF(length_scale=1)
gpc,MIX,HIV-1 PR,minmax,4,0.9275012083131948,RBF(length_scale=2)
gpc,MIX,HIV-1 PR,minmax,4,0.9275012083131948,"RationalQuadratic(alpha=1, length_scale=1)"
gpc,MIX,HIV-1 PR,minmax,4,0.9275012083131948,"Matern(length_scale=1, nu=0.5)"
gpc,MIX,HIV-1 PR,minmax,4,0.9275012083131948,"Matern(length_scale=1, nu=1.5)"
gpc,MIX,HIV-1 PR,minmax,4,0.9275012083131948,"Matern(length_scale=1, nu=2.5)"
gpc,MIX,HIV-1 PR,minmax,4,0.985983566940551,DotProduct(sigma_0=1)
gpc,MIX,HIV-1 PR,minmax,4,0.9275012083131948,RBF(length_scale=1) + WhiteKernel(noise_level=1)
gpc,PC,HIV-1 RT,std,1,0.8556021569802277,RBF(length_scale=0.5)
gpc,PC,HIV-1 RT,std,1,0.8556021569802277,RBF(length_scale=1)
gpc,PC,HIV-1 RT,std,1,0.8556021569802277,RBF(length_scale=2)
gpc,PC,HIV-1 RT,std,1,0.8556021569802277,"RationalQuadratic(alpha=1, length_scale=1)"
gpc,PC,HIV-1 RT,std,1,0.8514080287597364,"Matern(length_scale=1, nu=0.5)"
gpc,PC,HIV-1 RT,std,1,0.8565008987417615,"Matern(length_scale=1, nu=1.5)"
gpc,PC,HIV-1 RT,std,1,0.8585979628520072,"Matern(length_scale=1, nu=2.5)"
gpc,PC,HIV-1 RT,std,1,0.8184541641701618,DotProduct(sigma_0=1)
gpc,PC,HIV-1 RT,std,1,0.8556021569802277,RBF(length_scale=1) + WhiteKernel(noise_level=1)
gpc,PC,HIV-1 RT,std,2,0.8541042540443379,RBF(length_scale=0.5)
gpc,PC,HIV-1 RT,std,2,0.8541042540443379,RBF(length_scale=1)
gpc,PC,HIV-1 RT,std,2,0.8541042540443379,RBF(length_scale=2)
gpc,PC,HIV-1 RT,std,2,0.8541042540443379,"RationalQuadratic(alpha=1, length_scale=1)"
gpc,PC,HIV-1 RT,std,2,0.8538046734571599,"Matern(length_scale=1, nu=0.5)"
gpc,PC,HIV-1 RT,std,2,0.8547034152186939,"Matern(length_scale=1, nu=1.5)"
gpc,PC,HIV-1 RT,std,2,0.8556021569802277,"Matern(length_scale=1, nu=2.5)"
gpc,PC,HIV-1 RT,std,2,0.8187537447573398,DotProduct(sigma_0=1)
gpc,PC,HIV-1 RT,std,2,0.8541042540443379,RBF(length_scale=1) + WhiteKernel(noise_level=1)
gpc,PC,HIV-1 RT,std,3,0.8526063511084482,RBF(length_scale=0.5)
gpc,PC,HIV-1 RT,std,3,0.8526063511084482,RBF(length_scale=1)
gpc,PC,HIV-1 RT,std,3,0.8526063511084482,RBF(length_scale=2)
gpc,PC,HIV-1 RT,std,3,0.8526063511084482,"RationalQuadratic(alpha=1, length_scale=1)"
gpc,PC,HIV-1 RT,std,3,0.8445176752546435,"Matern(length_scale=1, nu=0.5)"
gpc,PC,HIV-1 RT,std,3,0.8496105452366687,"Matern(length_scale=1, nu=1.5)"
gpc,PC,HIV-1 RT,std,3,0.8514080287597364,"Matern(length_scale=1, nu=2.5)"
gpc,PC,HIV-1 RT,std,3,0.8142600359496704,DotProduct(sigma_0=1)
gpc,PC,HIV-1 RT,std,3,0.8526063511084482,RBF(length_scale=1) + WhiteKernel(noise_level=1)
gpc,PC,HIV-1 RT,std,4,0.8553025763930497,RBF(length_scale=0.5)
gpc,PC,HIV-1 RT,std,4,0.8553025763930497,RBF(length_scale=1)
gpc,PC,HIV-1 RT,std,4,0.8553025763930497,RBF(length_scale=2)
gpc,PC,HIV-1 RT,std,4,0.8553025763930497,"RationalQuadratic(alpha=1, length_scale=1)"
gpc,PC,HIV-1 RT,std,4,0.8502097064110246,"Matern(length_scale=1, nu=0.5)"
gpc,PC,HIV-1 RT,std,4,0.8559017375674056,"Matern(length_scale=1, nu=1.5)"
gpc,PC,HIV-1 RT,std,4,0.8556021569802277,"Matern(length_scale=1, nu=2.5)"
gpc,PC,HIV-1 RT,std,4,0.8205512282804074,DotProduct(sigma_0=1)
gpc,PC,HIV-1 RT,std,4,0.8553025763930497,RBF(length_scale=1) + WhiteKernel(noise_level=1)
gpc,PC,HIV-1 RT,minmax,1,0.8490113840623128,RBF(length_scale=0.5)
gpc,PC,HIV-1 RT,minmax,1,0.8490113840623128,RBF(length_scale=1)
gpc,PC,HIV-1 RT,minmax,1,0.8490113840623128,RBF(length_scale=2)
gpc,PC,HIV-1 RT,minmax,1,0.8490113840623128,"RationalQuadratic(alpha=1, length_scale=1)"
gpc,PC,HIV-1 RT,minmax,1,0.847513481126423,"Matern(length_scale=1, nu=0.5)"
gpc,PC,HIV-1 RT,minmax,1,0.8508088675853804,"Matern(length_scale=1, nu=1.5)"
gpc,PC,HIV-1 RT,minmax,1,0.8532055122828041,"Matern(length_scale=1, nu=2.5)"
gpc,PC,HIV-1 RT,minmax,1,0.7968843618933493,DotProduct(sigma_0=1)
gpc,PC,HIV-1 RT,minmax,1,0.8490113840623128,RBF(length_scale=1) + WhiteKernel(noise_level=1)
gpc,PC,HIV-1 RT,minmax,2,0.8466147393648892,RBF(length_scale=0.5)
gpc,PC,HIV-1 RT,minmax,2,0.8466147393648892,RBF(length_scale=1)
gpc,PC,HIV-1 RT,minmax,2,0.8466147393648892,RBF(length_scale=2)
gpc,PC,HIV-1 RT,minmax,2,0.8463151587777112,"RationalQuadratic(alpha=1, length_scale=1)"
gpc,PC,HIV-1 RT,minmax,2,0.8463151587777112,"Matern(length_scale=1, nu=0.5)"
gpc,PC,HIV-1 RT,minmax,2,0.8529059316956261,"Matern(length_scale=1, nu=1.5)"
gpc,PC,HIV-1 RT,minmax,2,0.8523067705212702,"Matern(length_scale=1, nu=2.5)"
gpc,PC,HIV-1 RT,minmax,2,0.8007789095266626,DotProduct(sigma_0=1)
gpc,PC,HIV-1 RT,minmax,2,0.8466147393648892,RBF(length_scale=1) + WhiteKernel(noise_level=1)
gpc,PC,HIV-1 RT,minmax,3,0.8472139005392451,RBF(length_scale=0.5)
gpc,PC,HIV-1 RT,minmax,3,0.8472139005392451,RBF(length_scale=1)
gpc,PC,HIV-1 RT,minmax,3,0.8472139005392451,RBF(length_scale=2)
gpc,PC,HIV-1 RT,minmax,3,0.8472139005392451,"RationalQuadratic(alpha=1, length_scale=1)"
gpc,PC,HIV-1 RT,minmax,3,0.8439185140802876,"Matern(length_scale=1, nu=0.5)"
gpc,PC,HIV-1 RT,minmax,3,0.8466147393648892,"Matern(length_scale=1, nu=1.5)"
gpc,PC,HIV-1 RT,minmax,3,0.8466147393648892,"Matern(length_scale=1, nu=2.5)"
gpc,PC,HIV-1 RT,minmax,3,0.8004793289394847,DotProduct(sigma_0=1)
gpc,PC,HIV-1 RT,minmax,3,0.8472139005392451,RBF(length_scale=1) + WhiteKernel(noise_level=1)
gpc,PC,HIV-1 RT,minmax,4,0.8505092869982025,RBF(length_scale=0.5)
gpc,PC,HIV-1 RT,minmax,4,0.8505092869982025,RBF(length_scale=1)
gpc,PC,HIV-1 RT,minmax,4,0.8505092869982025,RBF(length_scale=2)
gpc,PC,HIV-1 RT,minmax,4,0.8505092869982025,"RationalQuadratic(alpha=1, length_scale=1)"
gpc,PC,HIV-1 RT,minmax,4,0.8445176752546435,"Matern(length_scale=1, nu=0.5)"
gpc,PC,HIV-1 RT,minmax,4,0.8508088675853804,"Matern(length_scale=1, nu=1.5)"
gpc,PC,HIV-1 RT,minmax,4,0.8526063511084482,"Matern(length_scale=1, nu=2.5)"
gpc,PC,HIV-1 RT,minmax,4,0.7995805871779509,DotProduct(sigma_0=1)
gpc,PC,HIV-1 RT,minmax,4,0.8505092869982025,RBF(length_scale=1) + WhiteKernel(noise_level=1)
gpc,ECFP4,HIV-1 RT,std,1,0.7696225284601558,RBF(length_scale=0.5)
gpc,ECFP4,HIV-1 RT,std,1,0.9466746554823248,RBF(length_scale=1)
gpc,ECFP4,HIV-1 RT,std,1,0.8373277411623726,RBF(length_scale=2)
gpc,ECFP4,HIV-1 RT,std,1,0.8373277411623726,"RationalQuadratic(alpha=1, length_scale=1)"
gpc,ECFP4,HIV-1 RT,std,1,0.9496704613541044,"Matern(length_scale=1, nu=0.5)"
gpc,ECFP4,HIV-1 RT,std,1,0.9490713001797484,"Matern(length_scale=1, nu=1.5)"
gpc,ECFP4,HIV-1 RT,std,1,0.9478729778310364,"Matern(length_scale=1, nu=2.5)"
gpc,ECFP4,HIV-1 RT,std,1,0.9301977231875376,DotProduct(sigma_0=1)
gpc,ECFP4,HIV-1 RT,std,1,0.9466746554823248,RBF(length_scale=1) + WhiteKernel(noise_level=1)
gpc,ECFP4,HIV-1 RT,std,2,0.7741162372678251,RBF(length_scale=0.5)
gpc,ECFP4,HIV-1 RT,std,2,0.9475733972438586,RBF(length_scale=1)
gpc,ECFP4,HIV-1 RT,std,2,0.9484721390053924,RBF(length_scale=2)
gpc,ECFP4,HIV-1 RT,std,2,0.8388256440982624,"RationalQuadratic(alpha=1, length_scale=1)"
gpc,ECFP4,HIV-1 RT,std,2,0.9478729778310364,"Matern(length_scale=1, nu=0.5)"
gpc,ECFP4,HIV-1 RT,std,2,0.9493708807669264,"Matern(length_scale=1, nu=1.5)"
gpc,ECFP4,HIV-1 RT,std,2,0.9496704613541044,"Matern(length_scale=1, nu=2.5)"
gpc,ECFP4,HIV-1 RT,std,2,0.2807070101857399,DotProduct(sigma_0=1)
gpc,ECFP4,HIV-1 RT,std,2,0.9475733972438586,RBF(length_scale=1) + WhiteKernel(noise_level=1)
gpc,ECFP4,HIV-1 RT,std,3,0.7660275614140204,RBF(length_scale=0.5)
gpc,ECFP4,HIV-1 RT,std,3,0.9490713001797484,RBF(length_scale=1)
gpc,ECFP4,HIV-1 RT,std,3,0.9484721390053924,RBF(length_scale=2)
gpc,ECFP4,HIV-1 RT,std,3,0.841521869382864,"RationalQuadratic(alpha=1, length_scale=1)"
gpc,ECFP4,HIV-1 RT,std,3,0.9493708807669264,"Matern(length_scale=1, nu=0.5)"
gpc,ECFP4,HIV-1 RT,std,3,0.9493708807669264,"Matern(length_scale=1, nu=1.5)"
gpc,ECFP4,HIV-1 RT,std,3,0.9493708807669264,"Matern(length_scale=1, nu=2.5)"
gpc,ECFP4,HIV-1 RT,std,3,0.71929298981426,DotProduct(sigma_0=1)
gpc,ECFP4,HIV-1 RT,std,3,0.9487717195925705,RBF(length_scale=1) + WhiteKernel(noise_level=1)
gpc,ECFP4,HIV-1 RT,std,4,0.767825044937088,RBF(length_scale=0.5)
gpc,ECFP4,HIV-1 RT,std,4,0.9490713001797484,RBF(length_scale=1)
gpc,ECFP4,HIV-1 RT,std,4,0.8424206111443978,RBF(length_scale=2)
gpc,ECFP4,HIV-1 RT,std,4,0.8424206111443978,"RationalQuadratic(alpha=1, length_scale=1)"
gpc,ECFP4,HIV-1 RT,std,4,0.952067106051528,"Matern(length_scale=1, nu=0.5)"
gpc,ECFP4,HIV-1 RT,std,4,0.950569203115638,"Matern(length_scale=1, nu=1.5)"
gpc,ECFP4,HIV-1 RT,std,4,0.95026962252846,"Matern(length_scale=1, nu=2.5)"
gpc,ECFP4,HIV-1 RT,std,4,0.71929298981426,DotProduct(sigma_0=1)
gpc,ECFP4,HIV-1 RT,std,4,0.9490713001797484,RBF(length_scale=1) + WhiteKernel(noise_level=1)
gpc,ECFP4,HIV-1 RT,minmax,1,0.8529059316956261,RBF(length_scale=0.5)
gpc,ECFP4,HIV-1 RT,minmax,1,0.8529059316956261,RBF(length_scale=1)
gpc,ECFP4,HIV-1 RT,minmax,1,0.8529059316956261,RBF(length_scale=2)
gpc,ECFP4,HIV-1 RT,minmax,1,0.8529059316956261,"RationalQuadratic(alpha=1, length_scale=1)"
gpc,ECFP4,HIV-1 RT,minmax,1,0.8130617136009587,"Matern(length_scale=1, nu=0.5)"
gpc,ECFP4,HIV-1 RT,minmax,1,0.8385260635110845,"Matern(length_scale=1, nu=1.5)"
gpc,ECFP4,HIV-1 RT,minmax,1,0.8457159976033553,"Matern(length_scale=1, nu=2.5)"
gpc,ECFP4,HIV-1 RT,minmax,1,0.9334931096464948,DotProduct(sigma_0=1)
gpc,ECFP4,HIV-1 RT,minmax,1,0.8529059316956261,RBF(length_scale=1) + WhiteKernel(noise_level=1)
gpc,ECFP4,HIV-1 RT,minmax,2,0.8553025763930497,RBF(length_scale=0.5)
gpc,ECFP4,HIV-1 RT,minmax,2,0.8553025763930497,RBF(length_scale=1)
gpc,ECFP4,HIV-1 RT,minmax,2,0.8553025763930497,RBF(length_scale=2)
gpc,ECFP4,HIV-1 RT,minmax,2,0.8553025763930497,"RationalQuadratic(alpha=1, length_scale=1)"
gpc,ECFP4,HIV-1 RT,minmax,2,0.811264230077891,"Matern(length_scale=1, nu=0.5)"
gpc,ECFP4,HIV-1 RT,minmax,2,0.8376273217495507,"Matern(length_scale=1, nu=1.5)"
gpc,ECFP4,HIV-1 RT,minmax,2,0.8427201917315758,"Matern(length_scale=1, nu=2.5)"
gpc,ECFP4,HIV-1 RT,minmax,2,0.9319952067106052,DotProduct(sigma_0=1)
gpc,ECFP4,HIV-1 RT,minmax,2,0.8553025763930497,RBF(length_scale=1) + WhiteKernel(noise_level=1)
gpc,ECFP4,HIV-1 RT,minmax,3,0.8553025763930497,RBF(length_scale=0.5)
gpc,ECFP4,HIV-1 RT,minmax,3,0.8553025763930497,RBF(length_scale=1)
gpc,ECFP4,HIV-1 RT,minmax,3,0.8553025763930497,RBF(length_scale=2)
gpc,ECFP4,HIV-1 RT,minmax,3,0.8553025763930497,"RationalQuadratic(alpha=1, length_scale=1)"
gpc,ECFP4,HIV-1 RT,minmax,3,0.8157579388855603,"Matern(length_scale=1, nu=0.5)"
gpc,ECFP4,HIV-1 RT,minmax,3,0.8397243858597963,"Matern(length_scale=1, nu=1.5)"
gpc,ECFP4,HIV-1 RT,minmax,3,0.8469143199520671,"Matern(length_scale=1, nu=2.5)"
gpc,ECFP4,HIV-1 RT,minmax,3,0.938885560215698,DotProduct(sigma_0=1)
gpc,ECFP4,HIV-1 RT,minmax,3,0.8553025763930497,RBF(length_scale=1) + WhiteKernel(noise_level=1)
gpc,ECFP4,HIV-1 RT,minmax,4,0.8606950269622529,RBF(length_scale=0.5)
gpc,ECFP4,HIV-1 RT,minmax,4,0.8606950269622529,RBF(length_scale=1)
gpc,ECFP4,HIV-1 RT,minmax,4,0.8606950269622529,RBF(length_scale=2)
gpc,ECFP4,HIV-1 RT,minmax,4,0.8606950269622529,"RationalQuadratic(alpha=1, length_scale=1)"
gpc,ECFP4,HIV-1 RT,minmax,4,0.8145596165368484,"Matern(length_scale=1, nu=0.5)"
gpc,ECFP4,HIV-1 RT,minmax,4,0.8436189334931097,"Matern(length_scale=1, nu=1.5)"
gpc,ECFP4,HIV-1 RT,minmax,4,0.8496105452366687,"Matern(length_scale=1, nu=2.5)"
gpc,ECFP4,HIV-1 RT,minmax,4,0.9355901737567406,DotProduct(sigma_0=1)
gpc,ECFP4,HIV-1 RT,minmax,4,0.8606950269622529,RBF(length_scale=1) + WhiteKernel(noise_level=1)
gpc,MIX,HIV-1 RT,std,1,0.847513481126423,RBF(length_scale=0.5)
gpc,MIX,HIV-1 RT,std,1,0.847513481126423,RBF(length_scale=1)
gpc,MIX,HIV-1 RT,std,1,0.847513481126423,RBF(length_scale=2)
gpc,MIX,HIV-1 RT,std,1,0.847513481126423,"RationalQuadratic(alpha=1, length_scale=1)"
gpc,MIX,HIV-1 RT,std,1,0.7875973636908329,"Matern(length_scale=1, nu=0.5)"
gpc,MIX,HIV-1 RT,std,1,0.8214499700419413,"Matern(length_scale=1, nu=1.5)"
gpc,MIX,HIV-1 RT,std,1,0.8313361294188136,"Matern(length_scale=1, nu=2.5)"
gpc,MIX,HIV-1 RT,std,1,0.71929298981426,DotProduct(sigma_0=1)
gpc,MIX,HIV-1 RT,std,1,0.847513481126423,RBF(length_scale=1) + WhiteKernel(noise_level=1)
gpc,MIX,HIV-1 RT,std,2,0.8454164170161773,RBF(length_scale=0.5)
gpc,MIX,HIV-1 RT,std,2,0.8454164170161773,RBF(length_scale=1)
gpc,MIX,HIV-1 RT,std,2,0.8454164170161773,RBF(length_scale=2)
gpc,MIX,HIV-1 RT,std,2,0.8454164170161773,"RationalQuadratic(alpha=1, length_scale=1)"
gpc,MIX,HIV-1 RT,std,2,0.7869982025164769,"Matern(length_scale=1, nu=0.5)"
gpc,MIX,HIV-1 RT,std,2,0.822947872977831,"Matern(length_scale=1, nu=1.5)"
gpc,MIX,HIV-1 RT,std,2,0.8307369682444578,"Matern(length_scale=1, nu=2.5)"
gpc,MIX,HIV-1 RT,std,2,0.2807070101857399,DotProduct(sigma_0=1)
gpc,MIX,HIV-1 RT,std,2,0.8454164170161773,RBF(length_scale=1) + WhiteKernel(noise_level=1)
gpc,MIX,HIV-1 RT,std,3,0.8367285799880168,RBF(length_scale=0.5)
gpc,MIX,HIV-1 RT,std,3,0.8367285799880168,RBF(length_scale=1)
gpc,MIX,HIV-1 RT,std,3,0.8367285799880168,RBF(length_scale=2)
gpc,MIX,HIV-1 RT,std,3,0.8367285799880168,"RationalQuadratic(alpha=1, length_scale=1)"
gpc,MIX,HIV-1 RT,std,3,0.7783103654883163,"Matern(length_scale=1, nu=0.5)"
gpc,MIX,HIV-1 RT,std,3,0.8103654883163571,"Matern(length_scale=1, nu=1.5)"
gpc,MIX,HIV-1 RT,std,3,0.8196524865188736,"Matern(length_scale=1, nu=2.5)"
gpc,MIX,HIV-1 RT,std,3,0.71929298981426,DotProduct(sigma_0=1)
gpc,MIX,HIV-1 RT,std,3,0.8367285799880168,RBF(length_scale=1) + WhiteKernel(noise_level=1)
gpc,MIX,HIV-1 RT,std,4,0.8484122228879568,RBF(length_scale=0.5)
gpc,MIX,HIV-1 RT,std,4,0.8484122228879568,RBF(length_scale=1)
gpc,MIX,HIV-1 RT,std,4,0.8484122228879568,RBF(length_scale=2)
gpc,MIX,HIV-1 RT,std,4,0.8481126423007789,"RationalQuadratic(alpha=1, length_scale=1)"
gpc,MIX,HIV-1 RT,std,4,0.7890952666267226,"Matern(length_scale=1, nu=0.5)"
gpc,MIX,HIV-1 RT,std,4,0.822947872977831,"Matern(length_scale=1, nu=1.5)"
gpc,MIX,HIV-1 RT,std,4,0.8337327741162373,"Matern(length_scale=1, nu=2.5)"
gpc,MIX,HIV-1 RT,std,4,0.71929298981426,DotProduct(sigma_0=1)
gpc,MIX,HIV-1 RT,std,4,0.8484122228879568,RBF(length_scale=1) + WhiteKernel(noise_level=1)
gpc,MIX,HIV-1 RT,minmax,1,0.8559017375674056,RBF(length_scale=0.5)
gpc,MIX,HIV-1 RT,minmax,1,0.8559017375674056,RBF(length_scale=1)
gpc,MIX,HIV-1 RT,minmax,1,0.8559017375674056,RBF(length_scale=2)
gpc,MIX,HIV-1 RT,minmax,1,0.8559017375674056,"RationalQuadratic(alpha=1, length_scale=1)"
gpc,MIX,HIV-1 RT,minmax,1,0.8136608747753146,"Matern(length_scale=1, nu=0.5)"
gpc,MIX,HIV-1 RT,minmax,1,0.8376273217495507,"Matern(length_scale=1, nu=1.5)"
gpc,MIX,HIV-1 RT,minmax,1,0.8448172558418214,"Matern(length_scale=1, nu=2.5)"
gpc,MIX,HIV-1 RT,minmax,1,0.9307968843618932,DotProduct(sigma_0=1)
gpc,MIX,HIV-1 RT,minmax,1,0.8559017375674056,RBF(length_scale=1) + WhiteKernel(noise_level=1)
gpc,MIX,HIV-1 RT,minmax,2,0.8582983822648292,RBF(length_scale=0.5)
gpc,MIX,HIV-1 RT,minmax,2,0.8582983822648292,RBF(length_scale=1)
gpc,MIX,HIV-1 RT,minmax,2,0.8582983822648292,RBF(length_scale=2)
gpc,MIX,HIV-1 RT,minmax,2,0.8582983822648292,"RationalQuadratic(alpha=1, length_scale=1)"
gpc,MIX,HIV-1 RT,minmax,2,0.8148591971240263,"Matern(length_scale=1, nu=0.5)"
gpc,MIX,HIV-1 RT,minmax,2,0.8400239664469742,"Matern(length_scale=1, nu=1.5)"
gpc,MIX,HIV-1 RT,minmax,2,0.8466147393648892,"Matern(length_scale=1, nu=2.5)"
gpc,MIX,HIV-1 RT,minmax,2,0.9322947872977831,DotProduct(sigma_0=1)
gpc,MIX,HIV-1 RT,minmax,2,0.8582983822648292,RBF(length_scale=1) + WhiteKernel(noise_level=1)
gpc,MIX,HIV-1 RT,minmax,3,0.8481126423007789,RBF(length_scale=0.5)
gpc,MIX,HIV-1 RT,minmax,3,0.8481126423007789,RBF(length_scale=1)
gpc,MIX,HIV-1 RT,minmax,3,0.8481126423007789,RBF(length_scale=2)
gpc,MIX,HIV-1 RT,minmax,3,0.8481126423007789,"RationalQuadratic(alpha=1, length_scale=1)"
gpc,MIX,HIV-1 RT,minmax,3,0.8055721989215099,"Matern(length_scale=1, nu=0.5)"
gpc,MIX,HIV-1 RT,minmax,3,0.8316357100059916,"Matern(length_scale=1, nu=1.5)"
gpc,MIX,HIV-1 RT,minmax,3,0.8394248052726183,"Matern(length_scale=1, nu=2.5)"
gpc,MIX,HIV-1 RT,minmax,3,0.9364889155182744,DotProduct(sigma_0=1)
gpc,MIX,HIV-1 RT,minmax,3,0.8481126423007789,RBF(length_scale=1) + WhiteKernel(noise_level=1)
gpc,MIX,HIV-1 RT,minmax,4,0.8571000599161175,RBF(length_scale=0.5)
gpc,MIX,HIV-1 RT,minmax,4,0.8571000599161175,RBF(length_scale=1)
gpc,MIX,HIV-1 RT,minmax,4,0.8571000599161175,RBF(length_scale=2)
gpc,MIX,HIV-1 RT,minmax,4,0.8571000599161175,"RationalQuadratic(alpha=1, length_scale=1)"
gpc,MIX,HIV-1 RT,minmax,4,0.8166566806470941,"Matern(length_scale=1, nu=0.5)"
gpc,MIX,HIV-1 RT,minmax,4,0.8406231276213302,"Matern(length_scale=1, nu=1.5)"
gpc,MIX,HIV-1 RT,minmax,4,0.8454164170161773,"Matern(length_scale=1, nu=2.5)"
gpc,MIX,HIV-1 RT,minmax,4,0.9289994008388256,DotProduct(sigma_0=1)
gpc,MIX,HIV-1 RT,minmax,4,0.8571000599161175,RBF(length_scale=1) + WhiteKernel(noise_level=1)
