Descriptor,Enzyme,model,scaler,split,Accuracy,criterion,n_estimators
PC,IN,rfc,std,1,0.959114139693356,gini,100
PC,IN,rfc,std,1,0.9582623509369677,gini,500
PC,IN,rfc,std,1,0.9578364565587736,gini,1000
PC,IN,rfc,std,1,0.9578364565587736,gini,1500
PC,IN,rfc,std,1,0.9578364565587736,gini,2000
PC,IN,rfc,std,1,0.9565587734241908,entropy,100
PC,IN,rfc,std,1,0.9582623509369677,entropy,500
PC,IN,rfc,std,1,0.9578364565587736,entropy,1000
PC,IN,rfc,std,1,0.9582623509369677,entropy,1500
PC,IN,rfc,std,1,0.9578364565587736,entropy,2000
PC,IN,rfc,std,1,0.956984667802385,log_loss,100
PC,IN,rfc,std,1,0.9574105621805792,log_loss,500
PC,IN,rfc,std,1,0.9586882453151618,log_loss,1000
PC,IN,rfc,std,1,0.9582623509369677,log_loss,1500
PC,IN,rfc,std,1,0.9595400340715504,log_loss,2000
PC,IN,rfc,std,2,0.9574105621805792,gini,100
PC,IN,rfc,std,2,0.959114139693356,gini,500
PC,IN,rfc,std,2,0.9565587734241908,gini,1000
PC,IN,rfc,std,2,0.9552810902896082,gini,1500
PC,IN,rfc,std,2,0.9565587734241908,gini,2000
PC,IN,rfc,std,2,0.9561328790459966,entropy,100
PC,IN,rfc,std,2,0.9574105621805792,entropy,500
PC,IN,rfc,std,2,0.956984667802385,entropy,1000
PC,IN,rfc,std,2,0.9552810902896082,entropy,1500
PC,IN,rfc,std,2,0.9565587734241908,entropy,2000
PC,IN,rfc,std,2,0.9540034071550256,log_loss,100
PC,IN,rfc,std,2,0.9565587734241908,log_loss,500
PC,IN,rfc,std,2,0.9565587734241908,log_loss,1000
PC,IN,rfc,std,2,0.9557069846678024,log_loss,1500
PC,IN,rfc,std,2,0.9552810902896082,log_loss,2000
PC,IN,rfc,std,3,0.9633730834752982,gini,100
PC,IN,rfc,std,3,0.9616695059625212,gini,500
PC,IN,rfc,std,3,0.9612436115843273,gini,1000
PC,IN,rfc,std,3,0.9616695059625212,gini,1500
PC,IN,rfc,std,3,0.9646507666098808,gini,2000
PC,IN,rfc,std,3,0.9612436115843273,entropy,100
PC,IN,rfc,std,3,0.9616695059625212,entropy,500
PC,IN,rfc,std,3,0.9633730834752982,entropy,1000
PC,IN,rfc,std,3,0.9620954003407156,entropy,1500
PC,IN,rfc,std,3,0.9637989778534924,entropy,2000
PC,IN,rfc,std,3,0.9612436115843273,log_loss,100
PC,IN,rfc,std,3,0.9608177172061328,log_loss,500
PC,IN,rfc,std,3,0.9625212947189096,log_loss,1000
PC,IN,rfc,std,3,0.9620954003407156,log_loss,1500
PC,IN,rfc,std,3,0.962947189097104,log_loss,2000
PC,IN,rfc,std,4,0.9561328790459966,gini,100
PC,IN,rfc,std,4,0.956984667802385,gini,500
PC,IN,rfc,std,4,0.9578364565587736,gini,1000
PC,IN,rfc,std,4,0.9574105621805792,gini,1500
PC,IN,rfc,std,4,0.956984667802385,gini,2000
PC,IN,rfc,std,4,0.9540034071550256,entropy,100
PC,IN,rfc,std,4,0.956984667802385,entropy,500
PC,IN,rfc,std,4,0.9544293015332198,entropy,1000
PC,IN,rfc,std,4,0.9540034071550256,entropy,1500
PC,IN,rfc,std,4,0.9561328790459966,entropy,2000
PC,IN,rfc,std,4,0.9544293015332198,log_loss,100
PC,IN,rfc,std,4,0.9544293015332198,log_loss,500
PC,IN,rfc,std,4,0.9544293015332198,log_loss,1000
PC,IN,rfc,std,4,0.9540034071550256,log_loss,1500
PC,IN,rfc,std,4,0.9544293015332198,log_loss,2000
PC,IN,rfc,minmax,1,0.9565587734241908,gini,100
PC,IN,rfc,minmax,1,0.9586882453151618,gini,500
PC,IN,rfc,minmax,1,0.9582623509369677,gini,1000
PC,IN,rfc,minmax,1,0.9586882453151618,gini,1500
PC,IN,rfc,minmax,1,0.9578364565587736,gini,2000
PC,IN,rfc,minmax,1,0.956984667802385,entropy,100
PC,IN,rfc,minmax,1,0.9578364565587736,entropy,500
PC,IN,rfc,minmax,1,0.9578364565587736,entropy,1000
PC,IN,rfc,minmax,1,0.9574105621805792,entropy,1500
PC,IN,rfc,minmax,1,0.9578364565587736,entropy,2000
PC,IN,rfc,minmax,1,0.9578364565587736,log_loss,100
PC,IN,rfc,minmax,1,0.956984667802385,log_loss,500
PC,IN,rfc,minmax,1,0.9574105621805792,log_loss,1000
PC,IN,rfc,minmax,1,0.9578364565587736,log_loss,1500
PC,IN,rfc,minmax,1,0.9595400340715504,log_loss,2000
PC,IN,rfc,minmax,2,0.9561328790459966,gini,100
PC,IN,rfc,minmax,2,0.9552810902896082,gini,500
PC,IN,rfc,minmax,2,0.9557069846678024,gini,1000
PC,IN,rfc,minmax,2,0.9552810902896082,gini,1500
PC,IN,rfc,minmax,2,0.956984667802385,gini,2000
PC,IN,rfc,minmax,2,0.9599659284497444,entropy,100
PC,IN,rfc,minmax,2,0.956984667802385,entropy,500
PC,IN,rfc,minmax,2,0.954855195911414,entropy,1000
PC,IN,rfc,minmax,2,0.9561328790459966,entropy,1500
PC,IN,rfc,minmax,2,0.9561328790459966,entropy,2000
PC,IN,rfc,minmax,2,0.956984667802385,log_loss,100
PC,IN,rfc,minmax,2,0.9557069846678024,log_loss,500
PC,IN,rfc,minmax,2,0.9565587734241908,log_loss,1000
PC,IN,rfc,minmax,2,0.9552810902896082,log_loss,1500
PC,IN,rfc,minmax,2,0.9557069846678024,log_loss,2000
PC,IN,rfc,minmax,3,0.9646507666098808,gini,100
PC,IN,rfc,minmax,3,0.9625212947189096,gini,500
PC,IN,rfc,minmax,3,0.9625212947189096,gini,1000
PC,IN,rfc,minmax,3,0.9612436115843273,gini,1500
PC,IN,rfc,minmax,3,0.962947189097104,gini,2000
PC,IN,rfc,minmax,3,0.9625212947189096,entropy,100
PC,IN,rfc,minmax,3,0.962947189097104,entropy,500
PC,IN,rfc,minmax,3,0.9620954003407156,entropy,1000
PC,IN,rfc,minmax,3,0.9612436115843273,entropy,1500
PC,IN,rfc,minmax,3,0.9620954003407156,entropy,2000
PC,IN,rfc,minmax,3,0.9637989778534924,log_loss,100
PC,IN,rfc,minmax,3,0.9637989778534924,log_loss,500
PC,IN,rfc,minmax,3,0.9612436115843273,log_loss,1000
PC,IN,rfc,minmax,3,0.9620954003407156,log_loss,1500
PC,IN,rfc,minmax,3,0.9620954003407156,log_loss,2000
PC,IN,rfc,minmax,4,0.954855195911414,gini,100
PC,IN,rfc,minmax,4,0.9552810902896082,gini,500
PC,IN,rfc,minmax,4,0.9561328790459966,gini,1000
PC,IN,rfc,minmax,4,0.9561328790459966,gini,1500
PC,IN,rfc,minmax,4,0.956984667802385,gini,2000
PC,IN,rfc,minmax,4,0.9544293015332198,entropy,100
PC,IN,rfc,minmax,4,0.9535775127768312,entropy,500
PC,IN,rfc,minmax,4,0.9561328790459966,entropy,1000
PC,IN,rfc,minmax,4,0.9565587734241908,entropy,1500
PC,IN,rfc,minmax,4,0.9552810902896082,entropy,2000
PC,IN,rfc,minmax,4,0.9535775127768312,log_loss,100
PC,IN,rfc,minmax,4,0.9561328790459966,log_loss,500
PC,IN,rfc,minmax,4,0.954855195911414,log_loss,1000
PC,IN,rfc,minmax,4,0.9544293015332198,log_loss,1500
PC,IN,rfc,minmax,4,0.9552810902896082,log_loss,2000
ECFP4,IN,rfc,std,1,0.9625212947189096,gini,100
ECFP4,IN,rfc,std,1,0.9599659284497444,gini,500
ECFP4,IN,rfc,std,1,0.9599659284497444,gini,1000
ECFP4,IN,rfc,std,1,0.9595400340715504,gini,1500
ECFP4,IN,rfc,std,1,0.9599659284497444,gini,2000
ECFP4,IN,rfc,std,1,0.9616695059625212,entropy,100
ECFP4,IN,rfc,std,1,0.9608177172061328,entropy,500
ECFP4,IN,rfc,std,1,0.9603918228279388,entropy,1000
ECFP4,IN,rfc,std,1,0.9616695059625212,entropy,1500
ECFP4,IN,rfc,std,1,0.9620954003407156,entropy,2000
ECFP4,IN,rfc,std,1,0.9608177172061328,log_loss,100
ECFP4,IN,rfc,std,1,0.9612436115843273,log_loss,500
ECFP4,IN,rfc,std,1,0.9608177172061328,log_loss,1000
ECFP4,IN,rfc,std,1,0.9616695059625212,log_loss,1500
ECFP4,IN,rfc,std,1,0.9616695059625212,log_loss,2000
ECFP4,IN,rfc,std,2,0.9637989778534924,gini,100
ECFP4,IN,rfc,std,2,0.962947189097104,gini,500
ECFP4,IN,rfc,std,2,0.9625212947189096,gini,1000
ECFP4,IN,rfc,std,2,0.9612436115843273,gini,1500
ECFP4,IN,rfc,std,2,0.9620954003407156,gini,2000
ECFP4,IN,rfc,std,2,0.9625212947189096,entropy,100
ECFP4,IN,rfc,std,2,0.9655025553662692,entropy,500
ECFP4,IN,rfc,std,2,0.9620954003407156,entropy,1000
ECFP4,IN,rfc,std,2,0.9625212947189096,entropy,1500
ECFP4,IN,rfc,std,2,0.962947189097104,entropy,2000
ECFP4,IN,rfc,std,2,0.965076660988075,log_loss,100
ECFP4,IN,rfc,std,2,0.9633730834752982,log_loss,500
ECFP4,IN,rfc,std,2,0.9616695059625212,log_loss,1000
ECFP4,IN,rfc,std,2,0.9616695059625212,log_loss,1500
ECFP4,IN,rfc,std,2,0.9633730834752982,log_loss,2000
ECFP4,IN,rfc,std,3,0.967206132879046,gini,100
ECFP4,IN,rfc,std,3,0.9689097103918228,gini,500
ECFP4,IN,rfc,std,3,0.9676320272572402,gini,1000
ECFP4,IN,rfc,std,3,0.9676320272572402,gini,1500
ECFP4,IN,rfc,std,3,0.9689097103918228,gini,2000
ECFP4,IN,rfc,std,3,0.9655025553662692,entropy,100
ECFP4,IN,rfc,std,3,0.9689097103918228,entropy,500
ECFP4,IN,rfc,std,3,0.9684838160136288,entropy,1000
ECFP4,IN,rfc,std,3,0.9680579216354344,entropy,1500
ECFP4,IN,rfc,std,3,0.9680579216354344,entropy,2000
ECFP4,IN,rfc,std,3,0.9697614991482112,log_loss,100
ECFP4,IN,rfc,std,3,0.967206132879046,log_loss,500
ECFP4,IN,rfc,std,3,0.9684838160136288,log_loss,1000
ECFP4,IN,rfc,std,3,0.9680579216354344,log_loss,1500
ECFP4,IN,rfc,std,3,0.9689097103918228,log_loss,2000
ECFP4,IN,rfc,std,4,0.9557069846678024,gini,100
ECFP4,IN,rfc,std,4,0.9544293015332198,gini,500
ECFP4,IN,rfc,std,4,0.9540034071550256,gini,1000
ECFP4,IN,rfc,std,4,0.9552810902896082,gini,1500
ECFP4,IN,rfc,std,4,0.954855195911414,gini,2000
ECFP4,IN,rfc,std,4,0.9557069846678024,entropy,100
ECFP4,IN,rfc,std,4,0.9544293015332198,entropy,500
ECFP4,IN,rfc,std,4,0.954855195911414,entropy,1000
ECFP4,IN,rfc,std,4,0.9544293015332198,entropy,1500
ECFP4,IN,rfc,std,4,0.9540034071550256,entropy,2000
ECFP4,IN,rfc,std,4,0.9544293015332198,log_loss,100
ECFP4,IN,rfc,std,4,0.9540034071550256,log_loss,500
ECFP4,IN,rfc,std,4,0.9557069846678024,log_loss,1000
ECFP4,IN,rfc,std,4,0.9544293015332198,log_loss,1500
ECFP4,IN,rfc,std,4,0.9544293015332198,log_loss,2000
ECFP4,IN,rfc,minmax,1,0.9620954003407156,gini,100
ECFP4,IN,rfc,minmax,1,0.9612436115843273,gini,500
ECFP4,IN,rfc,minmax,1,0.9608177172061328,gini,1000
ECFP4,IN,rfc,minmax,1,0.9612436115843273,gini,1500
ECFP4,IN,rfc,minmax,1,0.9608177172061328,gini,2000
ECFP4,IN,rfc,minmax,1,0.9603918228279388,entropy,100
ECFP4,IN,rfc,minmax,1,0.9603918228279388,entropy,500
ECFP4,IN,rfc,minmax,1,0.9603918228279388,entropy,1000
ECFP4,IN,rfc,minmax,1,0.9616695059625212,entropy,1500
ECFP4,IN,rfc,minmax,1,0.9616695059625212,entropy,2000
ECFP4,IN,rfc,minmax,1,0.9603918228279388,log_loss,100
ECFP4,IN,rfc,minmax,1,0.9599659284497444,log_loss,500
ECFP4,IN,rfc,minmax,1,0.9612436115843273,log_loss,1000
ECFP4,IN,rfc,minmax,1,0.9625212947189096,log_loss,1500
ECFP4,IN,rfc,minmax,1,0.9616695059625212,log_loss,2000
ECFP4,IN,rfc,minmax,2,0.9633730834752982,gini,100
ECFP4,IN,rfc,minmax,2,0.962947189097104,gini,500
ECFP4,IN,rfc,minmax,2,0.9620954003407156,gini,1000
ECFP4,IN,rfc,minmax,2,0.9633730834752982,gini,1500
ECFP4,IN,rfc,minmax,2,0.9612436115843273,gini,2000
ECFP4,IN,rfc,minmax,2,0.9625212947189096,entropy,100
ECFP4,IN,rfc,minmax,2,0.9637989778534924,entropy,500
ECFP4,IN,rfc,minmax,2,0.9646507666098808,entropy,1000
ECFP4,IN,rfc,minmax,2,0.9620954003407156,entropy,1500
ECFP4,IN,rfc,minmax,2,0.962947189097104,entropy,2000
ECFP4,IN,rfc,minmax,2,0.9659284497444632,log_loss,100
ECFP4,IN,rfc,minmax,2,0.962947189097104,log_loss,500
ECFP4,IN,rfc,minmax,2,0.962947189097104,log_loss,1000
ECFP4,IN,rfc,minmax,2,0.9625212947189096,log_loss,1500
ECFP4,IN,rfc,minmax,2,0.962947189097104,log_loss,2000
ECFP4,IN,rfc,minmax,3,0.9667802385008518,gini,100
ECFP4,IN,rfc,minmax,3,0.9689097103918228,gini,500
ECFP4,IN,rfc,minmax,3,0.967206132879046,gini,1000
ECFP4,IN,rfc,minmax,3,0.9676320272572402,gini,1500
ECFP4,IN,rfc,minmax,3,0.9684838160136288,gini,2000
ECFP4,IN,rfc,minmax,3,0.9676320272572402,entropy,100
ECFP4,IN,rfc,minmax,3,0.969335604770017,entropy,500
ECFP4,IN,rfc,minmax,3,0.9680579216354344,entropy,1000
ECFP4,IN,rfc,minmax,3,0.9684838160136288,entropy,1500
ECFP4,IN,rfc,minmax,3,0.9667802385008518,entropy,2000
ECFP4,IN,rfc,minmax,3,0.9689097103918228,log_loss,100
ECFP4,IN,rfc,minmax,3,0.9689097103918228,log_loss,500
ECFP4,IN,rfc,minmax,3,0.9676320272572402,log_loss,1000
ECFP4,IN,rfc,minmax,3,0.9684838160136288,log_loss,1500
ECFP4,IN,rfc,minmax,3,0.9684838160136288,log_loss,2000
ECFP4,IN,rfc,minmax,4,0.9544293015332198,gini,100
ECFP4,IN,rfc,minmax,4,0.9544293015332198,gini,500
ECFP4,IN,rfc,minmax,4,0.954855195911414,gini,1000
ECFP4,IN,rfc,minmax,4,0.9552810902896082,gini,1500
ECFP4,IN,rfc,minmax,4,0.9552810902896082,gini,2000
ECFP4,IN,rfc,minmax,4,0.9535775127768312,entropy,100
ECFP4,IN,rfc,minmax,4,0.954855195911414,entropy,500
ECFP4,IN,rfc,minmax,4,0.9540034071550256,entropy,1000
ECFP4,IN,rfc,minmax,4,0.9544293015332198,entropy,1500
ECFP4,IN,rfc,minmax,4,0.9552810902896082,entropy,2000
ECFP4,IN,rfc,minmax,4,0.954855195911414,log_loss,100
ECFP4,IN,rfc,minmax,4,0.9574105621805792,log_loss,500
ECFP4,IN,rfc,minmax,4,0.9552810902896082,log_loss,1000
ECFP4,IN,rfc,minmax,4,0.9552810902896082,log_loss,1500
ECFP4,IN,rfc,minmax,4,0.954855195911414,log_loss,2000
MIX,IN,rfc,std,1,0.9612436115843273,gini,100
MIX,IN,rfc,std,1,0.9620954003407156,gini,500
MIX,IN,rfc,std,1,0.9625212947189096,gini,1000
MIX,IN,rfc,std,1,0.9620954003407156,gini,1500
MIX,IN,rfc,std,1,0.9620954003407156,gini,2000
MIX,IN,rfc,std,1,0.9620954003407156,entropy,100
MIX,IN,rfc,std,1,0.9633730834752982,entropy,500
MIX,IN,rfc,std,1,0.9603918228279388,entropy,1000
MIX,IN,rfc,std,1,0.9616695059625212,entropy,1500
MIX,IN,rfc,std,1,0.9612436115843273,entropy,2000
MIX,IN,rfc,std,1,0.9608177172061328,log_loss,100
MIX,IN,rfc,std,1,0.9646507666098808,log_loss,500
MIX,IN,rfc,std,1,0.9612436115843273,log_loss,1000
MIX,IN,rfc,std,1,0.9608177172061328,log_loss,1500
MIX,IN,rfc,std,1,0.9633730834752982,log_loss,2000
MIX,IN,rfc,std,2,0.9557069846678024,gini,100
MIX,IN,rfc,std,2,0.9552810902896082,gini,500
MIX,IN,rfc,std,2,0.9565587734241908,gini,1000
MIX,IN,rfc,std,2,0.9574105621805792,gini,1500
MIX,IN,rfc,std,2,0.9574105621805792,gini,2000
MIX,IN,rfc,std,2,0.956984667802385,entropy,100
MIX,IN,rfc,std,2,0.9561328790459966,entropy,500
MIX,IN,rfc,std,2,0.9574105621805792,entropy,1000
MIX,IN,rfc,std,2,0.9552810902896082,entropy,1500
MIX,IN,rfc,std,2,0.9565587734241908,entropy,2000
MIX,IN,rfc,std,2,0.9574105621805792,log_loss,100
MIX,IN,rfc,std,2,0.9561328790459966,log_loss,500
MIX,IN,rfc,std,2,0.9557069846678024,log_loss,1000
MIX,IN,rfc,std,2,0.9557069846678024,log_loss,1500
MIX,IN,rfc,std,2,0.956984667802385,log_loss,2000
MIX,IN,rfc,std,3,0.959114139693356,gini,100
MIX,IN,rfc,std,3,0.9599659284497444,gini,500
MIX,IN,rfc,std,3,0.9608177172061328,gini,1000
MIX,IN,rfc,std,3,0.959114139693356,gini,1500
MIX,IN,rfc,std,3,0.9616695059625212,gini,2000
MIX,IN,rfc,std,3,0.956984667802385,entropy,100
MIX,IN,rfc,std,3,0.9616695059625212,entropy,500
MIX,IN,rfc,std,3,0.9578364565587736,entropy,1000
MIX,IN,rfc,std,3,0.959114139693356,entropy,1500
MIX,IN,rfc,std,3,0.9603918228279388,entropy,2000
MIX,IN,rfc,std,3,0.9574105621805792,log_loss,100
MIX,IN,rfc,std,3,0.9608177172061328,log_loss,500
MIX,IN,rfc,std,3,0.9608177172061328,log_loss,1000
MIX,IN,rfc,std,3,0.9599659284497444,log_loss,1500
MIX,IN,rfc,std,3,0.9612436115843273,log_loss,2000
MIX,IN,rfc,std,4,0.967206132879046,gini,100
MIX,IN,rfc,std,4,0.965076660988075,gini,500
MIX,IN,rfc,std,4,0.967206132879046,gini,1000
MIX,IN,rfc,std,4,0.9667802385008518,gini,1500
MIX,IN,rfc,std,4,0.9663543441226576,gini,2000
MIX,IN,rfc,std,4,0.9642248722316864,entropy,100
MIX,IN,rfc,std,4,0.9659284497444632,entropy,500
MIX,IN,rfc,std,4,0.9667802385008518,entropy,1000
MIX,IN,rfc,std,4,0.9659284497444632,entropy,1500
MIX,IN,rfc,std,4,0.9659284497444632,entropy,2000
MIX,IN,rfc,std,4,0.9667802385008518,log_loss,100
MIX,IN,rfc,std,4,0.9676320272572402,log_loss,500
MIX,IN,rfc,std,4,0.967206132879046,log_loss,1000
MIX,IN,rfc,std,4,0.9659284497444632,log_loss,1500
MIX,IN,rfc,std,4,0.967206132879046,log_loss,2000
MIX,IN,rfc,minmax,1,0.9612436115843273,gini,100
MIX,IN,rfc,minmax,1,0.962947189097104,gini,500
MIX,IN,rfc,minmax,1,0.9616695059625212,gini,1000
MIX,IN,rfc,minmax,1,0.9620954003407156,gini,1500
MIX,IN,rfc,minmax,1,0.9620954003407156,gini,2000
MIX,IN,rfc,minmax,1,0.9599659284497444,entropy,100
MIX,IN,rfc,minmax,1,0.9633730834752982,entropy,500
MIX,IN,rfc,minmax,1,0.9633730834752982,entropy,1000
MIX,IN,rfc,minmax,1,0.9620954003407156,entropy,1500
MIX,IN,rfc,minmax,1,0.9608177172061328,entropy,2000
MIX,IN,rfc,minmax,1,0.9608177172061328,log_loss,100
MIX,IN,rfc,minmax,1,0.9608177172061328,log_loss,500
MIX,IN,rfc,minmax,1,0.9616695059625212,log_loss,1000
MIX,IN,rfc,minmax,1,0.9599659284497444,log_loss,1500
MIX,IN,rfc,minmax,1,0.9625212947189096,log_loss,2000
MIX,IN,rfc,minmax,2,0.956984667802385,gini,100
MIX,IN,rfc,minmax,2,0.9552810902896082,gini,500
MIX,IN,rfc,minmax,2,0.9565587734241908,gini,1000
MIX,IN,rfc,minmax,2,0.9586882453151618,gini,1500
MIX,IN,rfc,minmax,2,0.9578364565587736,gini,2000
MIX,IN,rfc,minmax,2,0.9552810902896082,entropy,100
MIX,IN,rfc,minmax,2,0.956984667802385,entropy,500
MIX,IN,rfc,minmax,2,0.954855195911414,entropy,1000
MIX,IN,rfc,minmax,2,0.9565587734241908,entropy,1500
MIX,IN,rfc,minmax,2,0.9561328790459966,entropy,2000
MIX,IN,rfc,minmax,2,0.9552810902896082,log_loss,100
MIX,IN,rfc,minmax,2,0.956984667802385,log_loss,500
MIX,IN,rfc,minmax,2,0.9565587734241908,log_loss,1000
MIX,IN,rfc,minmax,2,0.9561328790459966,log_loss,1500
MIX,IN,rfc,minmax,2,0.9552810902896082,log_loss,2000
MIX,IN,rfc,minmax,3,0.9574105621805792,gini,100
MIX,IN,rfc,minmax,3,0.9586882453151618,gini,500
MIX,IN,rfc,minmax,3,0.959114139693356,gini,1000
MIX,IN,rfc,minmax,3,0.9599659284497444,gini,1500
MIX,IN,rfc,minmax,3,0.9612436115843273,gini,2000
MIX,IN,rfc,minmax,3,0.9582623509369677,entropy,100
MIX,IN,rfc,minmax,3,0.9599659284497444,entropy,500
MIX,IN,rfc,minmax,3,0.9595400340715504,entropy,1000
MIX,IN,rfc,minmax,3,0.959114139693356,entropy,1500
MIX,IN,rfc,minmax,3,0.9582623509369677,entropy,2000
MIX,IN,rfc,minmax,3,0.9582623509369677,log_loss,100
MIX,IN,rfc,minmax,3,0.9620954003407156,log_loss,500
MIX,IN,rfc,minmax,3,0.959114139693356,log_loss,1000
MIX,IN,rfc,minmax,3,0.9586882453151618,log_loss,1500
MIX,IN,rfc,minmax,3,0.9582623509369677,log_loss,2000
MIX,IN,rfc,minmax,4,0.9633730834752982,gini,100
MIX,IN,rfc,minmax,4,0.9655025553662692,gini,500
MIX,IN,rfc,minmax,4,0.967206132879046,gini,1000
MIX,IN,rfc,minmax,4,0.9676320272572402,gini,1500
MIX,IN,rfc,minmax,4,0.9667802385008518,gini,2000
MIX,IN,rfc,minmax,4,0.9633730834752982,entropy,100
MIX,IN,rfc,minmax,4,0.9663543441226576,entropy,500
MIX,IN,rfc,minmax,4,0.9655025553662692,entropy,1000
MIX,IN,rfc,minmax,4,0.9655025553662692,entropy,1500
MIX,IN,rfc,minmax,4,0.9659284497444632,entropy,2000
MIX,IN,rfc,minmax,4,0.965076660988075,log_loss,100
MIX,IN,rfc,minmax,4,0.967206132879046,log_loss,500
MIX,IN,rfc,minmax,4,0.9659284497444632,log_loss,1000
MIX,IN,rfc,minmax,4,0.9663543441226576,log_loss,1500
MIX,IN,rfc,minmax,4,0.9659284497444632,log_loss,2000
PC,PR,rfc,std,1,0.9826002899951668,gini,100
PC,PR,rfc,std,1,0.9835669405509908,gini,500
PC,PR,rfc,std,1,0.9821169647172548,gini,1000
PC,PR,rfc,std,1,0.9821169647172548,gini,1500
PC,PR,rfc,std,1,0.9830836152730787,gini,2000
PC,PR,rfc,std,1,0.9830836152730787,entropy,100
PC,PR,rfc,std,1,0.9830836152730787,entropy,500
PC,PR,rfc,std,1,0.9821169647172548,entropy,1000
PC,PR,rfc,std,1,0.9835669405509908,entropy,1500
PC,PR,rfc,std,1,0.9830836152730787,entropy,2000
PC,PR,rfc,std,1,0.9826002899951668,log_loss,100
PC,PR,rfc,std,1,0.9835669405509908,log_loss,500
PC,PR,rfc,std,1,0.9830836152730787,log_loss,1000
PC,PR,rfc,std,1,0.9826002899951668,log_loss,1500
PC,PR,rfc,std,1,0.9840502658289028,log_loss,2000
PC,PR,rfc,std,2,0.9845335911068148,gini,100
PC,PR,rfc,std,2,0.9826002899951668,gini,500
PC,PR,rfc,std,2,0.9840502658289028,gini,1000
PC,PR,rfc,std,2,0.9840502658289028,gini,1500
PC,PR,rfc,std,2,0.9840502658289028,gini,2000
PC,PR,rfc,std,2,0.9845335911068148,entropy,100
PC,PR,rfc,std,2,0.9835669405509908,entropy,500
PC,PR,rfc,std,2,0.9835669405509908,entropy,1000
PC,PR,rfc,std,2,0.9835669405509908,entropy,1500
PC,PR,rfc,std,2,0.9830836152730787,entropy,2000
PC,PR,rfc,std,2,0.9806669888835186,log_loss,100
PC,PR,rfc,std,2,0.9830836152730787,log_loss,500
PC,PR,rfc,std,2,0.9826002899951668,log_loss,1000
PC,PR,rfc,std,2,0.9830836152730787,log_loss,1500
PC,PR,rfc,std,2,0.9821169647172548,log_loss,2000
PC,PR,rfc,std,3,0.9806669888835186,gini,100
PC,PR,rfc,std,3,0.9797003383276944,gini,500
PC,PR,rfc,std,3,0.9792170130497824,gini,1000
PC,PR,rfc,std,3,0.9792170130497824,gini,1500
PC,PR,rfc,std,3,0.9792170130497824,gini,2000
PC,PR,rfc,std,3,0.9787336877718704,entropy,100
PC,PR,rfc,std,3,0.9782503624939584,entropy,500
PC,PR,rfc,std,3,0.9782503624939584,entropy,1000
PC,PR,rfc,std,3,0.9782503624939584,entropy,1500
PC,PR,rfc,std,3,0.9777670372160464,entropy,2000
PC,PR,rfc,std,3,0.9797003383276944,log_loss,100
PC,PR,rfc,std,3,0.9782503624939584,log_loss,500
PC,PR,rfc,std,3,0.9787336877718704,log_loss,1000
PC,PR,rfc,std,3,0.9782503624939584,log_loss,1500
PC,PR,rfc,std,3,0.9777670372160464,log_loss,2000
PC,PR,rfc,std,4,0.9811503141614306,gini,100
PC,PR,rfc,std,4,0.9826002899951668,gini,500
PC,PR,rfc,std,4,0.9830836152730787,gini,1000
PC,PR,rfc,std,4,0.9826002899951668,gini,1500
PC,PR,rfc,std,4,0.9830836152730787,gini,2000
PC,PR,rfc,std,4,0.9816336394393428,entropy,100
PC,PR,rfc,std,4,0.9806669888835186,entropy,500
PC,PR,rfc,std,4,0.9816336394393428,entropy,1000
PC,PR,rfc,std,4,0.9816336394393428,entropy,1500
PC,PR,rfc,std,4,0.9811503141614306,entropy,2000
PC,PR,rfc,std,4,0.9816336394393428,log_loss,100
PC,PR,rfc,std,4,0.9811503141614306,log_loss,500
PC,PR,rfc,std,4,0.9821169647172548,log_loss,1000
PC,PR,rfc,std,4,0.9806669888835186,log_loss,1500
PC,PR,rfc,std,4,0.9811503141614306,log_loss,2000
PC,PR,rfc,minmax,1,0.9816336394393428,gini,100
PC,PR,rfc,minmax,1,0.9816336394393428,gini,500
PC,PR,rfc,minmax,1,0.9816336394393428,gini,1000
PC,PR,rfc,minmax,1,0.9816336394393428,gini,1500
PC,PR,rfc,minmax,1,0.9816336394393428,gini,2000
PC,PR,rfc,minmax,1,0.9835669405509908,entropy,100
PC,PR,rfc,minmax,1,0.9830836152730787,entropy,500
PC,PR,rfc,minmax,1,0.9821169647172548,entropy,1000
PC,PR,rfc,minmax,1,0.9830836152730787,entropy,1500
PC,PR,rfc,minmax,1,0.9826002899951668,entropy,2000
PC,PR,rfc,minmax,1,0.9845335911068148,log_loss,100
PC,PR,rfc,minmax,1,0.9845335911068148,log_loss,500
PC,PR,rfc,minmax,1,0.9830836152730787,log_loss,1000
PC,PR,rfc,minmax,1,0.9826002899951668,log_loss,1500
PC,PR,rfc,minmax,1,0.9821169647172548,log_loss,2000
PC,PR,rfc,minmax,2,0.9830836152730787,gini,100
PC,PR,rfc,minmax,2,0.9845335911068148,gini,500
PC,PR,rfc,minmax,2,0.9845335911068148,gini,1000
PC,PR,rfc,minmax,2,0.9845335911068148,gini,1500
PC,PR,rfc,minmax,2,0.9845335911068148,gini,2000
PC,PR,rfc,minmax,2,0.9840502658289028,entropy,100
PC,PR,rfc,minmax,2,0.9835669405509908,entropy,500
PC,PR,rfc,minmax,2,0.9830836152730787,entropy,1000
PC,PR,rfc,minmax,2,0.9830836152730787,entropy,1500
PC,PR,rfc,minmax,2,0.9821169647172548,entropy,2000
PC,PR,rfc,minmax,2,0.9835669405509908,log_loss,100
PC,PR,rfc,minmax,2,0.9840502658289028,log_loss,500
PC,PR,rfc,minmax,2,0.9835669405509908,log_loss,1000
PC,PR,rfc,minmax,2,0.9826002899951668,log_loss,1500
PC,PR,rfc,minmax,2,0.9835669405509908,log_loss,2000
PC,PR,rfc,minmax,3,0.9782503624939584,gini,100
PC,PR,rfc,minmax,3,0.9792170130497824,gini,500
PC,PR,rfc,minmax,3,0.9787336877718704,gini,1000
PC,PR,rfc,minmax,3,0.9797003383276944,gini,1500
PC,PR,rfc,minmax,3,0.9787336877718704,gini,2000
PC,PR,rfc,minmax,3,0.9772837119381343,entropy,100
PC,PR,rfc,minmax,3,0.9777670372160464,entropy,500
PC,PR,rfc,minmax,3,0.9782503624939584,entropy,1000
PC,PR,rfc,minmax,3,0.9777670372160464,entropy,1500
PC,PR,rfc,minmax,3,0.9777670372160464,entropy,2000
PC,PR,rfc,minmax,3,0.9772837119381343,log_loss,100
PC,PR,rfc,minmax,3,0.9777670372160464,log_loss,500
PC,PR,rfc,minmax,3,0.9782503624939584,log_loss,1000
PC,PR,rfc,minmax,3,0.9782503624939584,log_loss,1500
PC,PR,rfc,minmax,3,0.9777670372160464,log_loss,2000
PC,PR,rfc,minmax,4,0.9826002899951668,gini,100
PC,PR,rfc,minmax,4,0.9830836152730787,gini,500
PC,PR,rfc,minmax,4,0.9830836152730787,gini,1000
PC,PR,rfc,minmax,4,0.9816336394393428,gini,1500
PC,PR,rfc,minmax,4,0.9826002899951668,gini,2000
PC,PR,rfc,minmax,4,0.9801836636056066,entropy,100
PC,PR,rfc,minmax,4,0.9821169647172548,entropy,500
PC,PR,rfc,minmax,4,0.9806669888835186,entropy,1000
PC,PR,rfc,minmax,4,0.9811503141614306,entropy,1500
PC,PR,rfc,minmax,4,0.9816336394393428,entropy,2000
PC,PR,rfc,minmax,4,0.9816336394393428,log_loss,100
PC,PR,rfc,minmax,4,0.9816336394393428,log_loss,500
PC,PR,rfc,minmax,4,0.9801836636056066,log_loss,1000
PC,PR,rfc,minmax,4,0.9811503141614306,log_loss,1500
PC,PR,rfc,minmax,4,0.9811503141614306,log_loss,2000
ECFP4,PR,rfc,std,1,0.9792170130497824,gini,100
ECFP4,PR,rfc,std,1,0.9792170130497824,gini,500
ECFP4,PR,rfc,std,1,0.9782503624939584,gini,1000
ECFP4,PR,rfc,std,1,0.9787336877718704,gini,1500
ECFP4,PR,rfc,std,1,0.9787336877718704,gini,2000
ECFP4,PR,rfc,std,1,0.9787336877718704,entropy,100
ECFP4,PR,rfc,std,1,0.9792170130497824,entropy,500
ECFP4,PR,rfc,std,1,0.9797003383276944,entropy,1000
ECFP4,PR,rfc,std,1,0.9792170130497824,entropy,1500
ECFP4,PR,rfc,std,1,0.9792170130497824,entropy,2000
ECFP4,PR,rfc,std,1,0.9792170130497824,log_loss,100
ECFP4,PR,rfc,std,1,0.9772837119381343,log_loss,500
ECFP4,PR,rfc,std,1,0.9792170130497824,log_loss,1000
ECFP4,PR,rfc,std,1,0.9787336877718704,log_loss,1500
ECFP4,PR,rfc,std,1,0.9782503624939584,log_loss,2000
ECFP4,PR,rfc,std,2,0.9811503141614306,gini,100
ECFP4,PR,rfc,std,2,0.9801836636056066,gini,500
ECFP4,PR,rfc,std,2,0.9806669888835186,gini,1000
ECFP4,PR,rfc,std,2,0.9806669888835186,gini,1500
ECFP4,PR,rfc,std,2,0.9806669888835186,gini,2000
ECFP4,PR,rfc,std,2,0.9801836636056066,entropy,100
ECFP4,PR,rfc,std,2,0.9806669888835186,entropy,500
ECFP4,PR,rfc,std,2,0.9806669888835186,entropy,1000
ECFP4,PR,rfc,std,2,0.9806669888835186,entropy,1500
ECFP4,PR,rfc,std,2,0.9806669888835186,entropy,2000
ECFP4,PR,rfc,std,2,0.9811503141614306,log_loss,100
ECFP4,PR,rfc,std,2,0.9811503141614306,log_loss,500
ECFP4,PR,rfc,std,2,0.9806669888835186,log_loss,1000
ECFP4,PR,rfc,std,2,0.9816336394393428,log_loss,1500
ECFP4,PR,rfc,std,2,0.9801836636056066,log_loss,2000
ECFP4,PR,rfc,std,3,0.9758337361043984,gini,100
ECFP4,PR,rfc,std,3,0.9758337361043984,gini,500
ECFP4,PR,rfc,std,3,0.9748670855485742,gini,1000
ECFP4,PR,rfc,std,3,0.9753504108264862,gini,1500
ECFP4,PR,rfc,std,3,0.9758337361043984,gini,2000
ECFP4,PR,rfc,std,3,0.9777670372160464,entropy,100
ECFP4,PR,rfc,std,3,0.9772837119381343,entropy,500
ECFP4,PR,rfc,std,3,0.9777670372160464,entropy,1000
ECFP4,PR,rfc,std,3,0.9772837119381343,entropy,1500
ECFP4,PR,rfc,std,3,0.9777670372160464,entropy,2000
ECFP4,PR,rfc,std,3,0.9763170613823104,log_loss,100
ECFP4,PR,rfc,std,3,0.9782503624939584,log_loss,500
ECFP4,PR,rfc,std,3,0.9777670372160464,log_loss,1000
ECFP4,PR,rfc,std,3,0.9777670372160464,log_loss,1500
ECFP4,PR,rfc,std,3,0.9772837119381343,log_loss,2000
ECFP4,PR,rfc,std,4,0.9787336877718704,gini,100
ECFP4,PR,rfc,std,4,0.9787336877718704,gini,500
ECFP4,PR,rfc,std,4,0.9787336877718704,gini,1000
ECFP4,PR,rfc,std,4,0.9787336877718704,gini,1500
ECFP4,PR,rfc,std,4,0.9787336877718704,gini,2000
ECFP4,PR,rfc,std,4,0.9801836636056066,entropy,100
ECFP4,PR,rfc,std,4,0.9801836636056066,entropy,500
ECFP4,PR,rfc,std,4,0.9801836636056066,entropy,1000
ECFP4,PR,rfc,std,4,0.9801836636056066,entropy,1500
ECFP4,PR,rfc,std,4,0.9797003383276944,entropy,2000
ECFP4,PR,rfc,std,4,0.9792170130497824,log_loss,100
ECFP4,PR,rfc,std,4,0.9806669888835186,log_loss,500
ECFP4,PR,rfc,std,4,0.9797003383276944,log_loss,1000
ECFP4,PR,rfc,std,4,0.9801836636056066,log_loss,1500
ECFP4,PR,rfc,std,4,0.9797003383276944,log_loss,2000
ECFP4,PR,rfc,minmax,1,0.9801836636056066,gini,100
ECFP4,PR,rfc,minmax,1,0.9792170130497824,gini,500
ECFP4,PR,rfc,minmax,1,0.9782503624939584,gini,1000
ECFP4,PR,rfc,minmax,1,0.9787336877718704,gini,1500
ECFP4,PR,rfc,minmax,1,0.9792170130497824,gini,2000
ECFP4,PR,rfc,minmax,1,0.9782503624939584,entropy,100
ECFP4,PR,rfc,minmax,1,0.9792170130497824,entropy,500
ECFP4,PR,rfc,minmax,1,0.9787336877718704,entropy,1000
ECFP4,PR,rfc,minmax,1,0.9782503624939584,entropy,1500
ECFP4,PR,rfc,minmax,1,0.9787336877718704,entropy,2000
ECFP4,PR,rfc,minmax,1,0.9792170130497824,log_loss,100
ECFP4,PR,rfc,minmax,1,0.9792170130497824,log_loss,500
ECFP4,PR,rfc,minmax,1,0.9792170130497824,log_loss,1000
ECFP4,PR,rfc,minmax,1,0.9792170130497824,log_loss,1500
ECFP4,PR,rfc,minmax,1,0.9792170130497824,log_loss,2000
ECFP4,PR,rfc,minmax,2,0.9797003383276944,gini,100
ECFP4,PR,rfc,minmax,2,0.9811503141614306,gini,500
ECFP4,PR,rfc,minmax,2,0.9811503141614306,gini,1000
ECFP4,PR,rfc,minmax,2,0.9806669888835186,gini,1500
ECFP4,PR,rfc,minmax,2,0.9806669888835186,gini,2000
ECFP4,PR,rfc,minmax,2,0.9811503141614306,entropy,100
ECFP4,PR,rfc,minmax,2,0.9806669888835186,entropy,500
ECFP4,PR,rfc,minmax,2,0.9806669888835186,entropy,1000
ECFP4,PR,rfc,minmax,2,0.9806669888835186,entropy,1500
ECFP4,PR,rfc,minmax,2,0.9801836636056066,entropy,2000
ECFP4,PR,rfc,minmax,2,0.9801836636056066,log_loss,100
ECFP4,PR,rfc,minmax,2,0.9806669888835186,log_loss,500
ECFP4,PR,rfc,minmax,2,0.9801836636056066,log_loss,1000
ECFP4,PR,rfc,minmax,2,0.9806669888835186,log_loss,1500
ECFP4,PR,rfc,minmax,2,0.9801836636056066,log_loss,2000
ECFP4,PR,rfc,minmax,3,0.97390043499275,gini,100
ECFP4,PR,rfc,minmax,3,0.9758337361043984,gini,500
ECFP4,PR,rfc,minmax,3,0.9753504108264862,gini,1000
ECFP4,PR,rfc,minmax,3,0.9758337361043984,gini,1500
ECFP4,PR,rfc,minmax,3,0.9758337361043984,gini,2000
ECFP4,PR,rfc,minmax,3,0.9772837119381343,entropy,100
ECFP4,PR,rfc,minmax,3,0.9772837119381343,entropy,500
ECFP4,PR,rfc,minmax,3,0.9777670372160464,entropy,1000
ECFP4,PR,rfc,minmax,3,0.9777670372160464,entropy,1500
ECFP4,PR,rfc,minmax,3,0.9772837119381343,entropy,2000
ECFP4,PR,rfc,minmax,3,0.9777670372160464,log_loss,100
ECFP4,PR,rfc,minmax,3,0.9782503624939584,log_loss,500
ECFP4,PR,rfc,minmax,3,0.9777670372160464,log_loss,1000
ECFP4,PR,rfc,minmax,3,0.9787336877718704,log_loss,1500
ECFP4,PR,rfc,minmax,3,0.9782503624939584,log_loss,2000
ECFP4,PR,rfc,minmax,4,0.9792170130497824,gini,100
ECFP4,PR,rfc,minmax,4,0.9787336877718704,gini,500
ECFP4,PR,rfc,minmax,4,0.9787336877718704,gini,1000
ECFP4,PR,rfc,minmax,4,0.9787336877718704,gini,1500
ECFP4,PR,rfc,minmax,4,0.9787336877718704,gini,2000
ECFP4,PR,rfc,minmax,4,0.9792170130497824,entropy,100
ECFP4,PR,rfc,minmax,4,0.9792170130497824,entropy,500
ECFP4,PR,rfc,minmax,4,0.9797003383276944,entropy,1000
ECFP4,PR,rfc,minmax,4,0.9797003383276944,entropy,1500
ECFP4,PR,rfc,minmax,4,0.9797003383276944,entropy,2000
ECFP4,PR,rfc,minmax,4,0.9777670372160464,log_loss,100
ECFP4,PR,rfc,minmax,4,0.9797003383276944,log_loss,500
ECFP4,PR,rfc,minmax,4,0.9792170130497824,log_loss,1000
ECFP4,PR,rfc,minmax,4,0.9792170130497824,log_loss,1500
ECFP4,PR,rfc,minmax,4,0.9797003383276944,log_loss,2000
MIX,PR,rfc,std,1,0.9826002899951668,gini,100
MIX,PR,rfc,std,1,0.9835669405509908,gini,500
MIX,PR,rfc,std,1,0.9826002899951668,gini,1000
MIX,PR,rfc,std,1,0.9835669405509908,gini,1500
MIX,PR,rfc,std,1,0.9835669405509908,gini,2000
MIX,PR,rfc,std,1,0.9830836152730787,entropy,100
MIX,PR,rfc,std,1,0.9840502658289028,entropy,500
MIX,PR,rfc,std,1,0.9835669405509908,entropy,1000
MIX,PR,rfc,std,1,0.9835669405509908,entropy,1500
MIX,PR,rfc,std,1,0.9835669405509908,entropy,2000
MIX,PR,rfc,std,1,0.9811503141614306,log_loss,100
MIX,PR,rfc,std,1,0.9821169647172548,log_loss,500
MIX,PR,rfc,std,1,0.9835669405509908,log_loss,1000
MIX,PR,rfc,std,1,0.9835669405509908,log_loss,1500
MIX,PR,rfc,std,1,0.9840502658289028,log_loss,2000
MIX,PR,rfc,std,2,0.9777670372160464,gini,100
MIX,PR,rfc,std,2,0.9777670372160464,gini,500
MIX,PR,rfc,std,2,0.9777670372160464,gini,1000
MIX,PR,rfc,std,2,0.9782503624939584,gini,1500
MIX,PR,rfc,std,2,0.9777670372160464,gini,2000
MIX,PR,rfc,std,2,0.9811503141614306,entropy,100
MIX,PR,rfc,std,2,0.9787336877718704,entropy,500
MIX,PR,rfc,std,2,0.9792170130497824,entropy,1000
MIX,PR,rfc,std,2,0.9797003383276944,entropy,1500
MIX,PR,rfc,std,2,0.9787336877718704,entropy,2000
MIX,PR,rfc,std,2,0.9797003383276944,log_loss,100
MIX,PR,rfc,std,2,0.9792170130497824,log_loss,500
MIX,PR,rfc,std,2,0.9777670372160464,log_loss,1000
MIX,PR,rfc,std,2,0.9792170130497824,log_loss,1500
MIX,PR,rfc,std,2,0.9787336877718704,log_loss,2000
MIX,PR,rfc,std,3,0.9782503624939584,gini,100
MIX,PR,rfc,std,3,0.9782503624939584,gini,500
MIX,PR,rfc,std,3,0.9782503624939584,gini,1000
MIX,PR,rfc,std,3,0.9782503624939584,gini,1500
MIX,PR,rfc,std,3,0.9787336877718704,gini,2000
MIX,PR,rfc,std,3,0.9792170130497824,entropy,100
MIX,PR,rfc,std,3,0.9792170130497824,entropy,500
MIX,PR,rfc,std,3,0.9777670372160464,entropy,1000
MIX,PR,rfc,std,3,0.9787336877718704,entropy,1500
MIX,PR,rfc,std,3,0.9792170130497824,entropy,2000
MIX,PR,rfc,std,3,0.9782503624939584,log_loss,100
MIX,PR,rfc,std,3,0.9797003383276944,log_loss,500
MIX,PR,rfc,std,3,0.9797003383276944,log_loss,1000
MIX,PR,rfc,std,3,0.9787336877718704,log_loss,1500
MIX,PR,rfc,std,3,0.9792170130497824,log_loss,2000
MIX,PR,rfc,std,4,0.9801836636056066,gini,100
MIX,PR,rfc,std,4,0.9806669888835186,gini,500
MIX,PR,rfc,std,4,0.9797003383276944,gini,1000
MIX,PR,rfc,std,4,0.9801836636056066,gini,1500
MIX,PR,rfc,std,4,0.9792170130497824,gini,2000
MIX,PR,rfc,std,4,0.9816336394393428,entropy,100
MIX,PR,rfc,std,4,0.9821169647172548,entropy,500
MIX,PR,rfc,std,4,0.9816336394393428,entropy,1000
MIX,PR,rfc,std,4,0.9816336394393428,entropy,1500
MIX,PR,rfc,std,4,0.9816336394393428,entropy,2000
MIX,PR,rfc,std,4,0.9821169647172548,log_loss,100
MIX,PR,rfc,std,4,0.9821169647172548,log_loss,500
MIX,PR,rfc,std,4,0.9816336394393428,log_loss,1000
MIX,PR,rfc,std,4,0.9821169647172548,log_loss,1500
MIX,PR,rfc,std,4,0.9821169647172548,log_loss,2000
MIX,PR,rfc,minmax,1,0.9797003383276944,gini,100
MIX,PR,rfc,minmax,1,0.9835669405509908,gini,500
MIX,PR,rfc,minmax,1,0.9826002899951668,gini,1000
MIX,PR,rfc,minmax,1,0.9830836152730787,gini,1500
MIX,PR,rfc,minmax,1,0.9830836152730787,gini,2000
MIX,PR,rfc,minmax,1,0.9835669405509908,entropy,100
MIX,PR,rfc,minmax,1,0.9826002899951668,entropy,500
MIX,PR,rfc,minmax,1,0.9826002899951668,entropy,1000
MIX,PR,rfc,minmax,1,0.9835669405509908,entropy,1500
MIX,PR,rfc,minmax,1,0.9835669405509908,entropy,2000
MIX,PR,rfc,minmax,1,0.9835669405509908,log_loss,100
MIX,PR,rfc,minmax,1,0.9826002899951668,log_loss,500
MIX,PR,rfc,minmax,1,0.9835669405509908,log_loss,1000
MIX,PR,rfc,minmax,1,0.9821169647172548,log_loss,1500
MIX,PR,rfc,minmax,1,0.9835669405509908,log_loss,2000
MIX,PR,rfc,minmax,2,0.9782503624939584,gini,100
MIX,PR,rfc,minmax,2,0.9782503624939584,gini,500
MIX,PR,rfc,minmax,2,0.9777670372160464,gini,1000
MIX,PR,rfc,minmax,2,0.9787336877718704,gini,1500
MIX,PR,rfc,minmax,2,0.9777670372160464,gini,2000
MIX,PR,rfc,minmax,2,0.9797003383276944,entropy,100
MIX,PR,rfc,minmax,2,0.9782503624939584,entropy,500
MIX,PR,rfc,minmax,2,0.9792170130497824,entropy,1000
MIX,PR,rfc,minmax,2,0.9792170130497824,entropy,1500
MIX,PR,rfc,minmax,2,0.9787336877718704,entropy,2000
MIX,PR,rfc,minmax,2,0.9811503141614306,log_loss,100
MIX,PR,rfc,minmax,2,0.9787336877718704,log_loss,500
MIX,PR,rfc,minmax,2,0.9787336877718704,log_loss,1000
MIX,PR,rfc,minmax,2,0.9792170130497824,log_loss,1500
MIX,PR,rfc,minmax,2,0.9782503624939584,log_loss,2000
MIX,PR,rfc,minmax,3,0.9797003383276944,gini,100
MIX,PR,rfc,minmax,3,0.9782503624939584,gini,500
MIX,PR,rfc,minmax,3,0.9787336877718704,gini,1000
MIX,PR,rfc,minmax,3,0.9782503624939584,gini,1500
MIX,PR,rfc,minmax,3,0.9787336877718704,gini,2000
MIX,PR,rfc,minmax,3,0.9792170130497824,entropy,100
MIX,PR,rfc,minmax,3,0.9782503624939584,entropy,500
MIX,PR,rfc,minmax,3,0.9787336877718704,entropy,1000
MIX,PR,rfc,minmax,3,0.9792170130497824,entropy,1500
MIX,PR,rfc,minmax,3,0.9792170130497824,entropy,2000
MIX,PR,rfc,minmax,3,0.9797003383276944,log_loss,100
MIX,PR,rfc,minmax,3,0.9792170130497824,log_loss,500
MIX,PR,rfc,minmax,3,0.9787336877718704,log_loss,1000
MIX,PR,rfc,minmax,3,0.9787336877718704,log_loss,1500
MIX,PR,rfc,minmax,3,0.9792170130497824,log_loss,2000
MIX,PR,rfc,minmax,4,0.9792170130497824,gini,100
MIX,PR,rfc,minmax,4,0.9801836636056066,gini,500
MIX,PR,rfc,minmax,4,0.9797003383276944,gini,1000
MIX,PR,rfc,minmax,4,0.9792170130497824,gini,1500
MIX,PR,rfc,minmax,4,0.9801836636056066,gini,2000
MIX,PR,rfc,minmax,4,0.9806669888835186,entropy,100
MIX,PR,rfc,minmax,4,0.9816336394393428,entropy,500
MIX,PR,rfc,minmax,4,0.9821169647172548,entropy,1000
MIX,PR,rfc,minmax,4,0.9821169647172548,entropy,1500
MIX,PR,rfc,minmax,4,0.9826002899951668,entropy,2000
MIX,PR,rfc,minmax,4,0.9830836152730787,log_loss,100
MIX,PR,rfc,minmax,4,0.9816336394393428,log_loss,500
MIX,PR,rfc,minmax,4,0.9801836636056066,log_loss,1000
MIX,PR,rfc,minmax,4,0.9816336394393428,log_loss,1500
MIX,PR,rfc,minmax,4,0.9816336394393428,log_loss,2000
PC,RT,rfc,std,1,0.9538645895745956,gini,100
PC,RT,rfc,std,1,0.9544637507489516,gini,500
PC,RT,rfc,std,1,0.9556620730976632,gini,1000
PC,RT,rfc,std,1,0.9544637507489516,gini,1500
PC,RT,rfc,std,1,0.9559616536848412,gini,2000
PC,RT,rfc,std,1,0.950868783702816,entropy,100
PC,RT,rfc,std,1,0.9526662672258838,entropy,500
PC,RT,rfc,std,1,0.9547633313361296,entropy,1000
PC,RT,rfc,std,1,0.9541641701617736,entropy,1500
PC,RT,rfc,std,1,0.9553624925104852,entropy,2000
PC,RT,rfc,std,1,0.9526662672258838,log_loss,100
PC,RT,rfc,std,1,0.9526662672258838,log_loss,500
PC,RT,rfc,std,1,0.9547633313361296,log_loss,1000
PC,RT,rfc,std,1,0.9547633313361296,log_loss,1500
PC,RT,rfc,std,1,0.9550629119233074,log_loss,2000
PC,RT,rfc,std,2,0.951168364289994,gini,100
PC,RT,rfc,std,2,0.9526662672258838,gini,500
PC,RT,rfc,std,2,0.951467944877172,gini,1000
PC,RT,rfc,std,2,0.952067106051528,gini,1500
PC,RT,rfc,std,2,0.95176752546435,gini,2000
PC,RT,rfc,std,2,0.95026962252846,entropy,100
PC,RT,rfc,std,2,0.950569203115638,entropy,500
PC,RT,rfc,std,2,0.9496704613541044,entropy,1000
PC,RT,rfc,std,2,0.9493708807669264,entropy,1500
PC,RT,rfc,std,2,0.9499700419412822,entropy,2000
PC,RT,rfc,std,2,0.9496704613541044,log_loss,100
PC,RT,rfc,std,2,0.950868783702816,log_loss,500
PC,RT,rfc,std,2,0.951168364289994,log_loss,1000
PC,RT,rfc,std,2,0.9496704613541044,log_loss,1500
PC,RT,rfc,std,2,0.951168364289994,log_loss,2000
PC,RT,rfc,std,3,0.9472738166566806,gini,100
PC,RT,rfc,std,3,0.9487717195925705,gini,500
PC,RT,rfc,std,3,0.9472738166566806,gini,1000
PC,RT,rfc,std,3,0.9475733972438586,gini,1500
PC,RT,rfc,std,3,0.9472738166566806,gini,2000
PC,RT,rfc,std,3,0.9460754943079688,entropy,100
PC,RT,rfc,std,3,0.9475733972438586,entropy,500
PC,RT,rfc,std,3,0.9475733972438586,entropy,1000
PC,RT,rfc,std,3,0.9475733972438586,entropy,1500
PC,RT,rfc,std,3,0.9478729778310364,entropy,2000
PC,RT,rfc,std,3,0.9466746554823248,log_loss,100
PC,RT,rfc,std,3,0.9475733972438586,log_loss,500
PC,RT,rfc,std,3,0.9481725584182144,log_loss,1000
PC,RT,rfc,std,3,0.9478729778310364,log_loss,1500
PC,RT,rfc,std,3,0.9484721390053924,log_loss,2000
PC,RT,rfc,std,4,0.9442780107849011,gini,100
PC,RT,rfc,std,4,0.9472738166566806,gini,500
PC,RT,rfc,std,4,0.9469742360695028,gini,1000
PC,RT,rfc,std,4,0.9457759137207908,gini,1500
PC,RT,rfc,std,4,0.944877171959257,gini,2000
PC,RT,rfc,std,4,0.9457759137207908,entropy,100
PC,RT,rfc,std,4,0.9460754943079688,entropy,500
PC,RT,rfc,std,4,0.945176752546435,entropy,1000
PC,RT,rfc,std,4,0.9466746554823248,entropy,1500
PC,RT,rfc,std,4,0.9460754943079688,entropy,2000
PC,RT,rfc,std,4,0.9445775913720792,log_loss,100
PC,RT,rfc,std,4,0.9454763331336128,log_loss,500
PC,RT,rfc,std,4,0.9457759137207908,log_loss,1000
PC,RT,rfc,std,4,0.9460754943079688,log_loss,1500
PC,RT,rfc,std,4,0.9466746554823248,log_loss,2000
PC,RT,rfc,minmax,1,0.952067106051528,gini,100
PC,RT,rfc,minmax,1,0.9553624925104852,gini,500
PC,RT,rfc,minmax,1,0.9553624925104852,gini,1000
PC,RT,rfc,minmax,1,0.9541641701617736,gini,1500
PC,RT,rfc,minmax,1,0.9550629119233074,gini,2000
PC,RT,rfc,minmax,1,0.9541641701617736,entropy,100
PC,RT,rfc,minmax,1,0.9556620730976632,entropy,500
PC,RT,rfc,minmax,1,0.9550629119233074,entropy,1000
PC,RT,rfc,minmax,1,0.9565608148591972,entropy,1500
PC,RT,rfc,minmax,1,0.9544637507489516,entropy,2000
PC,RT,rfc,minmax,1,0.9547633313361296,log_loss,100
PC,RT,rfc,minmax,1,0.9532654284002396,log_loss,500
PC,RT,rfc,minmax,1,0.9556620730976632,log_loss,1000
PC,RT,rfc,minmax,1,0.9538645895745956,log_loss,1500
PC,RT,rfc,minmax,1,0.9556620730976632,log_loss,2000
PC,RT,rfc,minmax,2,0.95176752546435,gini,100
PC,RT,rfc,minmax,2,0.95026962252846,gini,500
PC,RT,rfc,minmax,2,0.9529658478130616,gini,1000
PC,RT,rfc,minmax,2,0.952067106051528,gini,1500
PC,RT,rfc,minmax,2,0.952067106051528,gini,2000
PC,RT,rfc,minmax,2,0.95176752546435,entropy,100
PC,RT,rfc,minmax,2,0.950569203115638,entropy,500
PC,RT,rfc,minmax,2,0.950868783702816,entropy,1000
PC,RT,rfc,minmax,2,0.950569203115638,entropy,1500
PC,RT,rfc,minmax,2,0.950569203115638,entropy,2000
PC,RT,rfc,minmax,2,0.9499700419412822,log_loss,100
PC,RT,rfc,minmax,2,0.950569203115638,log_loss,500
PC,RT,rfc,minmax,2,0.9499700419412822,log_loss,1000
PC,RT,rfc,minmax,2,0.9487717195925705,log_loss,1500
PC,RT,rfc,minmax,2,0.95026962252846,log_loss,2000
PC,RT,rfc,minmax,3,0.9478729778310364,gini,100
PC,RT,rfc,minmax,3,0.9472738166566806,gini,500
PC,RT,rfc,minmax,3,0.9481725584182144,gini,1000
PC,RT,rfc,minmax,3,0.9481725584182144,gini,1500
PC,RT,rfc,minmax,3,0.9481725584182144,gini,2000
PC,RT,rfc,minmax,3,0.9481725584182144,entropy,100
PC,RT,rfc,minmax,3,0.9472738166566806,entropy,500
PC,RT,rfc,minmax,3,0.9460754943079688,entropy,1000
PC,RT,rfc,minmax,3,0.9484721390053924,entropy,1500
PC,RT,rfc,minmax,3,0.9478729778310364,entropy,2000
PC,RT,rfc,minmax,3,0.9445775913720792,log_loss,100
PC,RT,rfc,minmax,3,0.9469742360695028,log_loss,500
PC,RT,rfc,minmax,3,0.9481725584182144,log_loss,1000
PC,RT,rfc,minmax,3,0.9481725584182144,log_loss,1500
PC,RT,rfc,minmax,3,0.9484721390053924,log_loss,2000
PC,RT,rfc,minmax,4,0.9472738166566806,gini,100
PC,RT,rfc,minmax,4,0.9460754943079688,gini,500
PC,RT,rfc,minmax,4,0.9457759137207908,gini,1000
PC,RT,rfc,minmax,4,0.9466746554823248,gini,1500
PC,RT,rfc,minmax,4,0.9460754943079688,gini,2000
PC,RT,rfc,minmax,4,0.9427801078490112,entropy,100
PC,RT,rfc,minmax,4,0.945176752546435,entropy,500
PC,RT,rfc,minmax,4,0.9442780107849011,entropy,1000
PC,RT,rfc,minmax,4,0.9472738166566806,entropy,1500
PC,RT,rfc,minmax,4,0.9460754943079688,entropy,2000
PC,RT,rfc,minmax,4,0.9454763331336128,log_loss,100
PC,RT,rfc,minmax,4,0.9454763331336128,log_loss,500
PC,RT,rfc,minmax,4,0.9454763331336128,log_loss,1000
PC,RT,rfc,minmax,4,0.9457759137207908,log_loss,1500
PC,RT,rfc,minmax,4,0.9463750748951468,log_loss,2000
ECFP4,RT,rfc,std,1,0.9496704613541044,gini,100
ECFP4,RT,rfc,std,1,0.9487717195925705,gini,500
ECFP4,RT,rfc,std,1,0.9481725584182144,gini,1000
ECFP4,RT,rfc,std,1,0.9487717195925705,gini,1500
ECFP4,RT,rfc,std,1,0.9493708807669264,gini,2000
ECFP4,RT,rfc,std,1,0.950569203115638,entropy,100
ECFP4,RT,rfc,std,1,0.9499700419412822,entropy,500
ECFP4,RT,rfc,std,1,0.9496704613541044,entropy,1000
ECFP4,RT,rfc,std,1,0.9490713001797484,entropy,1500
ECFP4,RT,rfc,std,1,0.9487717195925705,entropy,2000
ECFP4,RT,rfc,std,1,0.951168364289994,log_loss,100
ECFP4,RT,rfc,std,1,0.9487717195925705,log_loss,500
ECFP4,RT,rfc,std,1,0.9481725584182144,log_loss,1000
ECFP4,RT,rfc,std,1,0.9481725584182144,log_loss,1500
ECFP4,RT,rfc,std,1,0.9490713001797484,log_loss,2000
ECFP4,RT,rfc,std,2,0.9484721390053924,gini,100
ECFP4,RT,rfc,std,2,0.9493708807669264,gini,500
ECFP4,RT,rfc,std,2,0.9481725584182144,gini,1000
ECFP4,RT,rfc,std,2,0.9469742360695028,gini,1500
ECFP4,RT,rfc,std,2,0.9472738166566806,gini,2000
ECFP4,RT,rfc,std,2,0.9475733972438586,entropy,100
ECFP4,RT,rfc,std,2,0.9487717195925705,entropy,500
ECFP4,RT,rfc,std,2,0.95026962252846,entropy,1000
ECFP4,RT,rfc,std,2,0.9487717195925705,entropy,1500
ECFP4,RT,rfc,std,2,0.9490713001797484,entropy,2000
ECFP4,RT,rfc,std,2,0.9469742360695028,log_loss,100
ECFP4,RT,rfc,std,2,0.9478729778310364,log_loss,500
ECFP4,RT,rfc,std,2,0.9478729778310364,log_loss,1000
ECFP4,RT,rfc,std,2,0.9493708807669264,log_loss,1500
ECFP4,RT,rfc,std,2,0.9484721390053924,log_loss,2000
ECFP4,RT,rfc,std,3,0.944877171959257,gini,100
ECFP4,RT,rfc,std,3,0.9472738166566806,gini,500
ECFP4,RT,rfc,std,3,0.9487717195925705,gini,1000
ECFP4,RT,rfc,std,3,0.95026962252846,gini,1500
ECFP4,RT,rfc,std,3,0.9490713001797484,gini,2000
ECFP4,RT,rfc,std,3,0.9457759137207908,entropy,100
ECFP4,RT,rfc,std,3,0.9493708807669264,entropy,500
ECFP4,RT,rfc,std,3,0.9496704613541044,entropy,1000
ECFP4,RT,rfc,std,3,0.950569203115638,entropy,1500
ECFP4,RT,rfc,std,3,0.9484721390053924,entropy,2000
ECFP4,RT,rfc,std,3,0.9490713001797484,log_loss,100
ECFP4,RT,rfc,std,3,0.9475733972438586,log_loss,500
ECFP4,RT,rfc,std,3,0.9478729778310364,log_loss,1000
ECFP4,RT,rfc,std,3,0.9499700419412822,log_loss,1500
ECFP4,RT,rfc,std,3,0.9496704613541044,log_loss,2000
ECFP4,RT,rfc,std,4,0.9466746554823248,gini,100
ECFP4,RT,rfc,std,4,0.9478729778310364,gini,500
ECFP4,RT,rfc,std,4,0.9469742360695028,gini,1000
ECFP4,RT,rfc,std,4,0.9481725584182144,gini,1500
ECFP4,RT,rfc,std,4,0.9487717195925705,gini,2000
ECFP4,RT,rfc,std,4,0.9487717195925705,entropy,100
ECFP4,RT,rfc,std,4,0.9469742360695028,entropy,500
ECFP4,RT,rfc,std,4,0.9487717195925705,entropy,1000
ECFP4,RT,rfc,std,4,0.9487717195925705,entropy,1500
ECFP4,RT,rfc,std,4,0.9481725584182144,entropy,2000
ECFP4,RT,rfc,std,4,0.9490713001797484,log_loss,100
ECFP4,RT,rfc,std,4,0.9484721390053924,log_loss,500
ECFP4,RT,rfc,std,4,0.9496704613541044,log_loss,1000
ECFP4,RT,rfc,std,4,0.9466746554823248,log_loss,1500
ECFP4,RT,rfc,std,4,0.9487717195925705,log_loss,2000
ECFP4,RT,rfc,minmax,1,0.9523666866387058,gini,100
ECFP4,RT,rfc,minmax,1,0.9490713001797484,gini,500
ECFP4,RT,rfc,minmax,1,0.9484721390053924,gini,1000
ECFP4,RT,rfc,minmax,1,0.9481725584182144,gini,1500
ECFP4,RT,rfc,minmax,1,0.9484721390053924,gini,2000
ECFP4,RT,rfc,minmax,1,0.9532654284002396,entropy,100
ECFP4,RT,rfc,minmax,1,0.9466746554823248,entropy,500
ECFP4,RT,rfc,minmax,1,0.9493708807669264,entropy,1000
ECFP4,RT,rfc,minmax,1,0.9490713001797484,entropy,1500
ECFP4,RT,rfc,minmax,1,0.9484721390053924,entropy,2000
ECFP4,RT,rfc,minmax,1,0.9466746554823248,log_loss,100
ECFP4,RT,rfc,minmax,1,0.9466746554823248,log_loss,500
ECFP4,RT,rfc,minmax,1,0.9484721390053924,log_loss,1000
ECFP4,RT,rfc,minmax,1,0.9499700419412822,log_loss,1500
ECFP4,RT,rfc,minmax,1,0.9478729778310364,log_loss,2000
ECFP4,RT,rfc,minmax,2,0.9481725584182144,gini,100
ECFP4,RT,rfc,minmax,2,0.9493708807669264,gini,500
ECFP4,RT,rfc,minmax,2,0.9469742360695028,gini,1000
ECFP4,RT,rfc,minmax,2,0.9481725584182144,gini,1500
ECFP4,RT,rfc,minmax,2,0.9469742360695028,gini,2000
ECFP4,RT,rfc,minmax,2,0.9490713001797484,entropy,100
ECFP4,RT,rfc,minmax,2,0.9481725584182144,entropy,500
ECFP4,RT,rfc,minmax,2,0.9499700419412822,entropy,1000
ECFP4,RT,rfc,minmax,2,0.9478729778310364,entropy,1500
ECFP4,RT,rfc,minmax,2,0.9484721390053924,entropy,2000
ECFP4,RT,rfc,minmax,2,0.9484721390053924,log_loss,100
ECFP4,RT,rfc,minmax,2,0.9469742360695028,log_loss,500
ECFP4,RT,rfc,minmax,2,0.9490713001797484,log_loss,1000
ECFP4,RT,rfc,minmax,2,0.9487717195925705,log_loss,1500
ECFP4,RT,rfc,minmax,2,0.9496704613541044,log_loss,2000
ECFP4,RT,rfc,minmax,3,0.9466746554823248,gini,100
ECFP4,RT,rfc,minmax,3,0.951168364289994,gini,500
ECFP4,RT,rfc,minmax,3,0.9487717195925705,gini,1000
ECFP4,RT,rfc,minmax,3,0.9490713001797484,gini,1500
ECFP4,RT,rfc,minmax,3,0.9481725584182144,gini,2000
ECFP4,RT,rfc,minmax,3,0.9469742360695028,entropy,100
ECFP4,RT,rfc,minmax,3,0.952067106051528,entropy,500
ECFP4,RT,rfc,minmax,3,0.95176752546435,entropy,1000
ECFP4,RT,rfc,minmax,3,0.9493708807669264,entropy,1500
ECFP4,RT,rfc,minmax,3,0.9493708807669264,entropy,2000
ECFP4,RT,rfc,minmax,3,0.9481725584182144,log_loss,100
ECFP4,RT,rfc,minmax,3,0.9496704613541044,log_loss,500
ECFP4,RT,rfc,minmax,3,0.9493708807669264,log_loss,1000
ECFP4,RT,rfc,minmax,3,0.9496704613541044,log_loss,1500
ECFP4,RT,rfc,minmax,3,0.9484721390053924,log_loss,2000
ECFP4,RT,rfc,minmax,4,0.9478729778310364,gini,100
ECFP4,RT,rfc,minmax,4,0.9475733972438586,gini,500
ECFP4,RT,rfc,minmax,4,0.9466746554823248,gini,1000
ECFP4,RT,rfc,minmax,4,0.9487717195925705,gini,1500
ECFP4,RT,rfc,minmax,4,0.9463750748951468,gini,2000
ECFP4,RT,rfc,minmax,4,0.9490713001797484,entropy,100
ECFP4,RT,rfc,minmax,4,0.9481725584182144,entropy,500
ECFP4,RT,rfc,minmax,4,0.9478729778310364,entropy,1000
ECFP4,RT,rfc,minmax,4,0.9484721390053924,entropy,1500
ECFP4,RT,rfc,minmax,4,0.9481725584182144,entropy,2000
ECFP4,RT,rfc,minmax,4,0.9484721390053924,log_loss,100
ECFP4,RT,rfc,minmax,4,0.9487717195925705,log_loss,500
ECFP4,RT,rfc,minmax,4,0.9475733972438586,log_loss,1000
ECFP4,RT,rfc,minmax,4,0.9493708807669264,log_loss,1500
ECFP4,RT,rfc,minmax,4,0.9484721390053924,log_loss,2000
MIX,RT,rfc,std,1,0.9463750748951468,gini,100
MIX,RT,rfc,std,1,0.9475733972438586,gini,500
MIX,RT,rfc,std,1,0.9478729778310364,gini,1000
MIX,RT,rfc,std,1,0.9469742360695028,gini,1500
MIX,RT,rfc,std,1,0.9472738166566806,gini,2000
MIX,RT,rfc,std,1,0.9463750748951468,entropy,100
MIX,RT,rfc,std,1,0.9463750748951468,entropy,500
MIX,RT,rfc,std,1,0.9469742360695028,entropy,1000
MIX,RT,rfc,std,1,0.9478729778310364,entropy,1500
MIX,RT,rfc,std,1,0.9472738166566806,entropy,2000
MIX,RT,rfc,std,1,0.9478729778310364,log_loss,100
MIX,RT,rfc,std,1,0.9469742360695028,log_loss,500
MIX,RT,rfc,std,1,0.9487717195925705,log_loss,1000
MIX,RT,rfc,std,1,0.9460754943079688,log_loss,1500
MIX,RT,rfc,std,1,0.9469742360695028,log_loss,2000
MIX,RT,rfc,std,2,0.9424805272618334,gini,100
MIX,RT,rfc,std,2,0.9430796884361894,gini,500
MIX,RT,rfc,std,2,0.9445775913720792,gini,1000
MIX,RT,rfc,std,2,0.9436788496105452,gini,1500
MIX,RT,rfc,std,2,0.9442780107849011,gini,2000
MIX,RT,rfc,std,2,0.9460754943079688,entropy,100
MIX,RT,rfc,std,2,0.9427801078490112,entropy,500
MIX,RT,rfc,std,2,0.9442780107849011,entropy,1000
MIX,RT,rfc,std,2,0.9433792690233672,entropy,1500
MIX,RT,rfc,std,2,0.9436788496105452,entropy,2000
MIX,RT,rfc,std,2,0.9445775913720792,log_loss,100
MIX,RT,rfc,std,2,0.9436788496105452,log_loss,500
MIX,RT,rfc,std,2,0.9439784301977232,log_loss,1000
MIX,RT,rfc,std,2,0.9439784301977232,log_loss,1500
MIX,RT,rfc,std,2,0.9430796884361894,log_loss,2000
MIX,RT,rfc,std,3,0.9469742360695028,gini,100
MIX,RT,rfc,std,3,0.9478729778310364,gini,500
MIX,RT,rfc,std,3,0.9481725584182144,gini,1000
MIX,RT,rfc,std,3,0.9487717195925705,gini,1500
MIX,RT,rfc,std,3,0.9472738166566806,gini,2000
MIX,RT,rfc,std,3,0.9457759137207908,entropy,100
MIX,RT,rfc,std,3,0.9487717195925705,entropy,500
MIX,RT,rfc,std,3,0.9481725584182144,entropy,1000
MIX,RT,rfc,std,3,0.9481725584182144,entropy,1500
MIX,RT,rfc,std,3,0.9484721390053924,entropy,2000
MIX,RT,rfc,std,3,0.9490713001797484,log_loss,100
MIX,RT,rfc,std,3,0.9475733972438586,log_loss,500
MIX,RT,rfc,std,3,0.9484721390053924,log_loss,1000
MIX,RT,rfc,std,3,0.9478729778310364,log_loss,1500
MIX,RT,rfc,std,3,0.9487717195925705,log_loss,2000
MIX,RT,rfc,std,4,0.9487717195925705,gini,100
MIX,RT,rfc,std,4,0.9487717195925705,gini,500
MIX,RT,rfc,std,4,0.9463750748951468,gini,1000
MIX,RT,rfc,std,4,0.9469742360695028,gini,1500
MIX,RT,rfc,std,4,0.9463750748951468,gini,2000
MIX,RT,rfc,std,4,0.9466746554823248,entropy,100
MIX,RT,rfc,std,4,0.9463750748951468,entropy,500
MIX,RT,rfc,std,4,0.9454763331336128,entropy,1000
MIX,RT,rfc,std,4,0.9475733972438586,entropy,1500
MIX,RT,rfc,std,4,0.9469742360695028,entropy,2000
MIX,RT,rfc,std,4,0.9460754943079688,log_loss,100
MIX,RT,rfc,std,4,0.9466746554823248,log_loss,500
MIX,RT,rfc,std,4,0.9475733972438586,log_loss,1000
MIX,RT,rfc,std,4,0.9472738166566806,log_loss,1500
MIX,RT,rfc,std,4,0.9472738166566806,log_loss,2000
MIX,RT,rfc,minmax,1,0.9463750748951468,gini,100
MIX,RT,rfc,minmax,1,0.9472738166566806,gini,500
MIX,RT,rfc,minmax,1,0.9478729778310364,gini,1000
MIX,RT,rfc,minmax,1,0.9469742360695028,gini,1500
MIX,RT,rfc,minmax,1,0.9481725584182144,gini,2000
MIX,RT,rfc,minmax,1,0.9454763331336128,entropy,100
MIX,RT,rfc,minmax,1,0.9487717195925705,entropy,500
MIX,RT,rfc,minmax,1,0.9460754943079688,entropy,1000
MIX,RT,rfc,minmax,1,0.9460754943079688,entropy,1500
MIX,RT,rfc,minmax,1,0.9463750748951468,entropy,2000
MIX,RT,rfc,minmax,1,0.9460754943079688,log_loss,100
MIX,RT,rfc,minmax,1,0.9487717195925705,log_loss,500
MIX,RT,rfc,minmax,1,0.9469742360695028,log_loss,1000
MIX,RT,rfc,minmax,1,0.9484721390053924,log_loss,1500
MIX,RT,rfc,minmax,1,0.9475733972438586,log_loss,2000
MIX,RT,rfc,minmax,2,0.9433792690233672,gini,100
MIX,RT,rfc,minmax,2,0.9454763331336128,gini,500
MIX,RT,rfc,minmax,2,0.9442780107849011,gini,1000
MIX,RT,rfc,minmax,2,0.9424805272618334,gini,1500
MIX,RT,rfc,minmax,2,0.9430796884361894,gini,2000
MIX,RT,rfc,minmax,2,0.9424805272618334,entropy,100
MIX,RT,rfc,minmax,2,0.9433792690233672,entropy,500
MIX,RT,rfc,minmax,2,0.9442780107849011,entropy,1000
MIX,RT,rfc,minmax,2,0.9424805272618334,entropy,1500
MIX,RT,rfc,minmax,2,0.9433792690233672,entropy,2000
MIX,RT,rfc,minmax,2,0.9457759137207908,log_loss,100
MIX,RT,rfc,minmax,2,0.9424805272618334,log_loss,500
MIX,RT,rfc,minmax,2,0.9436788496105452,log_loss,1000
MIX,RT,rfc,minmax,2,0.9436788496105452,log_loss,1500
MIX,RT,rfc,minmax,2,0.9421809466746556,log_loss,2000
MIX,RT,rfc,minmax,3,0.9466746554823248,gini,100
MIX,RT,rfc,minmax,3,0.9493708807669264,gini,500
MIX,RT,rfc,minmax,3,0.9475733972438586,gini,1000
MIX,RT,rfc,minmax,3,0.9481725584182144,gini,1500
MIX,RT,rfc,minmax,3,0.9487717195925705,gini,2000
MIX,RT,rfc,minmax,3,0.9442780107849011,entropy,100
MIX,RT,rfc,minmax,3,0.9466746554823248,entropy,500
MIX,RT,rfc,minmax,3,0.9481725584182144,entropy,1000
MIX,RT,rfc,minmax,3,0.9475733972438586,entropy,1500
MIX,RT,rfc,minmax,3,0.9487717195925705,entropy,2000
MIX,RT,rfc,minmax,3,0.9469742360695028,log_loss,100
MIX,RT,rfc,minmax,3,0.9472738166566806,log_loss,500
MIX,RT,rfc,minmax,3,0.9481725584182144,log_loss,1000
MIX,RT,rfc,minmax,3,0.9484721390053924,log_loss,1500
MIX,RT,rfc,minmax,3,0.9484721390053924,log_loss,2000
MIX,RT,rfc,minmax,4,0.9478729778310364,gini,100
MIX,RT,rfc,minmax,4,0.9463750748951468,gini,500
MIX,RT,rfc,minmax,4,0.9475733972438586,gini,1000
MIX,RT,rfc,minmax,4,0.9472738166566806,gini,1500
MIX,RT,rfc,minmax,4,0.9472738166566806,gini,2000
MIX,RT,rfc,minmax,4,0.9460754943079688,entropy,100
MIX,RT,rfc,minmax,4,0.9457759137207908,entropy,500
MIX,RT,rfc,minmax,4,0.9472738166566806,entropy,1000
MIX,RT,rfc,minmax,4,0.9475733972438586,entropy,1500
MIX,RT,rfc,minmax,4,0.9484721390053924,entropy,2000
MIX,RT,rfc,minmax,4,0.9460754943079688,log_loss,100
MIX,RT,rfc,minmax,4,0.9469742360695028,log_loss,500
MIX,RT,rfc,minmax,4,0.9472738166566806,log_loss,1000
MIX,RT,rfc,minmax,4,0.9475733972438586,log_loss,1500
MIX,RT,rfc,minmax,4,0.9463750748951468,log_loss,2000
