model,Descriptor,Enzyme,scaler,split,Accuracy,criterion,n_estimators,Category,Enzyme x Descriptor
rfc,PC,HIV-1 IN,std,1,0.959114139693356,gini,100,A,HIV-1 IN x PC
rfc,PC,HIV-1 IN,std,1,0.9586882453151618,gini,500,A,HIV-1 IN x PC
rfc,PC,HIV-1 IN,std,1,0.9586882453151618,gini,1000,A,HIV-1 IN x PC
rfc,PC,HIV-1 IN,std,1,0.9574105621805792,gini,1500,A,HIV-1 IN x PC
rfc,PC,HIV-1 IN,std,1,0.9586882453151618,gini,2000,A,HIV-1 IN x PC
rfc,PC,HIV-1 IN,std,1,0.9565587734241908,entropy,100,A,HIV-1 IN x PC
rfc,PC,HIV-1 IN,std,1,0.956984667802385,entropy,500,A,HIV-1 IN x PC
rfc,PC,HIV-1 IN,std,1,0.9578364565587736,entropy,1000,A,HIV-1 IN x PC
rfc,PC,HIV-1 IN,std,1,0.9582623509369677,entropy,1500,A,HIV-1 IN x PC
rfc,PC,HIV-1 IN,std,1,0.959114139693356,entropy,2000,A,HIV-1 IN x PC
rfc,PC,HIV-1 IN,std,2,0.9552810902896082,gini,100,A,HIV-1 IN x PC
rfc,PC,HIV-1 IN,std,2,0.956984667802385,gini,500,A,HIV-1 IN x PC
rfc,PC,HIV-1 IN,std,2,0.956984667802385,gini,1000,A,HIV-1 IN x PC
rfc,PC,HIV-1 IN,std,2,0.9557069846678024,gini,1500,A,HIV-1 IN x PC
rfc,PC,HIV-1 IN,std,2,0.9561328790459966,gini,2000,A,HIV-1 IN x PC
rfc,PC,HIV-1 IN,std,2,0.9552810902896082,entropy,100,A,HIV-1 IN x PC
rfc,PC,HIV-1 IN,std,2,0.954855195911414,entropy,500,A,HIV-1 IN x PC
rfc,PC,HIV-1 IN,std,2,0.954855195911414,entropy,1000,A,HIV-1 IN x PC
rfc,PC,HIV-1 IN,std,2,0.954855195911414,entropy,1500,A,HIV-1 IN x PC
rfc,PC,HIV-1 IN,std,2,0.9552810902896082,entropy,2000,A,HIV-1 IN x PC
rfc,PC,HIV-1 IN,std,3,0.9625212947189096,gini,100,A,HIV-1 IN x PC
rfc,PC,HIV-1 IN,std,3,0.962947189097104,gini,500,A,HIV-1 IN x PC
rfc,PC,HIV-1 IN,std,3,0.9616695059625212,gini,1000,A,HIV-1 IN x PC
rfc,PC,HIV-1 IN,std,3,0.9625212947189096,gini,1500,A,HIV-1 IN x PC
rfc,PC,HIV-1 IN,std,3,0.9616695059625212,gini,2000,A,HIV-1 IN x PC
rfc,PC,HIV-1 IN,std,3,0.9608177172061328,entropy,100,A,HIV-1 IN x PC
rfc,PC,HIV-1 IN,std,3,0.9608177172061328,entropy,500,A,HIV-1 IN x PC
rfc,PC,HIV-1 IN,std,3,0.9625212947189096,entropy,1000,A,HIV-1 IN x PC
rfc,PC,HIV-1 IN,std,3,0.9625212947189096,entropy,1500,A,HIV-1 IN x PC
rfc,PC,HIV-1 IN,std,3,0.9616695059625212,entropy,2000,A,HIV-1 IN x PC
rfc,PC,HIV-1 IN,std,4,0.9552810902896082,gini,100,A,HIV-1 IN x PC
rfc,PC,HIV-1 IN,std,4,0.9565587734241908,gini,500,A,HIV-1 IN x PC
rfc,PC,HIV-1 IN,std,4,0.9561328790459966,gini,1000,A,HIV-1 IN x PC
rfc,PC,HIV-1 IN,std,4,0.9557069846678024,gini,1500,A,HIV-1 IN x PC
rfc,PC,HIV-1 IN,std,4,0.9557069846678024,gini,2000,A,HIV-1 IN x PC
rfc,PC,HIV-1 IN,std,4,0.9544293015332198,entropy,100,A,HIV-1 IN x PC
rfc,PC,HIV-1 IN,std,4,0.9540034071550256,entropy,500,A,HIV-1 IN x PC
rfc,PC,HIV-1 IN,std,4,0.9552810902896082,entropy,1000,A,HIV-1 IN x PC
rfc,PC,HIV-1 IN,std,4,0.9552810902896082,entropy,1500,A,HIV-1 IN x PC
rfc,PC,HIV-1 IN,std,4,0.954855195911414,entropy,2000,A,HIV-1 IN x PC
rfc,PC,HIV-1 IN,minmax,1,0.959114139693356,gini,100,A,HIV-1 IN x PC
rfc,PC,HIV-1 IN,minmax,1,0.9582623509369677,gini,500,A,HIV-1 IN x PC
rfc,PC,HIV-1 IN,minmax,1,0.9574105621805792,gini,1000,A,HIV-1 IN x PC
rfc,PC,HIV-1 IN,minmax,1,0.9574105621805792,gini,1500,A,HIV-1 IN x PC
rfc,PC,HIV-1 IN,minmax,1,0.9582623509369677,gini,2000,A,HIV-1 IN x PC
rfc,PC,HIV-1 IN,minmax,1,0.9557069846678024,entropy,100,A,HIV-1 IN x PC
rfc,PC,HIV-1 IN,minmax,1,0.956984667802385,entropy,500,A,HIV-1 IN x PC
rfc,PC,HIV-1 IN,minmax,1,0.9578364565587736,entropy,1000,A,HIV-1 IN x PC
rfc,PC,HIV-1 IN,minmax,1,0.9582623509369677,entropy,1500,A,HIV-1 IN x PC
rfc,PC,HIV-1 IN,minmax,1,0.959114139693356,entropy,2000,A,HIV-1 IN x PC
rfc,PC,HIV-1 IN,minmax,2,0.954855195911414,gini,100,A,HIV-1 IN x PC
rfc,PC,HIV-1 IN,minmax,2,0.9574105621805792,gini,500,A,HIV-1 IN x PC
rfc,PC,HIV-1 IN,minmax,2,0.9561328790459966,gini,1000,A,HIV-1 IN x PC
rfc,PC,HIV-1 IN,minmax,2,0.9561328790459966,gini,1500,A,HIV-1 IN x PC
rfc,PC,HIV-1 IN,minmax,2,0.9561328790459966,gini,2000,A,HIV-1 IN x PC
rfc,PC,HIV-1 IN,minmax,2,0.9544293015332198,entropy,100,A,HIV-1 IN x PC
rfc,PC,HIV-1 IN,minmax,2,0.954855195911414,entropy,500,A,HIV-1 IN x PC
rfc,PC,HIV-1 IN,minmax,2,0.954855195911414,entropy,1000,A,HIV-1 IN x PC
rfc,PC,HIV-1 IN,minmax,2,0.9557069846678024,entropy,1500,A,HIV-1 IN x PC
rfc,PC,HIV-1 IN,minmax,2,0.9552810902896082,entropy,2000,A,HIV-1 IN x PC
rfc,PC,HIV-1 IN,minmax,3,0.962947189097104,gini,100,A,HIV-1 IN x PC
rfc,PC,HIV-1 IN,minmax,3,0.9616695059625212,gini,500,A,HIV-1 IN x PC
rfc,PC,HIV-1 IN,minmax,3,0.9616695059625212,gini,1000,A,HIV-1 IN x PC
rfc,PC,HIV-1 IN,minmax,3,0.9625212947189096,gini,1500,A,HIV-1 IN x PC
rfc,PC,HIV-1 IN,minmax,3,0.9616695059625212,gini,2000,A,HIV-1 IN x PC
rfc,PC,HIV-1 IN,minmax,3,0.9608177172061328,entropy,100,A,HIV-1 IN x PC
rfc,PC,HIV-1 IN,minmax,3,0.9608177172061328,entropy,500,A,HIV-1 IN x PC
rfc,PC,HIV-1 IN,minmax,3,0.9625212947189096,entropy,1000,A,HIV-1 IN x PC
rfc,PC,HIV-1 IN,minmax,3,0.9625212947189096,entropy,1500,A,HIV-1 IN x PC
rfc,PC,HIV-1 IN,minmax,3,0.9616695059625212,entropy,2000,A,HIV-1 IN x PC
rfc,PC,HIV-1 IN,minmax,4,0.9557069846678024,gini,100,A,HIV-1 IN x PC
rfc,PC,HIV-1 IN,minmax,4,0.9565587734241908,gini,500,A,HIV-1 IN x PC
rfc,PC,HIV-1 IN,minmax,4,0.9565587734241908,gini,1000,A,HIV-1 IN x PC
rfc,PC,HIV-1 IN,minmax,4,0.9561328790459966,gini,1500,A,HIV-1 IN x PC
rfc,PC,HIV-1 IN,minmax,4,0.9557069846678024,gini,2000,A,HIV-1 IN x PC
rfc,PC,HIV-1 IN,minmax,4,0.9544293015332198,entropy,100,A,HIV-1 IN x PC
rfc,PC,HIV-1 IN,minmax,4,0.954855195911414,entropy,500,A,HIV-1 IN x PC
rfc,PC,HIV-1 IN,minmax,4,0.9565587734241908,entropy,1000,A,HIV-1 IN x PC
rfc,PC,HIV-1 IN,minmax,4,0.9557069846678024,entropy,1500,A,HIV-1 IN x PC
rfc,PC,HIV-1 IN,minmax,4,0.954855195911414,entropy,2000,A,HIV-1 IN x PC
rfc,ECFP4,HIV-1 IN,std,1,0.9612436115843273,gini,100,A,HIV-1 IN x ECFP4
rfc,ECFP4,HIV-1 IN,std,1,0.9616695059625212,gini,500,A,HIV-1 IN x ECFP4
rfc,ECFP4,HIV-1 IN,std,1,0.9612436115843273,gini,1000,A,HIV-1 IN x ECFP4
rfc,ECFP4,HIV-1 IN,std,1,0.9608177172061328,gini,1500,A,HIV-1 IN x ECFP4
rfc,ECFP4,HIV-1 IN,std,1,0.9608177172061328,gini,2000,A,HIV-1 IN x ECFP4
rfc,ECFP4,HIV-1 IN,std,1,0.9599659284497444,entropy,100,A,HIV-1 IN x ECFP4
rfc,ECFP4,HIV-1 IN,std,1,0.9599659284497444,entropy,500,A,HIV-1 IN x ECFP4
rfc,ECFP4,HIV-1 IN,std,1,0.9608177172061328,entropy,1000,A,HIV-1 IN x ECFP4
rfc,ECFP4,HIV-1 IN,std,1,0.9612436115843273,entropy,1500,A,HIV-1 IN x ECFP4
rfc,ECFP4,HIV-1 IN,std,1,0.9616695059625212,entropy,2000,A,HIV-1 IN x ECFP4
rfc,ECFP4,HIV-1 IN,std,2,0.9603918228279388,gini,100,A,HIV-1 IN x ECFP4
rfc,ECFP4,HIV-1 IN,std,2,0.959114139693356,gini,500,A,HIV-1 IN x ECFP4
rfc,ECFP4,HIV-1 IN,std,2,0.9603918228279388,gini,1000,A,HIV-1 IN x ECFP4
rfc,ECFP4,HIV-1 IN,std,2,0.9612436115843273,gini,1500,A,HIV-1 IN x ECFP4
rfc,ECFP4,HIV-1 IN,std,2,0.9608177172061328,gini,2000,A,HIV-1 IN x ECFP4
rfc,ECFP4,HIV-1 IN,std,2,0.9633730834752982,entropy,100,A,HIV-1 IN x ECFP4
rfc,ECFP4,HIV-1 IN,std,2,0.9625212947189096,entropy,500,A,HIV-1 IN x ECFP4
rfc,ECFP4,HIV-1 IN,std,2,0.962947189097104,entropy,1000,A,HIV-1 IN x ECFP4
rfc,ECFP4,HIV-1 IN,std,2,0.962947189097104,entropy,1500,A,HIV-1 IN x ECFP4
rfc,ECFP4,HIV-1 IN,std,2,0.962947189097104,entropy,2000,A,HIV-1 IN x ECFP4
rfc,ECFP4,HIV-1 IN,std,3,0.9676320272572402,gini,100,A,HIV-1 IN x ECFP4
rfc,ECFP4,HIV-1 IN,std,3,0.967206132879046,gini,500,A,HIV-1 IN x ECFP4
rfc,ECFP4,HIV-1 IN,std,3,0.9689097103918228,gini,1000,A,HIV-1 IN x ECFP4
rfc,ECFP4,HIV-1 IN,std,3,0.9676320272572402,gini,1500,A,HIV-1 IN x ECFP4
rfc,ECFP4,HIV-1 IN,std,3,0.9676320272572402,gini,2000,A,HIV-1 IN x ECFP4
rfc,ECFP4,HIV-1 IN,std,3,0.9667802385008518,entropy,100,A,HIV-1 IN x ECFP4
rfc,ECFP4,HIV-1 IN,std,3,0.9680579216354344,entropy,500,A,HIV-1 IN x ECFP4
rfc,ECFP4,HIV-1 IN,std,3,0.9676320272572402,entropy,1000,A,HIV-1 IN x ECFP4
rfc,ECFP4,HIV-1 IN,std,3,0.9676320272572402,entropy,1500,A,HIV-1 IN x ECFP4
rfc,ECFP4,HIV-1 IN,std,3,0.967206132879046,entropy,2000,A,HIV-1 IN x ECFP4
rfc,ECFP4,HIV-1 IN,std,4,0.954855195911414,gini,100,A,HIV-1 IN x ECFP4
rfc,ECFP4,HIV-1 IN,std,4,0.9540034071550256,gini,500,A,HIV-1 IN x ECFP4
rfc,ECFP4,HIV-1 IN,std,4,0.9544293015332198,gini,1000,A,HIV-1 IN x ECFP4
rfc,ECFP4,HIV-1 IN,std,4,0.9540034071550256,gini,1500,A,HIV-1 IN x ECFP4
rfc,ECFP4,HIV-1 IN,std,4,0.9540034071550256,gini,2000,A,HIV-1 IN x ECFP4
rfc,ECFP4,HIV-1 IN,std,4,0.9557069846678024,entropy,100,A,HIV-1 IN x ECFP4
rfc,ECFP4,HIV-1 IN,std,4,0.9544293015332198,entropy,500,A,HIV-1 IN x ECFP4
rfc,ECFP4,HIV-1 IN,std,4,0.9544293015332198,entropy,1000,A,HIV-1 IN x ECFP4
rfc,ECFP4,HIV-1 IN,std,4,0.9544293015332198,entropy,1500,A,HIV-1 IN x ECFP4
rfc,ECFP4,HIV-1 IN,std,4,0.954855195911414,entropy,2000,A,HIV-1 IN x ECFP4
rfc,ECFP4,HIV-1 IN,minmax,1,0.9612436115843273,gini,100,A,HIV-1 IN x ECFP4
rfc,ECFP4,HIV-1 IN,minmax,1,0.9616695059625212,gini,500,A,HIV-1 IN x ECFP4
rfc,ECFP4,HIV-1 IN,minmax,1,0.9612436115843273,gini,1000,A,HIV-1 IN x ECFP4
rfc,ECFP4,HIV-1 IN,minmax,1,0.9608177172061328,gini,1500,A,HIV-1 IN x ECFP4
rfc,ECFP4,HIV-1 IN,minmax,1,0.9608177172061328,gini,2000,A,HIV-1 IN x ECFP4
rfc,ECFP4,HIV-1 IN,minmax,1,0.9599659284497444,entropy,100,A,HIV-1 IN x ECFP4
rfc,ECFP4,HIV-1 IN,minmax,1,0.9599659284497444,entropy,500,A,HIV-1 IN x ECFP4
rfc,ECFP4,HIV-1 IN,minmax,1,0.9608177172061328,entropy,1000,A,HIV-1 IN x ECFP4
rfc,ECFP4,HIV-1 IN,minmax,1,0.9612436115843273,entropy,1500,A,HIV-1 IN x ECFP4
rfc,ECFP4,HIV-1 IN,minmax,1,0.9616695059625212,entropy,2000,A,HIV-1 IN x ECFP4
rfc,ECFP4,HIV-1 IN,minmax,2,0.9603918228279388,gini,100,A,HIV-1 IN x ECFP4
rfc,ECFP4,HIV-1 IN,minmax,2,0.959114139693356,gini,500,A,HIV-1 IN x ECFP4
rfc,ECFP4,HIV-1 IN,minmax,2,0.9603918228279388,gini,1000,A,HIV-1 IN x ECFP4
rfc,ECFP4,HIV-1 IN,minmax,2,0.9612436115843273,gini,1500,A,HIV-1 IN x ECFP4
rfc,ECFP4,HIV-1 IN,minmax,2,0.9608177172061328,gini,2000,A,HIV-1 IN x ECFP4
rfc,ECFP4,HIV-1 IN,minmax,2,0.9633730834752982,entropy,100,A,HIV-1 IN x ECFP4
rfc,ECFP4,HIV-1 IN,minmax,2,0.9625212947189096,entropy,500,A,HIV-1 IN x ECFP4
rfc,ECFP4,HIV-1 IN,minmax,2,0.962947189097104,entropy,1000,A,HIV-1 IN x ECFP4
rfc,ECFP4,HIV-1 IN,minmax,2,0.962947189097104,entropy,1500,A,HIV-1 IN x ECFP4
rfc,ECFP4,HIV-1 IN,minmax,2,0.962947189097104,entropy,2000,A,HIV-1 IN x ECFP4
rfc,ECFP4,HIV-1 IN,minmax,3,0.9676320272572402,gini,100,A,HIV-1 IN x ECFP4
rfc,ECFP4,HIV-1 IN,minmax,3,0.967206132879046,gini,500,A,HIV-1 IN x ECFP4
rfc,ECFP4,HIV-1 IN,minmax,3,0.9689097103918228,gini,1000,A,HIV-1 IN x ECFP4
rfc,ECFP4,HIV-1 IN,minmax,3,0.9676320272572402,gini,1500,A,HIV-1 IN x ECFP4
rfc,ECFP4,HIV-1 IN,minmax,3,0.9676320272572402,gini,2000,A,HIV-1 IN x ECFP4
rfc,ECFP4,HIV-1 IN,minmax,3,0.9667802385008518,entropy,100,A,HIV-1 IN x ECFP4
rfc,ECFP4,HIV-1 IN,minmax,3,0.9680579216354344,entropy,500,A,HIV-1 IN x ECFP4
rfc,ECFP4,HIV-1 IN,minmax,3,0.9676320272572402,entropy,1000,A,HIV-1 IN x ECFP4
rfc,ECFP4,HIV-1 IN,minmax,3,0.9676320272572402,entropy,1500,A,HIV-1 IN x ECFP4
rfc,ECFP4,HIV-1 IN,minmax,3,0.967206132879046,entropy,2000,A,HIV-1 IN x ECFP4
rfc,ECFP4,HIV-1 IN,minmax,4,0.954855195911414,gini,100,A,HIV-1 IN x ECFP4
rfc,ECFP4,HIV-1 IN,minmax,4,0.9540034071550256,gini,500,A,HIV-1 IN x ECFP4
rfc,ECFP4,HIV-1 IN,minmax,4,0.9544293015332198,gini,1000,A,HIV-1 IN x ECFP4
rfc,ECFP4,HIV-1 IN,minmax,4,0.9540034071550256,gini,1500,A,HIV-1 IN x ECFP4
rfc,ECFP4,HIV-1 IN,minmax,4,0.9540034071550256,gini,2000,A,HIV-1 IN x ECFP4
rfc,ECFP4,HIV-1 IN,minmax,4,0.9557069846678024,entropy,100,A,HIV-1 IN x ECFP4
rfc,ECFP4,HIV-1 IN,minmax,4,0.9544293015332198,entropy,500,A,HIV-1 IN x ECFP4
rfc,ECFP4,HIV-1 IN,minmax,4,0.9544293015332198,entropy,1000,A,HIV-1 IN x ECFP4
rfc,ECFP4,HIV-1 IN,minmax,4,0.9544293015332198,entropy,1500,A,HIV-1 IN x ECFP4
rfc,ECFP4,HIV-1 IN,minmax,4,0.954855195911414,entropy,2000,A,HIV-1 IN x ECFP4
rfc,MIX,HIV-1 IN,std,1,0.959114139693356,gini,100,A,HIV-1 IN x MIX
rfc,MIX,HIV-1 IN,std,1,0.9620954003407156,gini,500,A,HIV-1 IN x MIX
rfc,MIX,HIV-1 IN,std,1,0.9620954003407156,gini,1000,A,HIV-1 IN x MIX
rfc,MIX,HIV-1 IN,std,1,0.9625212947189096,gini,1500,A,HIV-1 IN x MIX
rfc,MIX,HIV-1 IN,std,1,0.9620954003407156,gini,2000,A,HIV-1 IN x MIX
rfc,MIX,HIV-1 IN,std,1,0.9612436115843273,entropy,100,A,HIV-1 IN x MIX
rfc,MIX,HIV-1 IN,std,1,0.9620954003407156,entropy,500,A,HIV-1 IN x MIX
rfc,MIX,HIV-1 IN,std,1,0.9616695059625212,entropy,1000,A,HIV-1 IN x MIX
rfc,MIX,HIV-1 IN,std,1,0.962947189097104,entropy,1500,A,HIV-1 IN x MIX
rfc,MIX,HIV-1 IN,std,1,0.9625212947189096,entropy,2000,A,HIV-1 IN x MIX
rfc,MIX,HIV-1 IN,std,2,0.9561328790459966,gini,100,A,HIV-1 IN x MIX
rfc,MIX,HIV-1 IN,std,2,0.956984667802385,gini,500,A,HIV-1 IN x MIX
rfc,MIX,HIV-1 IN,std,2,0.9574105621805792,gini,1000,A,HIV-1 IN x MIX
rfc,MIX,HIV-1 IN,std,2,0.9574105621805792,gini,1500,A,HIV-1 IN x MIX
rfc,MIX,HIV-1 IN,std,2,0.9565587734241908,gini,2000,A,HIV-1 IN x MIX
rfc,MIX,HIV-1 IN,std,2,0.9561328790459966,entropy,100,A,HIV-1 IN x MIX
rfc,MIX,HIV-1 IN,std,2,0.9565587734241908,entropy,500,A,HIV-1 IN x MIX
rfc,MIX,HIV-1 IN,std,2,0.956984667802385,entropy,1000,A,HIV-1 IN x MIX
rfc,MIX,HIV-1 IN,std,2,0.9561328790459966,entropy,1500,A,HIV-1 IN x MIX
rfc,MIX,HIV-1 IN,std,2,0.9565587734241908,entropy,2000,A,HIV-1 IN x MIX
rfc,MIX,HIV-1 IN,std,3,0.9620954003407156,gini,100,A,HIV-1 IN x MIX
rfc,MIX,HIV-1 IN,std,3,0.9599659284497444,gini,500,A,HIV-1 IN x MIX
rfc,MIX,HIV-1 IN,std,3,0.9603918228279388,gini,1000,A,HIV-1 IN x MIX
rfc,MIX,HIV-1 IN,std,3,0.9599659284497444,gini,1500,A,HIV-1 IN x MIX
rfc,MIX,HIV-1 IN,std,3,0.9599659284497444,gini,2000,A,HIV-1 IN x MIX
rfc,MIX,HIV-1 IN,std,3,0.9595400340715504,entropy,100,A,HIV-1 IN x MIX
rfc,MIX,HIV-1 IN,std,3,0.9599659284497444,entropy,500,A,HIV-1 IN x MIX
rfc,MIX,HIV-1 IN,std,3,0.959114139693356,entropy,1000,A,HIV-1 IN x MIX
rfc,MIX,HIV-1 IN,std,3,0.9595400340715504,entropy,1500,A,HIV-1 IN x MIX
rfc,MIX,HIV-1 IN,std,3,0.9603918228279388,entropy,2000,A,HIV-1 IN x MIX
rfc,MIX,HIV-1 IN,std,4,0.9646507666098808,gini,100,A,HIV-1 IN x MIX
rfc,MIX,HIV-1 IN,std,4,0.9667802385008518,gini,500,A,HIV-1 IN x MIX
rfc,MIX,HIV-1 IN,std,4,0.9676320272572402,gini,1000,A,HIV-1 IN x MIX
rfc,MIX,HIV-1 IN,std,4,0.9676320272572402,gini,1500,A,HIV-1 IN x MIX
rfc,MIX,HIV-1 IN,std,4,0.9676320272572402,gini,2000,A,HIV-1 IN x MIX
rfc,MIX,HIV-1 IN,std,4,0.9616695059625212,entropy,100,A,HIV-1 IN x MIX
rfc,MIX,HIV-1 IN,std,4,0.9642248722316864,entropy,500,A,HIV-1 IN x MIX
rfc,MIX,HIV-1 IN,std,4,0.9663543441226576,entropy,1000,A,HIV-1 IN x MIX
rfc,MIX,HIV-1 IN,std,4,0.9659284497444632,entropy,1500,A,HIV-1 IN x MIX
rfc,MIX,HIV-1 IN,std,4,0.9663543441226576,entropy,2000,A,HIV-1 IN x MIX
rfc,MIX,HIV-1 IN,minmax,1,0.9586882453151618,gini,100,A,HIV-1 IN x MIX
rfc,MIX,HIV-1 IN,minmax,1,0.9620954003407156,gini,500,A,HIV-1 IN x MIX
rfc,MIX,HIV-1 IN,minmax,1,0.9616695059625212,gini,1000,A,HIV-1 IN x MIX
rfc,MIX,HIV-1 IN,minmax,1,0.9625212947189096,gini,1500,A,HIV-1 IN x MIX
rfc,MIX,HIV-1 IN,minmax,1,0.9620954003407156,gini,2000,A,HIV-1 IN x MIX
rfc,MIX,HIV-1 IN,minmax,1,0.9608177172061328,entropy,100,A,HIV-1 IN x MIX
rfc,MIX,HIV-1 IN,minmax,1,0.9625212947189096,entropy,500,A,HIV-1 IN x MIX
rfc,MIX,HIV-1 IN,minmax,1,0.9616695059625212,entropy,1000,A,HIV-1 IN x MIX
rfc,MIX,HIV-1 IN,minmax,1,0.962947189097104,entropy,1500,A,HIV-1 IN x MIX
rfc,MIX,HIV-1 IN,minmax,1,0.9620954003407156,entropy,2000,A,HIV-1 IN x MIX
rfc,MIX,HIV-1 IN,minmax,2,0.9557069846678024,gini,100,A,HIV-1 IN x MIX
rfc,MIX,HIV-1 IN,minmax,2,0.9565587734241908,gini,500,A,HIV-1 IN x MIX
rfc,MIX,HIV-1 IN,minmax,2,0.956984667802385,gini,1000,A,HIV-1 IN x MIX
rfc,MIX,HIV-1 IN,minmax,2,0.9574105621805792,gini,1500,A,HIV-1 IN x MIX
rfc,MIX,HIV-1 IN,minmax,2,0.9565587734241908,gini,2000,A,HIV-1 IN x MIX
rfc,MIX,HIV-1 IN,minmax,2,0.9561328790459966,entropy,100,A,HIV-1 IN x MIX
rfc,MIX,HIV-1 IN,minmax,2,0.9565587734241908,entropy,500,A,HIV-1 IN x MIX
rfc,MIX,HIV-1 IN,minmax,2,0.956984667802385,entropy,1000,A,HIV-1 IN x MIX
rfc,MIX,HIV-1 IN,minmax,2,0.9565587734241908,entropy,1500,A,HIV-1 IN x MIX
rfc,MIX,HIV-1 IN,minmax,2,0.9565587734241908,entropy,2000,A,HIV-1 IN x MIX
rfc,MIX,HIV-1 IN,minmax,3,0.9625212947189096,gini,100,A,HIV-1 IN x MIX
rfc,MIX,HIV-1 IN,minmax,3,0.9599659284497444,gini,500,A,HIV-1 IN x MIX
rfc,MIX,HIV-1 IN,minmax,3,0.9603918228279388,gini,1000,A,HIV-1 IN x MIX
rfc,MIX,HIV-1 IN,minmax,3,0.9603918228279388,gini,1500,A,HIV-1 IN x MIX
rfc,MIX,HIV-1 IN,minmax,3,0.9599659284497444,gini,2000,A,HIV-1 IN x MIX
rfc,MIX,HIV-1 IN,minmax,3,0.9595400340715504,entropy,100,A,HIV-1 IN x MIX
rfc,MIX,HIV-1 IN,minmax,3,0.959114139693356,entropy,500,A,HIV-1 IN x MIX
rfc,MIX,HIV-1 IN,minmax,3,0.959114139693356,entropy,1000,A,HIV-1 IN x MIX
rfc,MIX,HIV-1 IN,minmax,3,0.9595400340715504,entropy,1500,A,HIV-1 IN x MIX
rfc,MIX,HIV-1 IN,minmax,3,0.9603918228279388,entropy,2000,A,HIV-1 IN x MIX
rfc,MIX,HIV-1 IN,minmax,4,0.9646507666098808,gini,100,A,HIV-1 IN x MIX
rfc,MIX,HIV-1 IN,minmax,4,0.9676320272572402,gini,500,A,HIV-1 IN x MIX
rfc,MIX,HIV-1 IN,minmax,4,0.9676320272572402,gini,1000,A,HIV-1 IN x MIX
rfc,MIX,HIV-1 IN,minmax,4,0.9680579216354344,gini,1500,A,HIV-1 IN x MIX
rfc,MIX,HIV-1 IN,minmax,4,0.9676320272572402,gini,2000,A,HIV-1 IN x MIX
rfc,MIX,HIV-1 IN,minmax,4,0.962947189097104,entropy,100,A,HIV-1 IN x MIX
rfc,MIX,HIV-1 IN,minmax,4,0.9646507666098808,entropy,500,A,HIV-1 IN x MIX
rfc,MIX,HIV-1 IN,minmax,4,0.9663543441226576,entropy,1000,A,HIV-1 IN x MIX
rfc,MIX,HIV-1 IN,minmax,4,0.9659284497444632,entropy,1500,A,HIV-1 IN x MIX
rfc,MIX,HIV-1 IN,minmax,4,0.9663543441226576,entropy,2000,A,HIV-1 IN x MIX
rfc,PC,HIV-1 PR,std,1,0.9821169647172548,gini,100,A,HIV-1 PR x PC
rfc,PC,HIV-1 PR,std,1,0.9821169647172548,gini,500,A,HIV-1 PR x PC
rfc,PC,HIV-1 PR,std,1,0.9821169647172548,gini,1000,A,HIV-1 PR x PC
rfc,PC,HIV-1 PR,std,1,0.9821169647172548,gini,1500,A,HIV-1 PR x PC
rfc,PC,HIV-1 PR,std,1,0.9821169647172548,gini,2000,A,HIV-1 PR x PC
rfc,PC,HIV-1 PR,std,1,0.9826002899951668,entropy,100,A,HIV-1 PR x PC
rfc,PC,HIV-1 PR,std,1,0.9830836152730787,entropy,500,A,HIV-1 PR x PC
rfc,PC,HIV-1 PR,std,1,0.9830836152730787,entropy,1000,A,HIV-1 PR x PC
rfc,PC,HIV-1 PR,std,1,0.9826002899951668,entropy,1500,A,HIV-1 PR x PC
rfc,PC,HIV-1 PR,std,1,0.9826002899951668,entropy,2000,A,HIV-1 PR x PC
rfc,PC,HIV-1 PR,std,2,0.9855002416626388,gini,100,A,HIV-1 PR x PC
rfc,PC,HIV-1 PR,std,2,0.9835669405509908,gini,500,A,HIV-1 PR x PC
rfc,PC,HIV-1 PR,std,2,0.9845335911068148,gini,1000,A,HIV-1 PR x PC
rfc,PC,HIV-1 PR,std,2,0.9845335911068148,gini,1500,A,HIV-1 PR x PC
rfc,PC,HIV-1 PR,std,2,0.9845335911068148,gini,2000,A,HIV-1 PR x PC
rfc,PC,HIV-1 PR,std,2,0.9845335911068148,entropy,100,A,HIV-1 PR x PC
rfc,PC,HIV-1 PR,std,2,0.9821169647172548,entropy,500,A,HIV-1 PR x PC
rfc,PC,HIV-1 PR,std,2,0.9826002899951668,entropy,1000,A,HIV-1 PR x PC
rfc,PC,HIV-1 PR,std,2,0.9826002899951668,entropy,1500,A,HIV-1 PR x PC
rfc,PC,HIV-1 PR,std,2,0.9816336394393428,entropy,2000,A,HIV-1 PR x PC
rfc,PC,HIV-1 PR,std,3,0.9792170130497824,gini,100,A,HIV-1 PR x PC
rfc,PC,HIV-1 PR,std,3,0.9797003383276944,gini,500,A,HIV-1 PR x PC
rfc,PC,HIV-1 PR,std,3,0.9797003383276944,gini,1000,A,HIV-1 PR x PC
rfc,PC,HIV-1 PR,std,3,0.9792170130497824,gini,1500,A,HIV-1 PR x PC
rfc,PC,HIV-1 PR,std,3,0.9792170130497824,gini,2000,A,HIV-1 PR x PC
rfc,PC,HIV-1 PR,std,3,0.9768003866602224,entropy,100,A,HIV-1 PR x PC
rfc,PC,HIV-1 PR,std,3,0.9777670372160464,entropy,500,A,HIV-1 PR x PC
rfc,PC,HIV-1 PR,std,3,0.9782503624939584,entropy,1000,A,HIV-1 PR x PC
rfc,PC,HIV-1 PR,std,3,0.9777670372160464,entropy,1500,A,HIV-1 PR x PC
rfc,PC,HIV-1 PR,std,3,0.9777670372160464,entropy,2000,A,HIV-1 PR x PC
rfc,PC,HIV-1 PR,std,4,0.9826002899951668,gini,100,A,HIV-1 PR x PC
rfc,PC,HIV-1 PR,std,4,0.9821169647172548,gini,500,A,HIV-1 PR x PC
rfc,PC,HIV-1 PR,std,4,0.9830836152730787,gini,1000,A,HIV-1 PR x PC
rfc,PC,HIV-1 PR,std,4,0.9821169647172548,gini,1500,A,HIV-1 PR x PC
rfc,PC,HIV-1 PR,std,4,0.9826002899951668,gini,2000,A,HIV-1 PR x PC
rfc,PC,HIV-1 PR,std,4,0.9811503141614306,entropy,100,A,HIV-1 PR x PC
rfc,PC,HIV-1 PR,std,4,0.9811503141614306,entropy,500,A,HIV-1 PR x PC
rfc,PC,HIV-1 PR,std,4,0.9816336394393428,entropy,1000,A,HIV-1 PR x PC
rfc,PC,HIV-1 PR,std,4,0.9811503141614306,entropy,1500,A,HIV-1 PR x PC
rfc,PC,HIV-1 PR,std,4,0.9811503141614306,entropy,2000,A,HIV-1 PR x PC
rfc,PC,HIV-1 PR,minmax,1,0.9821169647172548,gini,100,A,HIV-1 PR x PC
rfc,PC,HIV-1 PR,minmax,1,0.9821169647172548,gini,500,A,HIV-1 PR x PC
rfc,PC,HIV-1 PR,minmax,1,0.9821169647172548,gini,1000,A,HIV-1 PR x PC
rfc,PC,HIV-1 PR,minmax,1,0.9821169647172548,gini,1500,A,HIV-1 PR x PC
rfc,PC,HIV-1 PR,minmax,1,0.9821169647172548,gini,2000,A,HIV-1 PR x PC
rfc,PC,HIV-1 PR,minmax,1,0.9826002899951668,entropy,100,A,HIV-1 PR x PC
rfc,PC,HIV-1 PR,minmax,1,0.9830836152730787,entropy,500,A,HIV-1 PR x PC
rfc,PC,HIV-1 PR,minmax,1,0.9830836152730787,entropy,1000,A,HIV-1 PR x PC
rfc,PC,HIV-1 PR,minmax,1,0.9826002899951668,entropy,1500,A,HIV-1 PR x PC
rfc,PC,HIV-1 PR,minmax,1,0.9826002899951668,entropy,2000,A,HIV-1 PR x PC
rfc,PC,HIV-1 PR,minmax,2,0.9850169163847268,gini,100,A,HIV-1 PR x PC
rfc,PC,HIV-1 PR,minmax,2,0.9840502658289028,gini,500,A,HIV-1 PR x PC
rfc,PC,HIV-1 PR,minmax,2,0.9845335911068148,gini,1000,A,HIV-1 PR x PC
rfc,PC,HIV-1 PR,minmax,2,0.9845335911068148,gini,1500,A,HIV-1 PR x PC
rfc,PC,HIV-1 PR,minmax,2,0.9845335911068148,gini,2000,A,HIV-1 PR x PC
rfc,PC,HIV-1 PR,minmax,2,0.9845335911068148,entropy,100,A,HIV-1 PR x PC
rfc,PC,HIV-1 PR,minmax,2,0.9821169647172548,entropy,500,A,HIV-1 PR x PC
rfc,PC,HIV-1 PR,minmax,2,0.9830836152730787,entropy,1000,A,HIV-1 PR x PC
rfc,PC,HIV-1 PR,minmax,2,0.9821169647172548,entropy,1500,A,HIV-1 PR x PC
rfc,PC,HIV-1 PR,minmax,2,0.9816336394393428,entropy,2000,A,HIV-1 PR x PC
rfc,PC,HIV-1 PR,minmax,3,0.9787336877718704,gini,100,A,HIV-1 PR x PC
rfc,PC,HIV-1 PR,minmax,3,0.9797003383276944,gini,500,A,HIV-1 PR x PC
rfc,PC,HIV-1 PR,minmax,3,0.9797003383276944,gini,1000,A,HIV-1 PR x PC
rfc,PC,HIV-1 PR,minmax,3,0.9792170130497824,gini,1500,A,HIV-1 PR x PC
rfc,PC,HIV-1 PR,minmax,3,0.9792170130497824,gini,2000,A,HIV-1 PR x PC
rfc,PC,HIV-1 PR,minmax,3,0.9763170613823104,entropy,100,A,HIV-1 PR x PC
rfc,PC,HIV-1 PR,minmax,3,0.9777670372160464,entropy,500,A,HIV-1 PR x PC
rfc,PC,HIV-1 PR,minmax,3,0.9782503624939584,entropy,1000,A,HIV-1 PR x PC
rfc,PC,HIV-1 PR,minmax,3,0.9777670372160464,entropy,1500,A,HIV-1 PR x PC
rfc,PC,HIV-1 PR,minmax,3,0.9777670372160464,entropy,2000,A,HIV-1 PR x PC
rfc,PC,HIV-1 PR,minmax,4,0.9826002899951668,gini,100,A,HIV-1 PR x PC
rfc,PC,HIV-1 PR,minmax,4,0.9821169647172548,gini,500,A,HIV-1 PR x PC
rfc,PC,HIV-1 PR,minmax,4,0.9826002899951668,gini,1000,A,HIV-1 PR x PC
rfc,PC,HIV-1 PR,minmax,4,0.9821169647172548,gini,1500,A,HIV-1 PR x PC
rfc,PC,HIV-1 PR,minmax,4,0.9821169647172548,gini,2000,A,HIV-1 PR x PC
rfc,PC,HIV-1 PR,minmax,4,0.9811503141614306,entropy,100,A,HIV-1 PR x PC
rfc,PC,HIV-1 PR,minmax,4,0.9811503141614306,entropy,500,A,HIV-1 PR x PC
rfc,PC,HIV-1 PR,minmax,4,0.9816336394393428,entropy,1000,A,HIV-1 PR x PC
rfc,PC,HIV-1 PR,minmax,4,0.9811503141614306,entropy,1500,A,HIV-1 PR x PC
rfc,PC,HIV-1 PR,minmax,4,0.9811503141614306,entropy,2000,A,HIV-1 PR x PC
rfc,ECFP4,HIV-1 PR,std,1,0.9787336877718704,gini,100,A,HIV-1 PR x ECFP4
rfc,ECFP4,HIV-1 PR,std,1,0.9787336877718704,gini,500,A,HIV-1 PR x ECFP4
rfc,ECFP4,HIV-1 PR,std,1,0.9787336877718704,gini,1000,A,HIV-1 PR x ECFP4
rfc,ECFP4,HIV-1 PR,std,1,0.9787336877718704,gini,1500,A,HIV-1 PR x ECFP4
rfc,ECFP4,HIV-1 PR,std,1,0.9787336877718704,gini,2000,A,HIV-1 PR x ECFP4
rfc,ECFP4,HIV-1 PR,std,1,0.9787336877718704,entropy,100,A,HIV-1 PR x ECFP4
rfc,ECFP4,HIV-1 PR,std,1,0.9792170130497824,entropy,500,A,HIV-1 PR x ECFP4
rfc,ECFP4,HIV-1 PR,std,1,0.9797003383276944,entropy,1000,A,HIV-1 PR x ECFP4
rfc,ECFP4,HIV-1 PR,std,1,0.9792170130497824,entropy,1500,A,HIV-1 PR x ECFP4
rfc,ECFP4,HIV-1 PR,std,1,0.9792170130497824,entropy,2000,A,HIV-1 PR x ECFP4
rfc,ECFP4,HIV-1 PR,std,2,0.9801836636056066,gini,100,A,HIV-1 PR x ECFP4
rfc,ECFP4,HIV-1 PR,std,2,0.9801836636056066,gini,500,A,HIV-1 PR x ECFP4
rfc,ECFP4,HIV-1 PR,std,2,0.9801836636056066,gini,1000,A,HIV-1 PR x ECFP4
rfc,ECFP4,HIV-1 PR,std,2,0.9801836636056066,gini,1500,A,HIV-1 PR x ECFP4
rfc,ECFP4,HIV-1 PR,std,2,0.9801836636056066,gini,2000,A,HIV-1 PR x ECFP4
rfc,ECFP4,HIV-1 PR,std,2,0.9811503141614306,entropy,100,A,HIV-1 PR x ECFP4
rfc,ECFP4,HIV-1 PR,std,2,0.9801836636056066,entropy,500,A,HIV-1 PR x ECFP4
rfc,ECFP4,HIV-1 PR,std,2,0.9801836636056066,entropy,1000,A,HIV-1 PR x ECFP4
rfc,ECFP4,HIV-1 PR,std,2,0.9806669888835186,entropy,1500,A,HIV-1 PR x ECFP4
rfc,ECFP4,HIV-1 PR,std,2,0.9801836636056066,entropy,2000,A,HIV-1 PR x ECFP4
rfc,ECFP4,HIV-1 PR,std,3,0.97390043499275,gini,100,A,HIV-1 PR x ECFP4
rfc,ECFP4,HIV-1 PR,std,3,0.9758337361043984,gini,500,A,HIV-1 PR x ECFP4
rfc,ECFP4,HIV-1 PR,std,3,0.9753504108264862,gini,1000,A,HIV-1 PR x ECFP4
rfc,ECFP4,HIV-1 PR,std,3,0.9758337361043984,gini,1500,A,HIV-1 PR x ECFP4
rfc,ECFP4,HIV-1 PR,std,3,0.9758337361043984,gini,2000,A,HIV-1 PR x ECFP4
rfc,ECFP4,HIV-1 PR,std,3,0.9777670372160464,entropy,100,A,HIV-1 PR x ECFP4
rfc,ECFP4,HIV-1 PR,std,3,0.9777670372160464,entropy,500,A,HIV-1 PR x ECFP4
rfc,ECFP4,HIV-1 PR,std,3,0.9777670372160464,entropy,1000,A,HIV-1 PR x ECFP4
rfc,ECFP4,HIV-1 PR,std,3,0.9777670372160464,entropy,1500,A,HIV-1 PR x ECFP4
rfc,ECFP4,HIV-1 PR,std,3,0.9777670372160464,entropy,2000,A,HIV-1 PR x ECFP4
rfc,ECFP4,HIV-1 PR,std,4,0.9787336877718704,gini,100,A,HIV-1 PR x ECFP4
rfc,ECFP4,HIV-1 PR,std,4,0.9787336877718704,gini,500,A,HIV-1 PR x ECFP4
rfc,ECFP4,HIV-1 PR,std,4,0.9787336877718704,gini,1000,A,HIV-1 PR x ECFP4
rfc,ECFP4,HIV-1 PR,std,4,0.9787336877718704,gini,1500,A,HIV-1 PR x ECFP4
rfc,ECFP4,HIV-1 PR,std,4,0.9787336877718704,gini,2000,A,HIV-1 PR x ECFP4
rfc,ECFP4,HIV-1 PR,std,4,0.9801836636056066,entropy,100,A,HIV-1 PR x ECFP4
rfc,ECFP4,HIV-1 PR,std,4,0.9801836636056066,entropy,500,A,HIV-1 PR x ECFP4
rfc,ECFP4,HIV-1 PR,std,4,0.9806669888835186,entropy,1000,A,HIV-1 PR x ECFP4
rfc,ECFP4,HIV-1 PR,std,4,0.9801836636056066,entropy,1500,A,HIV-1 PR x ECFP4
rfc,ECFP4,HIV-1 PR,std,4,0.9797003383276944,entropy,2000,A,HIV-1 PR x ECFP4
rfc,ECFP4,HIV-1 PR,minmax,1,0.9787336877718704,gini,100,A,HIV-1 PR x ECFP4
rfc,ECFP4,HIV-1 PR,minmax,1,0.9787336877718704,gini,500,A,HIV-1 PR x ECFP4
rfc,ECFP4,HIV-1 PR,minmax,1,0.9787336877718704,gini,1000,A,HIV-1 PR x ECFP4
rfc,ECFP4,HIV-1 PR,minmax,1,0.9787336877718704,gini,1500,A,HIV-1 PR x ECFP4
rfc,ECFP4,HIV-1 PR,minmax,1,0.9787336877718704,gini,2000,A,HIV-1 PR x ECFP4
rfc,ECFP4,HIV-1 PR,minmax,1,0.9787336877718704,entropy,100,A,HIV-1 PR x ECFP4
rfc,ECFP4,HIV-1 PR,minmax,1,0.9792170130497824,entropy,500,A,HIV-1 PR x ECFP4
rfc,ECFP4,HIV-1 PR,minmax,1,0.9797003383276944,entropy,1000,A,HIV-1 PR x ECFP4
rfc,ECFP4,HIV-1 PR,minmax,1,0.9792170130497824,entropy,1500,A,HIV-1 PR x ECFP4
rfc,ECFP4,HIV-1 PR,minmax,1,0.9792170130497824,entropy,2000,A,HIV-1 PR x ECFP4
rfc,ECFP4,HIV-1 PR,minmax,2,0.9801836636056066,gini,100,A,HIV-1 PR x ECFP4
rfc,ECFP4,HIV-1 PR,minmax,2,0.9801836636056066,gini,500,A,HIV-1 PR x ECFP4
rfc,ECFP4,HIV-1 PR,minmax,2,0.9801836636056066,gini,1000,A,HIV-1 PR x ECFP4
rfc,ECFP4,HIV-1 PR,minmax,2,0.9801836636056066,gini,1500,A,HIV-1 PR x ECFP4
rfc,ECFP4,HIV-1 PR,minmax,2,0.9801836636056066,gini,2000,A,HIV-1 PR x ECFP4
rfc,ECFP4,HIV-1 PR,minmax,2,0.9811503141614306,entropy,100,A,HIV-1 PR x ECFP4
rfc,ECFP4,HIV-1 PR,minmax,2,0.9801836636056066,entropy,500,A,HIV-1 PR x ECFP4
rfc,ECFP4,HIV-1 PR,minmax,2,0.9801836636056066,entropy,1000,A,HIV-1 PR x ECFP4
rfc,ECFP4,HIV-1 PR,minmax,2,0.9806669888835186,entropy,1500,A,HIV-1 PR x ECFP4
rfc,ECFP4,HIV-1 PR,minmax,2,0.9801836636056066,entropy,2000,A,HIV-1 PR x ECFP4
rfc,ECFP4,HIV-1 PR,minmax,3,0.97390043499275,gini,100,A,HIV-1 PR x ECFP4
rfc,ECFP4,HIV-1 PR,minmax,3,0.9758337361043984,gini,500,A,HIV-1 PR x ECFP4
rfc,ECFP4,HIV-1 PR,minmax,3,0.9753504108264862,gini,1000,A,HIV-1 PR x ECFP4
rfc,ECFP4,HIV-1 PR,minmax,3,0.9758337361043984,gini,1500,A,HIV-1 PR x ECFP4
rfc,ECFP4,HIV-1 PR,minmax,3,0.9758337361043984,gini,2000,A,HIV-1 PR x ECFP4
rfc,ECFP4,HIV-1 PR,minmax,3,0.9777670372160464,entropy,100,A,HIV-1 PR x ECFP4
rfc,ECFP4,HIV-1 PR,minmax,3,0.9777670372160464,entropy,500,A,HIV-1 PR x ECFP4
rfc,ECFP4,HIV-1 PR,minmax,3,0.9777670372160464,entropy,1000,A,HIV-1 PR x ECFP4
rfc,ECFP4,HIV-1 PR,minmax,3,0.9777670372160464,entropy,1500,A,HIV-1 PR x ECFP4
rfc,ECFP4,HIV-1 PR,minmax,3,0.9777670372160464,entropy,2000,A,HIV-1 PR x ECFP4
rfc,ECFP4,HIV-1 PR,minmax,4,0.9787336877718704,gini,100,A,HIV-1 PR x ECFP4
rfc,ECFP4,HIV-1 PR,minmax,4,0.9787336877718704,gini,500,A,HIV-1 PR x ECFP4
rfc,ECFP4,HIV-1 PR,minmax,4,0.9787336877718704,gini,1000,A,HIV-1 PR x ECFP4
rfc,ECFP4,HIV-1 PR,minmax,4,0.9787336877718704,gini,1500,A,HIV-1 PR x ECFP4
rfc,ECFP4,HIV-1 PR,minmax,4,0.9787336877718704,gini,2000,A,HIV-1 PR x ECFP4
rfc,ECFP4,HIV-1 PR,minmax,4,0.9801836636056066,entropy,100,A,HIV-1 PR x ECFP4
rfc,ECFP4,HIV-1 PR,minmax,4,0.9801836636056066,entropy,500,A,HIV-1 PR x ECFP4
rfc,ECFP4,HIV-1 PR,minmax,4,0.9806669888835186,entropy,1000,A,HIV-1 PR x ECFP4
rfc,ECFP4,HIV-1 PR,minmax,4,0.9801836636056066,entropy,1500,A,HIV-1 PR x ECFP4
rfc,ECFP4,HIV-1 PR,minmax,4,0.9797003383276944,entropy,2000,A,HIV-1 PR x ECFP4
rfc,MIX,HIV-1 PR,std,1,0.9816336394393428,gini,100,A,HIV-1 PR x MIX
rfc,MIX,HIV-1 PR,std,1,0.9821169647172548,gini,500,A,HIV-1 PR x MIX
rfc,MIX,HIV-1 PR,std,1,0.9826002899951668,gini,1000,A,HIV-1 PR x MIX
rfc,MIX,HIV-1 PR,std,1,0.9830836152730787,gini,1500,A,HIV-1 PR x MIX
rfc,MIX,HIV-1 PR,std,1,0.9826002899951668,gini,2000,A,HIV-1 PR x MIX
rfc,MIX,HIV-1 PR,std,1,0.9835669405509908,entropy,100,A,HIV-1 PR x MIX
rfc,MIX,HIV-1 PR,std,1,0.9835669405509908,entropy,500,A,HIV-1 PR x MIX
rfc,MIX,HIV-1 PR,std,1,0.9835669405509908,entropy,1000,A,HIV-1 PR x MIX
rfc,MIX,HIV-1 PR,std,1,0.9835669405509908,entropy,1500,A,HIV-1 PR x MIX
rfc,MIX,HIV-1 PR,std,1,0.9835669405509908,entropy,2000,A,HIV-1 PR x MIX
rfc,MIX,HIV-1 PR,std,2,0.9801836636056066,gini,100,A,HIV-1 PR x MIX
rfc,MIX,HIV-1 PR,std,2,0.9792170130497824,gini,500,A,HIV-1 PR x MIX
rfc,MIX,HIV-1 PR,std,2,0.9782503624939584,gini,1000,A,HIV-1 PR x MIX
rfc,MIX,HIV-1 PR,std,2,0.9777670372160464,gini,1500,A,HIV-1 PR x MIX
rfc,MIX,HIV-1 PR,std,2,0.9777670372160464,gini,2000,A,HIV-1 PR x MIX
rfc,MIX,HIV-1 PR,std,2,0.9782503624939584,entropy,100,A,HIV-1 PR x MIX
rfc,MIX,HIV-1 PR,std,2,0.9782503624939584,entropy,500,A,HIV-1 PR x MIX
rfc,MIX,HIV-1 PR,std,2,0.9782503624939584,entropy,1000,A,HIV-1 PR x MIX
rfc,MIX,HIV-1 PR,std,2,0.9792170130497824,entropy,1500,A,HIV-1 PR x MIX
rfc,MIX,HIV-1 PR,std,2,0.9792170130497824,entropy,2000,A,HIV-1 PR x MIX
rfc,MIX,HIV-1 PR,std,3,0.9787336877718704,gini,100,A,HIV-1 PR x MIX
rfc,MIX,HIV-1 PR,std,3,0.9787336877718704,gini,500,A,HIV-1 PR x MIX
rfc,MIX,HIV-1 PR,std,3,0.9782503624939584,gini,1000,A,HIV-1 PR x MIX
rfc,MIX,HIV-1 PR,std,3,0.9787336877718704,gini,1500,A,HIV-1 PR x MIX
rfc,MIX,HIV-1 PR,std,3,0.9787336877718704,gini,2000,A,HIV-1 PR x MIX
rfc,MIX,HIV-1 PR,std,3,0.9797003383276944,entropy,100,A,HIV-1 PR x MIX
rfc,MIX,HIV-1 PR,std,3,0.9787336877718704,entropy,500,A,HIV-1 PR x MIX
rfc,MIX,HIV-1 PR,std,3,0.9797003383276944,entropy,1000,A,HIV-1 PR x MIX
rfc,MIX,HIV-1 PR,std,3,0.9797003383276944,entropy,1500,A,HIV-1 PR x MIX
rfc,MIX,HIV-1 PR,std,3,0.9792170130497824,entropy,2000,A,HIV-1 PR x MIX
rfc,MIX,HIV-1 PR,std,4,0.9792170130497824,gini,100,A,HIV-1 PR x MIX
rfc,MIX,HIV-1 PR,std,4,0.9797003383276944,gini,500,A,HIV-1 PR x MIX
rfc,MIX,HIV-1 PR,std,4,0.9806669888835186,gini,1000,A,HIV-1 PR x MIX
rfc,MIX,HIV-1 PR,std,4,0.9801836636056066,gini,1500,A,HIV-1 PR x MIX
rfc,MIX,HIV-1 PR,std,4,0.9801836636056066,gini,2000,A,HIV-1 PR x MIX
rfc,MIX,HIV-1 PR,std,4,0.9816336394393428,entropy,100,A,HIV-1 PR x MIX
rfc,MIX,HIV-1 PR,std,4,0.9816336394393428,entropy,500,A,HIV-1 PR x MIX
rfc,MIX,HIV-1 PR,std,4,0.9816336394393428,entropy,1000,A,HIV-1 PR x MIX
rfc,MIX,HIV-1 PR,std,4,0.9816336394393428,entropy,1500,A,HIV-1 PR x MIX
rfc,MIX,HIV-1 PR,std,4,0.9816336394393428,entropy,2000,A,HIV-1 PR x MIX
rfc,MIX,HIV-1 PR,minmax,1,0.9811503141614306,gini,100,A,HIV-1 PR x MIX
rfc,MIX,HIV-1 PR,minmax,1,0.9816336394393428,gini,500,A,HIV-1 PR x MIX
rfc,MIX,HIV-1 PR,minmax,1,0.9826002899951668,gini,1000,A,HIV-1 PR x MIX
rfc,MIX,HIV-1 PR,minmax,1,0.9830836152730787,gini,1500,A,HIV-1 PR x MIX
rfc,MIX,HIV-1 PR,minmax,1,0.9821169647172548,gini,2000,A,HIV-1 PR x MIX
rfc,MIX,HIV-1 PR,minmax,1,0.9835669405509908,entropy,100,A,HIV-1 PR x MIX
rfc,MIX,HIV-1 PR,minmax,1,0.9835669405509908,entropy,500,A,HIV-1 PR x MIX
rfc,MIX,HIV-1 PR,minmax,1,0.9835669405509908,entropy,1000,A,HIV-1 PR x MIX
rfc,MIX,HIV-1 PR,minmax,1,0.9835669405509908,entropy,1500,A,HIV-1 PR x MIX
rfc,MIX,HIV-1 PR,minmax,1,0.9835669405509908,entropy,2000,A,HIV-1 PR x MIX
rfc,MIX,HIV-1 PR,minmax,2,0.9801836636056066,gini,100,A,HIV-1 PR x MIX
rfc,MIX,HIV-1 PR,minmax,2,0.9792170130497824,gini,500,A,HIV-1 PR x MIX
rfc,MIX,HIV-1 PR,minmax,2,0.9782503624939584,gini,1000,A,HIV-1 PR x MIX
rfc,MIX,HIV-1 PR,minmax,2,0.9777670372160464,gini,1500,A,HIV-1 PR x MIX
rfc,MIX,HIV-1 PR,minmax,2,0.9777670372160464,gini,2000,A,HIV-1 PR x MIX
rfc,MIX,HIV-1 PR,minmax,2,0.9782503624939584,entropy,100,A,HIV-1 PR x MIX
rfc,MIX,HIV-1 PR,minmax,2,0.9782503624939584,entropy,500,A,HIV-1 PR x MIX
rfc,MIX,HIV-1 PR,minmax,2,0.9782503624939584,entropy,1000,A,HIV-1 PR x MIX
rfc,MIX,HIV-1 PR,minmax,2,0.9792170130497824,entropy,1500,A,HIV-1 PR x MIX
rfc,MIX,HIV-1 PR,minmax,2,0.9792170130497824,entropy,2000,A,HIV-1 PR x MIX
rfc,MIX,HIV-1 PR,minmax,3,0.9787336877718704,gini,100,A,HIV-1 PR x MIX
rfc,MIX,HIV-1 PR,minmax,3,0.9787336877718704,gini,500,A,HIV-1 PR x MIX
rfc,MIX,HIV-1 PR,minmax,3,0.9782503624939584,gini,1000,A,HIV-1 PR x MIX
rfc,MIX,HIV-1 PR,minmax,3,0.9787336877718704,gini,1500,A,HIV-1 PR x MIX
rfc,MIX,HIV-1 PR,minmax,3,0.9787336877718704,gini,2000,A,HIV-1 PR x MIX
rfc,MIX,HIV-1 PR,minmax,3,0.9792170130497824,entropy,100,A,HIV-1 PR x MIX
rfc,MIX,HIV-1 PR,minmax,3,0.9792170130497824,entropy,500,A,HIV-1 PR x MIX
rfc,MIX,HIV-1 PR,minmax,3,0.9797003383276944,entropy,1000,A,HIV-1 PR x MIX
rfc,MIX,HIV-1 PR,minmax,3,0.9797003383276944,entropy,1500,A,HIV-1 PR x MIX
rfc,MIX,HIV-1 PR,minmax,3,0.9792170130497824,entropy,2000,A,HIV-1 PR x MIX
rfc,MIX,HIV-1 PR,minmax,4,0.9792170130497824,gini,100,A,HIV-1 PR x MIX
rfc,MIX,HIV-1 PR,minmax,4,0.9797003383276944,gini,500,A,HIV-1 PR x MIX
rfc,MIX,HIV-1 PR,minmax,4,0.9806669888835186,gini,1000,A,HIV-1 PR x MIX
rfc,MIX,HIV-1 PR,minmax,4,0.9801836636056066,gini,1500,A,HIV-1 PR x MIX
rfc,MIX,HIV-1 PR,minmax,4,0.9801836636056066,gini,2000,A,HIV-1 PR x MIX
rfc,MIX,HIV-1 PR,minmax,4,0.9821169647172548,entropy,100,A,HIV-1 PR x MIX
rfc,MIX,HIV-1 PR,minmax,4,0.9816336394393428,entropy,500,A,HIV-1 PR x MIX
rfc,MIX,HIV-1 PR,minmax,4,0.9816336394393428,entropy,1000,A,HIV-1 PR x MIX
rfc,MIX,HIV-1 PR,minmax,4,0.9816336394393428,entropy,1500,A,HIV-1 PR x MIX
rfc,MIX,HIV-1 PR,minmax,4,0.9816336394393428,entropy,2000,A,HIV-1 PR x MIX
rfc,PC,HIV-1 RT,std,1,0.9523666866387058,gini,100,A,HIV-1 RT x PC
rfc,PC,HIV-1 RT,std,1,0.9550629119233074,gini,500,A,HIV-1 RT x PC
rfc,PC,HIV-1 RT,std,1,0.9532654284002396,gini,1000,A,HIV-1 RT x PC
rfc,PC,HIV-1 RT,std,1,0.9547633313361296,gini,1500,A,HIV-1 RT x PC
rfc,PC,HIV-1 RT,std,1,0.9553624925104852,gini,2000,A,HIV-1 RT x PC
rfc,PC,HIV-1 RT,std,1,0.9529658478130616,entropy,100,A,HIV-1 RT x PC
rfc,PC,HIV-1 RT,std,1,0.9541641701617736,entropy,500,A,HIV-1 RT x PC
rfc,PC,HIV-1 RT,std,1,0.9541641701617736,entropy,1000,A,HIV-1 RT x PC
rfc,PC,HIV-1 RT,std,1,0.9550629119233074,entropy,1500,A,HIV-1 RT x PC
rfc,PC,HIV-1 RT,std,1,0.9556620730976632,entropy,2000,A,HIV-1 RT x PC
rfc,PC,HIV-1 RT,std,2,0.95176752546435,gini,100,A,HIV-1 RT x PC
rfc,PC,HIV-1 RT,std,2,0.950868783702816,gini,500,A,HIV-1 RT x PC
rfc,PC,HIV-1 RT,std,2,0.95176752546435,gini,1000,A,HIV-1 RT x PC
rfc,PC,HIV-1 RT,std,2,0.951168364289994,gini,1500,A,HIV-1 RT x PC
rfc,PC,HIV-1 RT,std,2,0.951467944877172,gini,2000,A,HIV-1 RT x PC
rfc,PC,HIV-1 RT,std,2,0.951168364289994,entropy,100,A,HIV-1 RT x PC
rfc,PC,HIV-1 RT,std,2,0.95026962252846,entropy,500,A,HIV-1 RT x PC
rfc,PC,HIV-1 RT,std,2,0.9499700419412822,entropy,1000,A,HIV-1 RT x PC
rfc,PC,HIV-1 RT,std,2,0.95026962252846,entropy,1500,A,HIV-1 RT x PC
rfc,PC,HIV-1 RT,std,2,0.9496704613541044,entropy,2000,A,HIV-1 RT x PC
rfc,PC,HIV-1 RT,std,3,0.9472738166566806,gini,100,A,HIV-1 RT x PC
rfc,PC,HIV-1 RT,std,3,0.9475733972438586,gini,500,A,HIV-1 RT x PC
rfc,PC,HIV-1 RT,std,3,0.9487717195925705,gini,1000,A,HIV-1 RT x PC
rfc,PC,HIV-1 RT,std,3,0.9487717195925705,gini,1500,A,HIV-1 RT x PC
rfc,PC,HIV-1 RT,std,3,0.9484721390053924,gini,2000,A,HIV-1 RT x PC
rfc,PC,HIV-1 RT,std,3,0.9457759137207908,entropy,100,A,HIV-1 RT x PC
rfc,PC,HIV-1 RT,std,3,0.9472738166566806,entropy,500,A,HIV-1 RT x PC
rfc,PC,HIV-1 RT,std,3,0.9481725584182144,entropy,1000,A,HIV-1 RT x PC
rfc,PC,HIV-1 RT,std,3,0.9472738166566806,entropy,1500,A,HIV-1 RT x PC
rfc,PC,HIV-1 RT,std,3,0.9478729778310364,entropy,2000,A,HIV-1 RT x PC
rfc,PC,HIV-1 RT,std,4,0.9478729778310364,gini,100,A,HIV-1 RT x PC
rfc,PC,HIV-1 RT,std,4,0.9466746554823248,gini,500,A,HIV-1 RT x PC
rfc,PC,HIV-1 RT,std,4,0.9472738166566806,gini,1000,A,HIV-1 RT x PC
rfc,PC,HIV-1 RT,std,4,0.9463750748951468,gini,1500,A,HIV-1 RT x PC
rfc,PC,HIV-1 RT,std,4,0.9463750748951468,gini,2000,A,HIV-1 RT x PC
rfc,PC,HIV-1 RT,std,4,0.9442780107849011,entropy,100,A,HIV-1 RT x PC
rfc,PC,HIV-1 RT,std,4,0.9454763331336128,entropy,500,A,HIV-1 RT x PC
rfc,PC,HIV-1 RT,std,4,0.944877171959257,entropy,1000,A,HIV-1 RT x PC
rfc,PC,HIV-1 RT,std,4,0.9442780107849011,entropy,1500,A,HIV-1 RT x PC
rfc,PC,HIV-1 RT,std,4,0.9436788496105452,entropy,2000,A,HIV-1 RT x PC
rfc,PC,HIV-1 RT,minmax,1,0.9526662672258838,gini,100,A,HIV-1 RT x PC
rfc,PC,HIV-1 RT,minmax,1,0.9550629119233074,gini,500,A,HIV-1 RT x PC
rfc,PC,HIV-1 RT,minmax,1,0.9535650089874176,gini,1000,A,HIV-1 RT x PC
rfc,PC,HIV-1 RT,minmax,1,0.9547633313361296,gini,1500,A,HIV-1 RT x PC
rfc,PC,HIV-1 RT,minmax,1,0.9553624925104852,gini,2000,A,HIV-1 RT x PC
rfc,PC,HIV-1 RT,minmax,1,0.9526662672258838,entropy,100,A,HIV-1 RT x PC
rfc,PC,HIV-1 RT,minmax,1,0.9541641701617736,entropy,500,A,HIV-1 RT x PC
rfc,PC,HIV-1 RT,minmax,1,0.9544637507489516,entropy,1000,A,HIV-1 RT x PC
rfc,PC,HIV-1 RT,minmax,1,0.9556620730976632,entropy,1500,A,HIV-1 RT x PC
rfc,PC,HIV-1 RT,minmax,1,0.9559616536848412,entropy,2000,A,HIV-1 RT x PC
rfc,PC,HIV-1 RT,minmax,2,0.95176752546435,gini,100,A,HIV-1 RT x PC
rfc,PC,HIV-1 RT,minmax,2,0.951168364289994,gini,500,A,HIV-1 RT x PC
rfc,PC,HIV-1 RT,minmax,2,0.95176752546435,gini,1000,A,HIV-1 RT x PC
rfc,PC,HIV-1 RT,minmax,2,0.951467944877172,gini,1500,A,HIV-1 RT x PC
rfc,PC,HIV-1 RT,minmax,2,0.951168364289994,gini,2000,A,HIV-1 RT x PC
rfc,PC,HIV-1 RT,minmax,2,0.951168364289994,entropy,100,A,HIV-1 RT x PC
rfc,PC,HIV-1 RT,minmax,2,0.950868783702816,entropy,500,A,HIV-1 RT x PC
rfc,PC,HIV-1 RT,minmax,2,0.9499700419412822,entropy,1000,A,HIV-1 RT x PC
rfc,PC,HIV-1 RT,minmax,2,0.950569203115638,entropy,1500,A,HIV-1 RT x PC
rfc,PC,HIV-1 RT,minmax,2,0.9499700419412822,entropy,2000,A,HIV-1 RT x PC
rfc,PC,HIV-1 RT,minmax,3,0.9472738166566806,gini,100,A,HIV-1 RT x PC
rfc,PC,HIV-1 RT,minmax,3,0.9466746554823248,gini,500,A,HIV-1 RT x PC
rfc,PC,HIV-1 RT,minmax,3,0.9487717195925705,gini,1000,A,HIV-1 RT x PC
rfc,PC,HIV-1 RT,minmax,3,0.9487717195925705,gini,1500,A,HIV-1 RT x PC
rfc,PC,HIV-1 RT,minmax,3,0.9487717195925705,gini,2000,A,HIV-1 RT x PC
rfc,PC,HIV-1 RT,minmax,3,0.9454763331336128,entropy,100,A,HIV-1 RT x PC
rfc,PC,HIV-1 RT,minmax,3,0.9472738166566806,entropy,500,A,HIV-1 RT x PC
rfc,PC,HIV-1 RT,minmax,3,0.9481725584182144,entropy,1000,A,HIV-1 RT x PC
rfc,PC,HIV-1 RT,minmax,3,0.9472738166566806,entropy,1500,A,HIV-1 RT x PC
rfc,PC,HIV-1 RT,minmax,3,0.9478729778310364,entropy,2000,A,HIV-1 RT x PC
rfc,PC,HIV-1 RT,minmax,4,0.9478729778310364,gini,100,A,HIV-1 RT x PC
rfc,PC,HIV-1 RT,minmax,4,0.9469742360695028,gini,500,A,HIV-1 RT x PC
rfc,PC,HIV-1 RT,minmax,4,0.9475733972438586,gini,1000,A,HIV-1 RT x PC
rfc,PC,HIV-1 RT,minmax,4,0.9460754943079688,gini,1500,A,HIV-1 RT x PC
rfc,PC,HIV-1 RT,minmax,4,0.9463750748951468,gini,2000,A,HIV-1 RT x PC
rfc,PC,HIV-1 RT,minmax,4,0.944877171959257,entropy,100,A,HIV-1 RT x PC
rfc,PC,HIV-1 RT,minmax,4,0.9460754943079688,entropy,500,A,HIV-1 RT x PC
rfc,PC,HIV-1 RT,minmax,4,0.945176752546435,entropy,1000,A,HIV-1 RT x PC
rfc,PC,HIV-1 RT,minmax,4,0.9445775913720792,entropy,1500,A,HIV-1 RT x PC
rfc,PC,HIV-1 RT,minmax,4,0.9442780107849011,entropy,2000,A,HIV-1 RT x PC
rfc,ECFP4,HIV-1 RT,std,1,0.9457759137207908,gini,100,A,HIV-1 RT x ECFP4
rfc,ECFP4,HIV-1 RT,std,1,0.9499700419412822,gini,500,A,HIV-1 RT x ECFP4
rfc,ECFP4,HIV-1 RT,std,1,0.9490713001797484,gini,1000,A,HIV-1 RT x ECFP4
rfc,ECFP4,HIV-1 RT,std,1,0.9490713001797484,gini,1500,A,HIV-1 RT x ECFP4
rfc,ECFP4,HIV-1 RT,std,1,0.9490713001797484,gini,2000,A,HIV-1 RT x ECFP4
rfc,ECFP4,HIV-1 RT,std,1,0.9484721390053924,entropy,100,A,HIV-1 RT x ECFP4
rfc,ECFP4,HIV-1 RT,std,1,0.9490713001797484,entropy,500,A,HIV-1 RT x ECFP4
rfc,ECFP4,HIV-1 RT,std,1,0.9496704613541044,entropy,1000,A,HIV-1 RT x ECFP4
rfc,ECFP4,HIV-1 RT,std,1,0.9484721390053924,entropy,1500,A,HIV-1 RT x ECFP4
rfc,ECFP4,HIV-1 RT,std,1,0.9493708807669264,entropy,2000,A,HIV-1 RT x ECFP4
rfc,ECFP4,HIV-1 RT,std,2,0.9475733972438586,gini,100,A,HIV-1 RT x ECFP4
rfc,ECFP4,HIV-1 RT,std,2,0.9493708807669264,gini,500,A,HIV-1 RT x ECFP4
rfc,ECFP4,HIV-1 RT,std,2,0.9481725584182144,gini,1000,A,HIV-1 RT x ECFP4
rfc,ECFP4,HIV-1 RT,std,2,0.9490713001797484,gini,1500,A,HIV-1 RT x ECFP4
rfc,ECFP4,HIV-1 RT,std,2,0.9478729778310364,gini,2000,A,HIV-1 RT x ECFP4
rfc,ECFP4,HIV-1 RT,std,2,0.9466746554823248,entropy,100,A,HIV-1 RT x ECFP4
rfc,ECFP4,HIV-1 RT,std,2,0.9481725584182144,entropy,500,A,HIV-1 RT x ECFP4
rfc,ECFP4,HIV-1 RT,std,2,0.9487717195925705,entropy,1000,A,HIV-1 RT x ECFP4
rfc,ECFP4,HIV-1 RT,std,2,0.9484721390053924,entropy,1500,A,HIV-1 RT x ECFP4
rfc,ECFP4,HIV-1 RT,std,2,0.9481725584182144,entropy,2000,A,HIV-1 RT x ECFP4
rfc,ECFP4,HIV-1 RT,std,3,0.9484721390053924,gini,100,A,HIV-1 RT x ECFP4
rfc,ECFP4,HIV-1 RT,std,3,0.9496704613541044,gini,500,A,HIV-1 RT x ECFP4
rfc,ECFP4,HIV-1 RT,std,3,0.9496704613541044,gini,1000,A,HIV-1 RT x ECFP4
rfc,ECFP4,HIV-1 RT,std,3,0.9493708807669264,gini,1500,A,HIV-1 RT x ECFP4
rfc,ECFP4,HIV-1 RT,std,3,0.9484721390053924,gini,2000,A,HIV-1 RT x ECFP4
rfc,ECFP4,HIV-1 RT,std,3,0.9487717195925705,entropy,100,A,HIV-1 RT x ECFP4
rfc,ECFP4,HIV-1 RT,std,3,0.9487717195925705,entropy,500,A,HIV-1 RT x ECFP4
rfc,ECFP4,HIV-1 RT,std,3,0.9487717195925705,entropy,1000,A,HIV-1 RT x ECFP4
rfc,ECFP4,HIV-1 RT,std,3,0.9499700419412822,entropy,1500,A,HIV-1 RT x ECFP4
rfc,ECFP4,HIV-1 RT,std,3,0.95026962252846,entropy,2000,A,HIV-1 RT x ECFP4
rfc,ECFP4,HIV-1 RT,std,4,0.9478729778310364,gini,100,A,HIV-1 RT x ECFP4
rfc,ECFP4,HIV-1 RT,std,4,0.9463750748951468,gini,500,A,HIV-1 RT x ECFP4
rfc,ECFP4,HIV-1 RT,std,4,0.9463750748951468,gini,1000,A,HIV-1 RT x ECFP4
rfc,ECFP4,HIV-1 RT,std,4,0.9469742360695028,gini,1500,A,HIV-1 RT x ECFP4
rfc,ECFP4,HIV-1 RT,std,4,0.9466746554823248,gini,2000,A,HIV-1 RT x ECFP4
rfc,ECFP4,HIV-1 RT,std,4,0.95026962252846,entropy,100,A,HIV-1 RT x ECFP4
rfc,ECFP4,HIV-1 RT,std,4,0.9481725584182144,entropy,500,A,HIV-1 RT x ECFP4
rfc,ECFP4,HIV-1 RT,std,4,0.9487717195925705,entropy,1000,A,HIV-1 RT x ECFP4
rfc,ECFP4,HIV-1 RT,std,4,0.9484721390053924,entropy,1500,A,HIV-1 RT x ECFP4
rfc,ECFP4,HIV-1 RT,std,4,0.9481725584182144,entropy,2000,A,HIV-1 RT x ECFP4
rfc,ECFP4,HIV-1 RT,minmax,1,0.9457759137207908,gini,100,A,HIV-1 RT x ECFP4
rfc,ECFP4,HIV-1 RT,minmax,1,0.9499700419412822,gini,500,A,HIV-1 RT x ECFP4
rfc,ECFP4,HIV-1 RT,minmax,1,0.9490713001797484,gini,1000,A,HIV-1 RT x ECFP4
rfc,ECFP4,HIV-1 RT,minmax,1,0.9490713001797484,gini,1500,A,HIV-1 RT x ECFP4
rfc,ECFP4,HIV-1 RT,minmax,1,0.9490713001797484,gini,2000,A,HIV-1 RT x ECFP4
rfc,ECFP4,HIV-1 RT,minmax,1,0.9484721390053924,entropy,100,A,HIV-1 RT x ECFP4
rfc,ECFP4,HIV-1 RT,minmax,1,0.9490713001797484,entropy,500,A,HIV-1 RT x ECFP4
rfc,ECFP4,HIV-1 RT,minmax,1,0.9496704613541044,entropy,1000,A,HIV-1 RT x ECFP4
rfc,ECFP4,HIV-1 RT,minmax,1,0.9484721390053924,entropy,1500,A,HIV-1 RT x ECFP4
rfc,ECFP4,HIV-1 RT,minmax,1,0.9493708807669264,entropy,2000,A,HIV-1 RT x ECFP4
rfc,ECFP4,HIV-1 RT,minmax,2,0.9475733972438586,gini,100,A,HIV-1 RT x ECFP4
rfc,ECFP4,HIV-1 RT,minmax,2,0.9493708807669264,gini,500,A,HIV-1 RT x ECFP4
rfc,ECFP4,HIV-1 RT,minmax,2,0.9481725584182144,gini,1000,A,HIV-1 RT x ECFP4
rfc,ECFP4,HIV-1 RT,minmax,2,0.9490713001797484,gini,1500,A,HIV-1 RT x ECFP4
rfc,ECFP4,HIV-1 RT,minmax,2,0.9478729778310364,gini,2000,A,HIV-1 RT x ECFP4
rfc,ECFP4,HIV-1 RT,minmax,2,0.9466746554823248,entropy,100,A,HIV-1 RT x ECFP4
rfc,ECFP4,HIV-1 RT,minmax,2,0.9481725584182144,entropy,500,A,HIV-1 RT x ECFP4
rfc,ECFP4,HIV-1 RT,minmax,2,0.9487717195925705,entropy,1000,A,HIV-1 RT x ECFP4
rfc,ECFP4,HIV-1 RT,minmax,2,0.9484721390053924,entropy,1500,A,HIV-1 RT x ECFP4
rfc,ECFP4,HIV-1 RT,minmax,2,0.9481725584182144,entropy,2000,A,HIV-1 RT x ECFP4
rfc,ECFP4,HIV-1 RT,minmax,3,0.9484721390053924,gini,100,A,HIV-1 RT x ECFP4
rfc,ECFP4,HIV-1 RT,minmax,3,0.9496704613541044,gini,500,A,HIV-1 RT x ECFP4
rfc,ECFP4,HIV-1 RT,minmax,3,0.9496704613541044,gini,1000,A,HIV-1 RT x ECFP4
rfc,ECFP4,HIV-1 RT,minmax,3,0.9493708807669264,gini,1500,A,HIV-1 RT x ECFP4
rfc,ECFP4,HIV-1 RT,minmax,3,0.9484721390053924,gini,2000,A,HIV-1 RT x ECFP4
rfc,ECFP4,HIV-1 RT,minmax,3,0.9487717195925705,entropy,100,A,HIV-1 RT x ECFP4
rfc,ECFP4,HIV-1 RT,minmax,3,0.9487717195925705,entropy,500,A,HIV-1 RT x ECFP4
rfc,ECFP4,HIV-1 RT,minmax,3,0.9487717195925705,entropy,1000,A,HIV-1 RT x ECFP4
rfc,ECFP4,HIV-1 RT,minmax,3,0.9499700419412822,entropy,1500,A,HIV-1 RT x ECFP4
rfc,ECFP4,HIV-1 RT,minmax,3,0.95026962252846,entropy,2000,A,HIV-1 RT x ECFP4
rfc,ECFP4,HIV-1 RT,minmax,4,0.9478729778310364,gini,100,A,HIV-1 RT x ECFP4
rfc,ECFP4,HIV-1 RT,minmax,4,0.9463750748951468,gini,500,A,HIV-1 RT x ECFP4
rfc,ECFP4,HIV-1 RT,minmax,4,0.9463750748951468,gini,1000,A,HIV-1 RT x ECFP4
rfc,ECFP4,HIV-1 RT,minmax,4,0.9469742360695028,gini,1500,A,HIV-1 RT x ECFP4
rfc,ECFP4,HIV-1 RT,minmax,4,0.9466746554823248,gini,2000,A,HIV-1 RT x ECFP4
rfc,ECFP4,HIV-1 RT,minmax,4,0.95026962252846,entropy,100,A,HIV-1 RT x ECFP4
rfc,ECFP4,HIV-1 RT,minmax,4,0.9481725584182144,entropy,500,A,HIV-1 RT x ECFP4
rfc,ECFP4,HIV-1 RT,minmax,4,0.9487717195925705,entropy,1000,A,HIV-1 RT x ECFP4
rfc,ECFP4,HIV-1 RT,minmax,4,0.9484721390053924,entropy,1500,A,HIV-1 RT x ECFP4
rfc,ECFP4,HIV-1 RT,minmax,4,0.9481725584182144,entropy,2000,A,HIV-1 RT x ECFP4
rfc,MIX,HIV-1 RT,std,1,0.9490713001797484,gini,100,A,HIV-1 RT x MIX
rfc,MIX,HIV-1 RT,std,1,0.9460754943079688,gini,500,A,HIV-1 RT x MIX
rfc,MIX,HIV-1 RT,std,1,0.945176752546435,gini,1000,A,HIV-1 RT x MIX
rfc,MIX,HIV-1 RT,std,1,0.9466746554823248,gini,1500,A,HIV-1 RT x MIX
rfc,MIX,HIV-1 RT,std,1,0.9463750748951468,gini,2000,A,HIV-1 RT x MIX
rfc,MIX,HIV-1 RT,std,1,0.945176752546435,entropy,100,A,HIV-1 RT x MIX
rfc,MIX,HIV-1 RT,std,1,0.9481725584182144,entropy,500,A,HIV-1 RT x MIX
rfc,MIX,HIV-1 RT,std,1,0.9466746554823248,entropy,1000,A,HIV-1 RT x MIX
rfc,MIX,HIV-1 RT,std,1,0.9469742360695028,entropy,1500,A,HIV-1 RT x MIX
rfc,MIX,HIV-1 RT,std,1,0.9478729778310364,entropy,2000,A,HIV-1 RT x MIX
rfc,MIX,HIV-1 RT,std,2,0.9397843019772318,gini,100,A,HIV-1 RT x MIX
rfc,MIX,HIV-1 RT,std,2,0.9439784301977232,gini,500,A,HIV-1 RT x MIX
rfc,MIX,HIV-1 RT,std,2,0.9436788496105452,gini,1000,A,HIV-1 RT x MIX
rfc,MIX,HIV-1 RT,std,2,0.9439784301977232,gini,1500,A,HIV-1 RT x MIX
rfc,MIX,HIV-1 RT,std,2,0.9439784301977232,gini,2000,A,HIV-1 RT x MIX
rfc,MIX,HIV-1 RT,std,2,0.944877171959257,entropy,100,A,HIV-1 RT x MIX
rfc,MIX,HIV-1 RT,std,2,0.9442780107849011,entropy,500,A,HIV-1 RT x MIX
rfc,MIX,HIV-1 RT,std,2,0.944877171959257,entropy,1000,A,HIV-1 RT x MIX
rfc,MIX,HIV-1 RT,std,2,0.944877171959257,entropy,1500,A,HIV-1 RT x MIX
rfc,MIX,HIV-1 RT,std,2,0.9436788496105452,entropy,2000,A,HIV-1 RT x MIX
rfc,MIX,HIV-1 RT,std,3,0.9472738166566806,gini,100,A,HIV-1 RT x MIX
rfc,MIX,HIV-1 RT,std,3,0.9496704613541044,gini,500,A,HIV-1 RT x MIX
rfc,MIX,HIV-1 RT,std,3,0.9496704613541044,gini,1000,A,HIV-1 RT x MIX
rfc,MIX,HIV-1 RT,std,3,0.9493708807669264,gini,1500,A,HIV-1 RT x MIX
rfc,MIX,HIV-1 RT,std,3,0.9478729778310364,gini,2000,A,HIV-1 RT x MIX
rfc,MIX,HIV-1 RT,std,3,0.9469742360695028,entropy,100,A,HIV-1 RT x MIX
rfc,MIX,HIV-1 RT,std,3,0.9478729778310364,entropy,500,A,HIV-1 RT x MIX
rfc,MIX,HIV-1 RT,std,3,0.9487717195925705,entropy,1000,A,HIV-1 RT x MIX
rfc,MIX,HIV-1 RT,std,3,0.9487717195925705,entropy,1500,A,HIV-1 RT x MIX
rfc,MIX,HIV-1 RT,std,3,0.9484721390053924,entropy,2000,A,HIV-1 RT x MIX
rfc,MIX,HIV-1 RT,std,4,0.95026962252846,gini,100,A,HIV-1 RT x MIX
rfc,MIX,HIV-1 RT,std,4,0.9493708807669264,gini,500,A,HIV-1 RT x MIX
rfc,MIX,HIV-1 RT,std,4,0.9487717195925705,gini,1000,A,HIV-1 RT x MIX
rfc,MIX,HIV-1 RT,std,4,0.9475733972438586,gini,1500,A,HIV-1 RT x MIX
rfc,MIX,HIV-1 RT,std,4,0.9472738166566806,gini,2000,A,HIV-1 RT x MIX
rfc,MIX,HIV-1 RT,std,4,0.9490713001797484,entropy,100,A,HIV-1 RT x MIX
rfc,MIX,HIV-1 RT,std,4,0.9490713001797484,entropy,500,A,HIV-1 RT x MIX
rfc,MIX,HIV-1 RT,std,4,0.9472738166566806,entropy,1000,A,HIV-1 RT x MIX
rfc,MIX,HIV-1 RT,std,4,0.9472738166566806,entropy,1500,A,HIV-1 RT x MIX
rfc,MIX,HIV-1 RT,std,4,0.9466746554823248,entropy,2000,A,HIV-1 RT x MIX
rfc,MIX,HIV-1 RT,minmax,1,0.9493708807669264,gini,100,A,HIV-1 RT x MIX
rfc,MIX,HIV-1 RT,minmax,1,0.9457759137207908,gini,500,A,HIV-1 RT x MIX
rfc,MIX,HIV-1 RT,minmax,1,0.9457759137207908,gini,1000,A,HIV-1 RT x MIX
rfc,MIX,HIV-1 RT,minmax,1,0.9466746554823248,gini,1500,A,HIV-1 RT x MIX
rfc,MIX,HIV-1 RT,minmax,1,0.9466746554823248,gini,2000,A,HIV-1 RT x MIX
rfc,MIX,HIV-1 RT,minmax,1,0.945176752546435,entropy,100,A,HIV-1 RT x MIX
rfc,MIX,HIV-1 RT,minmax,1,0.9481725584182144,entropy,500,A,HIV-1 RT x MIX
rfc,MIX,HIV-1 RT,minmax,1,0.9469742360695028,entropy,1000,A,HIV-1 RT x MIX
rfc,MIX,HIV-1 RT,minmax,1,0.9469742360695028,entropy,1500,A,HIV-1 RT x MIX
rfc,MIX,HIV-1 RT,minmax,1,0.9478729778310364,entropy,2000,A,HIV-1 RT x MIX
rfc,MIX,HIV-1 RT,minmax,2,0.9397843019772318,gini,100,A,HIV-1 RT x MIX
rfc,MIX,HIV-1 RT,minmax,2,0.9430796884361894,gini,500,A,HIV-1 RT x MIX
rfc,MIX,HIV-1 RT,minmax,2,0.9436788496105452,gini,1000,A,HIV-1 RT x MIX
rfc,MIX,HIV-1 RT,minmax,2,0.9442780107849011,gini,1500,A,HIV-1 RT x MIX
rfc,MIX,HIV-1 RT,minmax,2,0.9439784301977232,gini,2000,A,HIV-1 RT x MIX
rfc,MIX,HIV-1 RT,minmax,2,0.9439784301977232,entropy,100,A,HIV-1 RT x MIX
rfc,MIX,HIV-1 RT,minmax,2,0.9439784301977232,entropy,500,A,HIV-1 RT x MIX
rfc,MIX,HIV-1 RT,minmax,2,0.9445775913720792,entropy,1000,A,HIV-1 RT x MIX
rfc,MIX,HIV-1 RT,minmax,2,0.944877171959257,entropy,1500,A,HIV-1 RT x MIX
rfc,MIX,HIV-1 RT,minmax,2,0.9439784301977232,entropy,2000,A,HIV-1 RT x MIX
rfc,MIX,HIV-1 RT,minmax,3,0.9475733972438586,gini,100,A,HIV-1 RT x MIX
rfc,MIX,HIV-1 RT,minmax,3,0.9496704613541044,gini,500,A,HIV-1 RT x MIX
rfc,MIX,HIV-1 RT,minmax,3,0.9493708807669264,gini,1000,A,HIV-1 RT x MIX
rfc,MIX,HIV-1 RT,minmax,3,0.9490713001797484,gini,1500,A,HIV-1 RT x MIX
rfc,MIX,HIV-1 RT,minmax,3,0.9478729778310364,gini,2000,A,HIV-1 RT x MIX
rfc,MIX,HIV-1 RT,minmax,3,0.9469742360695028,entropy,100,A,HIV-1 RT x MIX
rfc,MIX,HIV-1 RT,minmax,3,0.9475733972438586,entropy,500,A,HIV-1 RT x MIX
rfc,MIX,HIV-1 RT,minmax,3,0.9484721390053924,entropy,1000,A,HIV-1 RT x MIX
rfc,MIX,HIV-1 RT,minmax,3,0.9487717195925705,entropy,1500,A,HIV-1 RT x MIX
rfc,MIX,HIV-1 RT,minmax,3,0.9484721390053924,entropy,2000,A,HIV-1 RT x MIX
rfc,MIX,HIV-1 RT,minmax,4,0.9490713001797484,gini,100,A,HIV-1 RT x MIX
rfc,MIX,HIV-1 RT,minmax,4,0.9490713001797484,gini,500,A,HIV-1 RT x MIX
rfc,MIX,HIV-1 RT,minmax,4,0.9487717195925705,gini,1000,A,HIV-1 RT x MIX
rfc,MIX,HIV-1 RT,minmax,4,0.9475733972438586,gini,1500,A,HIV-1 RT x MIX
rfc,MIX,HIV-1 RT,minmax,4,0.9469742360695028,gini,2000,A,HIV-1 RT x MIX
rfc,MIX,HIV-1 RT,minmax,4,0.9490713001797484,entropy,100,A,HIV-1 RT x MIX
rfc,MIX,HIV-1 RT,minmax,4,0.9490713001797484,entropy,500,A,HIV-1 RT x MIX
rfc,MIX,HIV-1 RT,minmax,4,0.9472738166566806,entropy,1000,A,HIV-1 RT x MIX
rfc,MIX,HIV-1 RT,minmax,4,0.9475733972438586,entropy,1500,A,HIV-1 RT x MIX
rfc,MIX,HIV-1 RT,minmax,4,0.9460754943079688,entropy,2000,A,HIV-1 RT x MIX
