Descriptor,Enzyme,model,scaler,split,Accuracy,C,degree,kernel
PC,IN,svc,std,1,0.5787904599659285,0.2,3,poly
PC,IN,svc,std,1,0.7879045996592845,0.2,0,rbf
PC,IN,svc,std,1,0.626916524701874,0.2,0,sigmoid
PC,IN,svc,std,1,0.5787904599659285,0.2,4,poly
PC,IN,svc,std,1,0.5804940374787053,0.2,5,poly
PC,IN,svc,std,1,0.5830494037478705,1.0,3,poly
PC,IN,svc,std,1,0.8232538330494037,1.0,0,rbf
PC,IN,svc,std,1,0.588160136286201,1.0,0,sigmoid
PC,IN,svc,std,1,0.5826235093696763,1.0,4,poly
PC,IN,svc,std,1,0.583901192504259,1.0,5,poly
PC,IN,svc,std,1,0.5864565587734242,2.0,3,poly
PC,IN,svc,std,1,0.8377342419080068,2.0,0,rbf
PC,IN,svc,std,1,0.5868824531516184,2.0,0,sigmoid
PC,IN,svc,std,1,0.5851788756388415,2.0,4,poly
PC,IN,svc,std,1,0.583901192504259,2.0,5,poly
PC,IN,svc,std,1,0.8185689948892675,8.0,3,poly
PC,IN,svc,std,1,0.8683986371379898,8.0,0,rbf
PC,IN,svc,std,1,0.580068143100511,8.0,0,sigmoid
PC,IN,svc,std,1,0.5877342419080068,8.0,4,poly
PC,IN,svc,std,1,0.5868824531516184,8.0,5,poly
PC,IN,svc,std,2,0.5792163543441227,0.2,3,poly
PC,IN,svc,std,2,0.7819420783645656,0.2,0,rbf
PC,IN,svc,std,2,0.6367120954003407,0.2,0,sigmoid
PC,IN,svc,std,2,0.5796422487223168,0.2,4,poly
PC,IN,svc,std,2,0.5804940374787053,0.2,5,poly
PC,IN,svc,std,2,0.5813458262350937,1.0,3,poly
PC,IN,svc,std,2,0.8224020442930153,1.0,0,rbf
PC,IN,svc,std,2,0.5954003407155025,1.0,0,sigmoid
PC,IN,svc,std,2,0.5804940374787053,1.0,4,poly
PC,IN,svc,std,2,0.5817717206132879,1.0,5,poly
PC,IN,svc,std,2,0.5868824531516184,2.0,3,poly
PC,IN,svc,std,2,0.8224020442930153,2.0,0,rbf
PC,IN,svc,std,2,0.5928449744463373,2.0,0,sigmoid
PC,IN,svc,std,2,0.583901192504259,2.0,4,poly
PC,IN,svc,std,2,0.583901192504259,2.0,5,poly
PC,IN,svc,std,2,0.7896081771720613,8.0,3,poly
PC,IN,svc,std,2,0.8718057921635435,8.0,0,rbf
PC,IN,svc,std,2,0.5851788756388415,8.0,0,sigmoid
PC,IN,svc,std,2,0.5885860306643952,8.0,4,poly
PC,IN,svc,std,2,0.5877342419080068,8.0,5,poly
PC,IN,svc,std,3,0.5792163543441227,0.2,3,poly
PC,IN,svc,std,3,0.7840715502555367,0.2,0,rbf
PC,IN,svc,std,3,0.6409710391822828,0.2,0,sigmoid
PC,IN,svc,std,3,0.5792163543441227,0.2,4,poly
PC,IN,svc,std,3,0.5804940374787053,0.2,5,poly
PC,IN,svc,std,3,0.5809199318568995,1.0,3,poly
PC,IN,svc,std,3,0.8253833049403748,1.0,0,rbf
PC,IN,svc,std,3,0.5919931856899489,1.0,0,sigmoid
PC,IN,svc,std,3,0.5817717206132879,1.0,4,poly
PC,IN,svc,std,3,0.5826235093696763,1.0,5,poly
PC,IN,svc,std,3,0.5873083475298126,2.0,3,poly
PC,IN,svc,std,3,0.8385860306643952,2.0,0,rbf
PC,IN,svc,std,3,0.5898637137989778,2.0,0,sigmoid
PC,IN,svc,std,3,0.5851788756388415,2.0,4,poly
PC,IN,svc,std,3,0.5847529812606473,2.0,5,poly
PC,IN,svc,std,3,0.8023850085178875,8.0,3,poly
PC,IN,svc,std,3,0.8786201022146508,8.0,0,rbf
PC,IN,svc,std,3,0.5741056218057922,8.0,0,sigmoid
PC,IN,svc,std,3,0.5954003407155025,8.0,4,poly
PC,IN,svc,std,3,0.5868824531516184,8.0,5,poly
PC,IN,svc,std,4,0.5792163543441227,0.2,3,poly
PC,IN,svc,std,4,0.7887563884156729,0.2,0,rbf
PC,IN,svc,std,4,0.6388415672913118,0.2,0,sigmoid
PC,IN,svc,std,4,0.5770868824531517,0.2,4,poly
PC,IN,svc,std,4,0.580068143100511,0.2,5,poly
PC,IN,svc,std,4,0.5830494037478705,1.0,3,poly
PC,IN,svc,std,4,0.8211243611584327,1.0,0,rbf
PC,IN,svc,std,4,0.5966780238500852,1.0,0,sigmoid
PC,IN,svc,std,4,0.5787904599659285,1.0,4,poly
PC,IN,svc,std,4,0.580068143100511,1.0,5,poly
PC,IN,svc,std,4,0.5877342419080068,2.0,3,poly
PC,IN,svc,std,4,0.8377342419080068,2.0,0,rbf
PC,IN,svc,std,4,0.5890119250425895,2.0,0,sigmoid
PC,IN,svc,std,4,0.5809199318568995,2.0,4,poly
PC,IN,svc,std,4,0.5813458262350937,2.0,5,poly
PC,IN,svc,std,4,0.7994037478705281,8.0,3,poly
PC,IN,svc,std,4,0.8683986371379898,8.0,0,rbf
PC,IN,svc,std,4,0.58603066439523,8.0,0,sigmoid
PC,IN,svc,std,4,0.5868824531516184,8.0,4,poly
PC,IN,svc,std,4,0.5847529812606473,8.0,5,poly
PC,IN,svc,minmax,1,0.7614991482112436,0.2,3,poly
PC,IN,svc,minmax,1,0.7632027257240205,0.2,0,rbf
PC,IN,svc,minmax,1,0.7010221465076661,0.2,0,sigmoid
PC,IN,svc,minmax,1,0.7649063032367973,0.2,4,poly
PC,IN,svc,minmax,1,0.7559625212947189,0.2,5,poly
PC,IN,svc,minmax,1,0.7955706984667802,1.0,3,poly
PC,IN,svc,minmax,1,0.7900340715502555,1.0,0,rbf
PC,IN,svc,minmax,1,0.6793015332197615,1.0,0,sigmoid
PC,IN,svc,minmax,1,0.8015332197614992,1.0,4,poly
PC,IN,svc,minmax,1,0.8049403747870528,1.0,5,poly
PC,IN,svc,minmax,1,0.8121805792163543,2.0,3,poly
PC,IN,svc,minmax,1,0.805366269165247,2.0,0,rbf
PC,IN,svc,minmax,1,0.6614139693356048,2.0,0,sigmoid
PC,IN,svc,minmax,1,0.8202725724020443,2.0,4,poly
PC,IN,svc,minmax,1,0.823679727427598,2.0,5,poly
PC,IN,svc,minmax,1,0.8373083475298126,8.0,3,poly
PC,IN,svc,minmax,1,0.8321976149914821,8.0,0,rbf
PC,IN,svc,minmax,1,0.6452299829642248,8.0,0,sigmoid
PC,IN,svc,minmax,1,0.8458262350936968,8.0,4,poly
PC,IN,svc,minmax,1,0.8556218057921635,8.0,5,poly
PC,IN,svc,minmax,2,0.7632027257240205,0.2,3,poly
PC,IN,svc,minmax,2,0.7687393526405452,0.2,0,rbf
PC,IN,svc,minmax,2,0.7201873935264055,0.2,0,sigmoid
PC,IN,svc,minmax,2,0.7614991482112436,0.2,4,poly
PC,IN,svc,minmax,2,0.7576660988074957,0.2,5,poly
PC,IN,svc,minmax,2,0.7964224872231687,1.0,3,poly
PC,IN,svc,minmax,2,0.7955706984667802,1.0,0,rbf
PC,IN,svc,minmax,2,0.6695059625212947,1.0,0,sigmoid
PC,IN,svc,minmax,2,0.8028109028960818,1.0,4,poly
PC,IN,svc,minmax,2,0.8040885860306644,1.0,5,poly
PC,IN,svc,minmax,2,0.8100511073253833,2.0,3,poly
PC,IN,svc,minmax,2,0.8143100511073254,2.0,0,rbf
PC,IN,svc,minmax,2,0.6541737649063032,2.0,0,sigmoid
PC,IN,svc,minmax,2,0.8202725724020443,2.0,4,poly
PC,IN,svc,minmax,2,0.8198466780238501,2.0,5,poly
PC,IN,svc,minmax,2,0.83603066439523,8.0,3,poly
PC,IN,svc,minmax,2,0.8326235093696763,8.0,0,rbf
PC,IN,svc,minmax,2,0.633304940374787,8.0,0,sigmoid
PC,IN,svc,minmax,2,0.846252129471891,8.0,4,poly
PC,IN,svc,minmax,2,0.8513628620102215,8.0,5,poly
PC,IN,svc,minmax,3,0.7687393526405452,0.2,3,poly
PC,IN,svc,minmax,3,0.7695911413969335,0.2,0,rbf
PC,IN,svc,minmax,3,0.7240204429301533,0.2,0,sigmoid
PC,IN,svc,minmax,3,0.7678875638841567,0.2,4,poly
PC,IN,svc,minmax,3,0.7678875638841567,0.2,5,poly
PC,IN,svc,minmax,3,0.7998296422487223,1.0,3,poly
PC,IN,svc,minmax,3,0.7959965928449745,1.0,0,rbf
PC,IN,svc,minmax,3,0.6831345826235093,1.0,0,sigmoid
PC,IN,svc,minmax,3,0.8083475298126065,1.0,4,poly
PC,IN,svc,minmax,3,0.8164395229982965,1.0,5,poly
PC,IN,svc,minmax,3,0.8109028960817717,2.0,3,poly
PC,IN,svc,minmax,3,0.8100511073253833,2.0,0,rbf
PC,IN,svc,minmax,3,0.6648211243611585,2.0,0,sigmoid
PC,IN,svc,minmax,3,0.8228279386712095,2.0,4,poly
PC,IN,svc,minmax,3,0.82793867120954,2.0,5,poly
PC,IN,svc,minmax,3,0.8373083475298126,8.0,3,poly
PC,IN,svc,minmax,3,0.8313458262350937,8.0,0,rbf
PC,IN,svc,minmax,3,0.6473594548551959,8.0,0,sigmoid
PC,IN,svc,minmax,3,0.8496592844974447,8.0,4,poly
PC,IN,svc,minmax,3,0.8611584327086882,8.0,5,poly
PC,IN,svc,minmax,4,0.7678875638841567,0.2,3,poly
PC,IN,svc,minmax,4,0.7670357751277683,0.2,0,rbf
PC,IN,svc,minmax,4,0.7082623509369677,0.2,0,sigmoid
PC,IN,svc,minmax,4,0.7687393526405452,0.2,4,poly
PC,IN,svc,minmax,4,0.764480408858603,0.2,5,poly
PC,IN,svc,minmax,4,0.7917376490630323,1.0,3,poly
PC,IN,svc,minmax,4,0.790885860306644,1.0,0,rbf
PC,IN,svc,minmax,4,0.6827086882453152,1.0,0,sigmoid
PC,IN,svc,minmax,4,0.8019591141396933,1.0,4,poly
PC,IN,svc,minmax,4,0.807495741056218,1.0,5,poly
PC,IN,svc,minmax,4,0.8172913117546848,2.0,3,poly
PC,IN,svc,minmax,4,0.8104770017035775,2.0,0,rbf
PC,IN,svc,minmax,4,0.6665247018739353,2.0,0,sigmoid
PC,IN,svc,minmax,4,0.8224020442930153,2.0,4,poly
PC,IN,svc,minmax,4,0.8253833049403748,2.0,5,poly
PC,IN,svc,minmax,4,0.838160136286201,8.0,3,poly
PC,IN,svc,minmax,4,0.8287904599659285,8.0,0,rbf
PC,IN,svc,minmax,4,0.6482112436115843,8.0,0,sigmoid
PC,IN,svc,minmax,4,0.8479557069846678,8.0,4,poly
PC,IN,svc,minmax,4,0.8556218057921635,8.0,5,poly
ECFP4,IN,svc,std,1,0.6060477001703578,0.2,3,poly
ECFP4,IN,svc,std,1,0.8568994889267462,0.2,0,rbf
ECFP4,IN,svc,std,1,0.8598807495741057,0.2,0,sigmoid
ECFP4,IN,svc,std,1,0.5864565587734242,0.2,4,poly
ECFP4,IN,svc,std,1,0.588160136286201,0.2,5,poly
ECFP4,IN,svc,std,1,0.9258943781942078,1.0,3,poly
ECFP4,IN,svc,std,1,0.9429301533219762,1.0,0,rbf
ECFP4,IN,svc,std,1,0.870954003407155,1.0,0,sigmoid
ECFP4,IN,svc,std,1,0.8837308347529813,1.0,4,poly
ECFP4,IN,svc,std,1,0.846252129471891,1.0,5,poly
ECFP4,IN,svc,std,1,0.9484667802385008,2.0,3,poly
ECFP4,IN,svc,std,1,0.9565587734241908,2.0,0,rbf
ECFP4,IN,svc,std,1,0.8603066439522998,2.0,0,sigmoid
ECFP4,IN,svc,std,1,0.9271720613287904,2.0,4,poly
ECFP4,IN,svc,std,1,0.9011925042589438,2.0,5,poly
ECFP4,IN,svc,std,1,0.950596252129472,8.0,3,poly
ECFP4,IN,svc,std,1,0.9608177172061328,8.0,0,rbf
ECFP4,IN,svc,std,1,0.8266609880749574,8.0,0,sigmoid
ECFP4,IN,svc,std,1,0.9373935264054516,8.0,4,poly
ECFP4,IN,svc,std,1,0.93015332197615,8.0,5,poly
ECFP4,IN,svc,std,2,0.6145655877342419,0.2,3,poly
ECFP4,IN,svc,std,2,0.8432708688245315,0.2,0,rbf
ECFP4,IN,svc,std,2,0.8424190800681431,0.2,0,sigmoid
ECFP4,IN,svc,std,2,0.5894378194207837,0.2,4,poly
ECFP4,IN,svc,std,2,0.590289608177172,0.2,5,poly
ECFP4,IN,svc,std,2,0.9373935264054516,1.0,3,poly
ECFP4,IN,svc,std,2,0.9442078364565588,1.0,0,rbf
ECFP4,IN,svc,std,2,0.8671209540034072,1.0,0,sigmoid
ECFP4,IN,svc,std,2,0.8884156729131175,1.0,4,poly
ECFP4,IN,svc,std,2,0.8475298126064736,1.0,5,poly
ECFP4,IN,svc,std,2,0.9561328790459966,2.0,3,poly
ECFP4,IN,svc,std,2,0.9582623509369677,2.0,0,rbf
ECFP4,IN,svc,std,2,0.8598807495741057,2.0,0,sigmoid
ECFP4,IN,svc,std,2,0.9361158432708688,2.0,4,poly
ECFP4,IN,svc,std,2,0.9088586030664396,2.0,5,poly
ECFP4,IN,svc,std,2,0.9620954003407156,8.0,3,poly
ECFP4,IN,svc,std,2,0.962947189097104,8.0,0,rbf
ECFP4,IN,svc,std,2,0.8189948892674617,8.0,0,sigmoid
ECFP4,IN,svc,std,2,0.9493185689948892,8.0,4,poly
ECFP4,IN,svc,std,2,0.9420783645655876,8.0,5,poly
ECFP4,IN,svc,std,3,0.6145655877342419,0.2,3,poly
ECFP4,IN,svc,std,3,0.8334752981260647,0.2,0,rbf
ECFP4,IN,svc,std,3,0.8475298126064736,0.2,0,sigmoid
ECFP4,IN,svc,std,3,0.588160136286201,0.2,4,poly
ECFP4,IN,svc,std,3,0.5890119250425895,0.2,5,poly
ECFP4,IN,svc,std,3,0.9373935264054516,1.0,3,poly
ECFP4,IN,svc,std,3,0.9497444633730836,1.0,0,rbf
ECFP4,IN,svc,std,3,0.8654173764906303,1.0,0,sigmoid
ECFP4,IN,svc,std,3,0.8999148211243612,1.0,4,poly
ECFP4,IN,svc,std,3,0.8620102214650767,1.0,5,poly
ECFP4,IN,svc,std,3,0.9574105621805792,2.0,3,poly
ECFP4,IN,svc,std,3,0.9608177172061328,2.0,0,rbf
ECFP4,IN,svc,std,3,0.8551959114139693,2.0,0,sigmoid
ECFP4,IN,svc,std,3,0.942504258943782,2.0,4,poly
ECFP4,IN,svc,std,3,0.919931856899489,2.0,5,poly
ECFP4,IN,svc,std,3,0.956984667802385,8.0,3,poly
ECFP4,IN,svc,std,3,0.9616695059625212,8.0,0,rbf
ECFP4,IN,svc,std,3,0.8321976149914821,8.0,0,sigmoid
ECFP4,IN,svc,std,3,0.952725724020443,8.0,4,poly
ECFP4,IN,svc,std,3,0.9463373083475298,8.0,5,poly
ECFP4,IN,svc,std,4,0.6243611584327087,0.2,3,poly
ECFP4,IN,svc,std,4,0.848381601362862,0.2,0,rbf
ECFP4,IN,svc,std,4,0.8466780238500852,0.2,0,sigmoid
ECFP4,IN,svc,std,4,0.590289608177172,0.2,4,poly
ECFP4,IN,svc,std,4,0.5890119250425895,0.2,5,poly
ECFP4,IN,svc,std,4,0.9284497444633732,1.0,3,poly
ECFP4,IN,svc,std,4,0.9399488926746168,1.0,0,rbf
ECFP4,IN,svc,std,4,0.8679727427597955,1.0,0,sigmoid
ECFP4,IN,svc,std,4,0.8918228279386712,1.0,4,poly
ECFP4,IN,svc,std,4,0.8624361158432708,1.0,5,poly
ECFP4,IN,svc,std,4,0.9442078364565588,2.0,3,poly
ECFP4,IN,svc,std,4,0.9540034071550256,2.0,0,rbf
ECFP4,IN,svc,std,4,0.8479557069846678,2.0,0,sigmoid
ECFP4,IN,svc,std,4,0.9254684838160137,2.0,4,poly
ECFP4,IN,svc,std,4,0.9050255536626916,2.0,5,poly
ECFP4,IN,svc,std,4,0.9484667802385008,8.0,3,poly
ECFP4,IN,svc,std,4,0.9565587734241908,8.0,0,rbf
ECFP4,IN,svc,std,4,0.8198466780238501,8.0,0,sigmoid
ECFP4,IN,svc,std,4,0.9369676320272572,8.0,4,poly
ECFP4,IN,svc,std,4,0.9254684838160137,8.0,5,poly
ECFP4,IN,svc,minmax,1,0.8343270868824532,0.2,3,poly
ECFP4,IN,svc,minmax,1,0.8654173764906303,0.2,0,rbf
ECFP4,IN,svc,minmax,1,0.8287904599659285,0.2,0,sigmoid
ECFP4,IN,svc,minmax,1,0.8015332197614992,0.2,4,poly
ECFP4,IN,svc,minmax,1,0.780664395229983,0.2,5,poly
ECFP4,IN,svc,minmax,1,0.9356899488926746,1.0,3,poly
ECFP4,IN,svc,minmax,1,0.9382453151618398,1.0,0,rbf
ECFP4,IN,svc,minmax,1,0.8394378194207837,1.0,0,sigmoid
ECFP4,IN,svc,minmax,1,0.9246166950596252,1.0,4,poly
ECFP4,IN,svc,minmax,1,0.9101362862010222,1.0,5,poly
ECFP4,IN,svc,minmax,1,0.9540034071550256,2.0,3,poly
ECFP4,IN,svc,minmax,1,0.9574105621805792,2.0,0,rbf
ECFP4,IN,svc,minmax,1,0.8164395229982965,2.0,0,sigmoid
ECFP4,IN,svc,minmax,1,0.9459114139693356,2.0,4,poly
ECFP4,IN,svc,minmax,1,0.9305792163543442,2.0,5,poly
ECFP4,IN,svc,minmax,1,0.9625212947189096,8.0,3,poly
ECFP4,IN,svc,minmax,1,0.9642248722316864,8.0,0,rbf
ECFP4,IN,svc,minmax,1,0.7857751277683135,8.0,0,sigmoid
ECFP4,IN,svc,minmax,1,0.956984667802385,8.0,4,poly
ECFP4,IN,svc,minmax,1,0.946763202725724,8.0,5,poly
ECFP4,IN,svc,minmax,2,0.838160136286201,0.2,3,poly
ECFP4,IN,svc,minmax,2,0.8556218057921635,0.2,0,rbf
ECFP4,IN,svc,minmax,2,0.8206984667802385,0.2,0,sigmoid
ECFP4,IN,svc,minmax,2,0.8121805792163543,0.2,4,poly
ECFP4,IN,svc,minmax,2,0.7802385008517888,0.2,5,poly
ECFP4,IN,svc,minmax,2,0.9412265758091992,1.0,3,poly
ECFP4,IN,svc,minmax,2,0.9378194207836456,1.0,0,rbf
ECFP4,IN,svc,minmax,2,0.8343270868824532,1.0,0,sigmoid
ECFP4,IN,svc,minmax,2,0.9258943781942078,1.0,4,poly
ECFP4,IN,svc,minmax,2,0.9054514480408858,1.0,5,poly
ECFP4,IN,svc,minmax,2,0.9574105621805792,2.0,3,poly
ECFP4,IN,svc,minmax,2,0.959114139693356,2.0,0,rbf
ECFP4,IN,svc,minmax,2,0.8194207836456558,2.0,0,sigmoid
ECFP4,IN,svc,minmax,2,0.9442078364565588,2.0,4,poly
ECFP4,IN,svc,minmax,2,0.9335604770017036,2.0,5,poly
ECFP4,IN,svc,minmax,2,0.9676320272572402,8.0,3,poly
ECFP4,IN,svc,minmax,2,0.9663543441226576,8.0,0,rbf
ECFP4,IN,svc,minmax,2,0.782793867120954,8.0,0,sigmoid
ECFP4,IN,svc,minmax,2,0.9608177172061328,8.0,4,poly
ECFP4,IN,svc,minmax,2,0.9501703577512776,8.0,5,poly
ECFP4,IN,svc,minmax,3,0.8283645655877342,0.2,3,poly
ECFP4,IN,svc,minmax,3,0.8547700170357752,0.2,0,rbf
ECFP4,IN,svc,minmax,3,0.8168654173764907,0.2,0,sigmoid
ECFP4,IN,svc,minmax,3,0.8006814310051107,0.2,4,poly
ECFP4,IN,svc,minmax,3,0.7776831345826235,0.2,5,poly
ECFP4,IN,svc,minmax,3,0.9429301533219762,1.0,3,poly
ECFP4,IN,svc,minmax,3,0.9403747870528107,1.0,0,rbf
ECFP4,IN,svc,minmax,3,0.8296422487223168,1.0,0,sigmoid
ECFP4,IN,svc,minmax,3,0.9267461669505964,1.0,4,poly
ECFP4,IN,svc,minmax,3,0.9080068143100511,1.0,5,poly
ECFP4,IN,svc,minmax,3,0.9608177172061328,2.0,3,poly
ECFP4,IN,svc,minmax,3,0.9599659284497444,2.0,0,rbf
ECFP4,IN,svc,minmax,3,0.8181431005110733,2.0,0,sigmoid
ECFP4,IN,svc,minmax,3,0.948892674616695,2.0,4,poly
ECFP4,IN,svc,minmax,3,0.9327086882453152,2.0,5,poly
ECFP4,IN,svc,minmax,3,0.9646507666098808,8.0,3,poly
ECFP4,IN,svc,minmax,3,0.9625212947189096,8.0,0,rbf
ECFP4,IN,svc,minmax,3,0.782793867120954,8.0,0,sigmoid
ECFP4,IN,svc,minmax,3,0.962947189097104,8.0,4,poly
ECFP4,IN,svc,minmax,3,0.9561328790459966,8.0,5,poly
ECFP4,IN,svc,minmax,4,0.8398637137989778,0.2,3,poly
ECFP4,IN,svc,minmax,4,0.8577512776831345,0.2,0,rbf
ECFP4,IN,svc,minmax,4,0.8143100511073254,0.2,0,sigmoid
ECFP4,IN,svc,minmax,4,0.8181431005110733,0.2,4,poly
ECFP4,IN,svc,minmax,4,0.7913117546848382,0.2,5,poly
ECFP4,IN,svc,minmax,4,0.9318568994889268,1.0,3,poly
ECFP4,IN,svc,minmax,4,0.934412265758092,1.0,0,rbf
ECFP4,IN,svc,minmax,4,0.838160136286201,1.0,0,sigmoid
ECFP4,IN,svc,minmax,4,0.917802385008518,1.0,4,poly
ECFP4,IN,svc,minmax,4,0.899488926746167,1.0,5,poly
ECFP4,IN,svc,minmax,4,0.9476149914821124,2.0,3,poly
ECFP4,IN,svc,minmax,4,0.9518739352640544,2.0,0,rbf
ECFP4,IN,svc,minmax,4,0.817717206132879,2.0,0,sigmoid
ECFP4,IN,svc,minmax,4,0.9395229982964224,2.0,4,poly
ECFP4,IN,svc,minmax,4,0.9237649063032368,2.0,5,poly
ECFP4,IN,svc,minmax,4,0.9574105621805792,8.0,3,poly
ECFP4,IN,svc,minmax,4,0.9582623509369677,8.0,0,rbf
ECFP4,IN,svc,minmax,4,0.7832197614991482,8.0,0,sigmoid
ECFP4,IN,svc,minmax,4,0.9522998296422488,8.0,4,poly
ECFP4,IN,svc,minmax,4,0.9442078364565588,8.0,5,poly
MIX,IN,svc,std,1,0.5975298126064736,0.2,3,poly
MIX,IN,svc,std,1,0.8458262350936968,0.2,0,rbf
MIX,IN,svc,std,1,0.8390119250425895,0.2,0,sigmoid
MIX,IN,svc,std,1,0.5919931856899489,0.2,4,poly
MIX,IN,svc,std,1,0.5915672913117547,0.2,5,poly
MIX,IN,svc,std,1,0.9126916524701874,1.0,3,poly
MIX,IN,svc,std,1,0.942504258943782,1.0,0,rbf
MIX,IN,svc,std,1,0.8407155025553663,1.0,0,sigmoid
MIX,IN,svc,std,1,0.838160136286201,1.0,4,poly
MIX,IN,svc,std,1,0.7717206132879046,1.0,5,poly
MIX,IN,svc,std,1,0.9408006814310051,2.0,3,poly
MIX,IN,svc,std,1,0.9552810902896082,2.0,0,rbf
MIX,IN,svc,std,1,0.8249574105621805,2.0,0,sigmoid
MIX,IN,svc,std,1,0.9186541737649064,2.0,4,poly
MIX,IN,svc,std,1,0.8705281090289608,2.0,5,poly
MIX,IN,svc,std,1,0.9518739352640544,8.0,3,poly
MIX,IN,svc,std,1,0.9612436115843273,8.0,0,rbf
MIX,IN,svc,std,1,0.8006814310051107,8.0,0,sigmoid
MIX,IN,svc,std,1,0.9408006814310051,8.0,4,poly
MIX,IN,svc,std,1,0.9305792163543442,8.0,5,poly
MIX,IN,svc,std,2,0.6081771720613288,0.2,3,poly
MIX,IN,svc,std,2,0.8368824531516184,0.2,0,rbf
MIX,IN,svc,std,2,0.8330494037478705,0.2,0,sigmoid
MIX,IN,svc,std,2,0.5924190800681431,0.2,4,poly
MIX,IN,svc,std,2,0.5919931856899489,0.2,5,poly
MIX,IN,svc,std,2,0.9105621805792165,1.0,3,poly
MIX,IN,svc,std,2,0.9361158432708688,1.0,0,rbf
MIX,IN,svc,std,2,0.8539182282793867,1.0,0,sigmoid
MIX,IN,svc,std,2,0.8458262350936968,1.0,4,poly
MIX,IN,svc,std,2,0.7879045996592845,1.0,5,poly
MIX,IN,svc,std,2,0.9395229982964224,2.0,3,poly
MIX,IN,svc,std,2,0.9497444633730836,2.0,0,rbf
MIX,IN,svc,std,2,0.8334752981260647,2.0,0,sigmoid
MIX,IN,svc,std,2,0.9190800681431004,2.0,4,poly
MIX,IN,svc,std,2,0.8794718909710392,2.0,5,poly
MIX,IN,svc,std,2,0.9476149914821124,8.0,3,poly
MIX,IN,svc,std,2,0.9561328790459966,8.0,0,rbf
MIX,IN,svc,std,2,0.8126064735945485,8.0,0,sigmoid
MIX,IN,svc,std,2,0.9382453151618398,8.0,4,poly
MIX,IN,svc,std,2,0.9271720613287904,8.0,5,poly
MIX,IN,svc,std,3,0.59412265758092,0.2,3,poly
MIX,IN,svc,std,3,0.8330494037478705,0.2,0,rbf
MIX,IN,svc,std,3,0.817717206132879,0.2,0,sigmoid
MIX,IN,svc,std,3,0.5873083475298126,0.2,4,poly
MIX,IN,svc,std,3,0.5890119250425895,0.2,5,poly
MIX,IN,svc,std,3,0.9011925042589438,1.0,3,poly
MIX,IN,svc,std,3,0.9382453151618398,1.0,0,rbf
MIX,IN,svc,std,3,0.8364565587734242,1.0,0,sigmoid
MIX,IN,svc,std,3,0.8121805792163543,1.0,4,poly
MIX,IN,svc,std,3,0.7342419080068143,1.0,5,poly
MIX,IN,svc,std,3,0.9420783645655876,2.0,3,poly
MIX,IN,svc,std,3,0.9557069846678024,2.0,0,rbf
MIX,IN,svc,std,3,0.8245315161839863,2.0,0,sigmoid
MIX,IN,svc,std,3,0.9071550255536628,2.0,4,poly
MIX,IN,svc,std,3,0.8479557069846678,2.0,5,poly
MIX,IN,svc,std,3,0.9578364565587736,8.0,3,poly
MIX,IN,svc,std,3,0.9616695059625212,8.0,0,rbf
MIX,IN,svc,std,3,0.7989778534923339,8.0,0,sigmoid
MIX,IN,svc,std,3,0.9429301533219762,8.0,4,poly
MIX,IN,svc,std,3,0.9271720613287904,8.0,5,poly
MIX,IN,svc,std,4,0.600511073253833,0.2,3,poly
MIX,IN,svc,std,4,0.848381601362862,0.2,0,rbf
MIX,IN,svc,std,4,0.8330494037478705,0.2,0,sigmoid
MIX,IN,svc,std,4,0.5885860306643952,0.2,4,poly
MIX,IN,svc,std,4,0.588160136286201,0.2,5,poly
MIX,IN,svc,std,4,0.9114139693356048,1.0,3,poly
MIX,IN,svc,std,4,0.946763202725724,1.0,0,rbf
MIX,IN,svc,std,4,0.8496592844974447,1.0,0,sigmoid
MIX,IN,svc,std,4,0.8266609880749574,1.0,4,poly
MIX,IN,svc,std,4,0.760221465076661,1.0,5,poly
MIX,IN,svc,std,4,0.9501703577512776,2.0,3,poly
MIX,IN,svc,std,4,0.9586882453151618,2.0,0,rbf
MIX,IN,svc,std,4,0.8270868824531517,2.0,0,sigmoid
MIX,IN,svc,std,4,0.916098807495741,2.0,4,poly
MIX,IN,svc,std,4,0.860732538330494,2.0,5,poly
MIX,IN,svc,std,4,0.9599659284497444,8.0,3,poly
MIX,IN,svc,std,4,0.9616695059625212,8.0,0,rbf
MIX,IN,svc,std,4,0.8049403747870528,8.0,0,sigmoid
MIX,IN,svc,std,4,0.942504258943782,8.0,4,poly
MIX,IN,svc,std,4,0.93015332197615,8.0,5,poly
MIX,IN,svc,minmax,1,0.8394378194207837,0.2,3,poly
MIX,IN,svc,minmax,1,0.862862010221465,0.2,0,rbf
MIX,IN,svc,minmax,1,0.8198466780238501,0.2,0,sigmoid
MIX,IN,svc,minmax,1,0.8126064735945485,0.2,4,poly
MIX,IN,svc,minmax,1,0.7917376490630323,0.2,5,poly
MIX,IN,svc,minmax,1,0.934412265758092,1.0,3,poly
MIX,IN,svc,minmax,1,0.9412265758091992,1.0,0,rbf
MIX,IN,svc,minmax,1,0.8415672913117547,1.0,0,sigmoid
MIX,IN,svc,minmax,1,0.9271720613287904,1.0,4,poly
MIX,IN,svc,minmax,1,0.909710391822828,1.0,5,poly
MIX,IN,svc,minmax,1,0.9522998296422488,2.0,3,poly
MIX,IN,svc,minmax,1,0.9544293015332198,2.0,0,rbf
MIX,IN,svc,minmax,1,0.830068143100511,2.0,0,sigmoid
MIX,IN,svc,minmax,1,0.9420783645655876,2.0,4,poly
MIX,IN,svc,minmax,1,0.932282793867121,2.0,5,poly
MIX,IN,svc,minmax,1,0.9633730834752982,8.0,3,poly
MIX,IN,svc,minmax,1,0.962947189097104,8.0,0,rbf
MIX,IN,svc,minmax,1,0.7887563884156729,8.0,0,sigmoid
MIX,IN,svc,minmax,1,0.9561328790459966,8.0,4,poly
MIX,IN,svc,minmax,1,0.9454855195911414,8.0,5,poly
MIX,IN,svc,minmax,2,0.8343270868824532,0.2,3,poly
MIX,IN,svc,minmax,2,0.854344122657581,0.2,0,rbf
MIX,IN,svc,minmax,2,0.8168654173764907,0.2,0,sigmoid
MIX,IN,svc,minmax,2,0.8130323679727428,0.2,4,poly
MIX,IN,svc,minmax,2,0.7879045996592845,0.2,5,poly
MIX,IN,svc,minmax,2,0.9288756388415672,1.0,3,poly
MIX,IN,svc,minmax,2,0.9288756388415672,1.0,0,rbf
MIX,IN,svc,minmax,2,0.8351788756388415,1.0,0,sigmoid
MIX,IN,svc,minmax,2,0.918228279386712,1.0,4,poly
MIX,IN,svc,minmax,2,0.9028960817717206,1.0,5,poly
MIX,IN,svc,minmax,2,0.9463373083475298,2.0,3,poly
MIX,IN,svc,minmax,2,0.951022146507666,2.0,0,rbf
MIX,IN,svc,minmax,2,0.8241056218057922,2.0,0,sigmoid
MIX,IN,svc,minmax,2,0.9378194207836456,2.0,4,poly
MIX,IN,svc,minmax,2,0.924190800681431,2.0,5,poly
MIX,IN,svc,minmax,2,0.956984667802385,8.0,3,poly
MIX,IN,svc,minmax,2,0.956984667802385,8.0,0,rbf
MIX,IN,svc,minmax,2,0.7917376490630323,8.0,0,sigmoid
MIX,IN,svc,minmax,2,0.951022146507666,8.0,4,poly
MIX,IN,svc,minmax,2,0.9416524701873936,8.0,5,poly
MIX,IN,svc,minmax,3,0.8270868824531517,0.2,3,poly
MIX,IN,svc,minmax,3,0.8496592844974447,0.2,0,rbf
MIX,IN,svc,minmax,3,0.8096252129471891,0.2,0,sigmoid
MIX,IN,svc,minmax,3,0.8040885860306644,0.2,4,poly
MIX,IN,svc,minmax,3,0.782793867120954,0.2,5,poly
MIX,IN,svc,minmax,3,0.93015332197615,1.0,3,poly
MIX,IN,svc,minmax,3,0.9339863713798978,1.0,0,rbf
MIX,IN,svc,minmax,3,0.8356047700170358,1.0,0,sigmoid
MIX,IN,svc,minmax,3,0.9165247018739352,1.0,4,poly
MIX,IN,svc,minmax,3,0.895655877342419,1.0,5,poly
MIX,IN,svc,minmax,3,0.9501703577512776,2.0,3,poly
MIX,IN,svc,minmax,3,0.9552810902896082,2.0,0,rbf
MIX,IN,svc,minmax,3,0.8168654173764907,2.0,0,sigmoid
MIX,IN,svc,minmax,3,0.9382453151618398,2.0,4,poly
MIX,IN,svc,minmax,3,0.92206132879046,2.0,5,poly
MIX,IN,svc,minmax,3,0.965076660988075,8.0,3,poly
MIX,IN,svc,minmax,3,0.9625212947189096,8.0,0,rbf
MIX,IN,svc,minmax,3,0.7883304940374787,8.0,0,sigmoid
MIX,IN,svc,minmax,3,0.9535775127768312,8.0,4,poly
MIX,IN,svc,minmax,3,0.9416524701873936,8.0,5,poly
MIX,IN,svc,minmax,4,0.8334752981260647,0.2,3,poly
MIX,IN,svc,minmax,4,0.8577512776831345,0.2,0,rbf
MIX,IN,svc,minmax,4,0.8198466780238501,0.2,0,sigmoid
MIX,IN,svc,minmax,4,0.8062180579216355,0.2,4,poly
MIX,IN,svc,minmax,4,0.7844974446337308,0.2,5,poly
MIX,IN,svc,minmax,4,0.9442078364565588,1.0,3,poly
MIX,IN,svc,minmax,4,0.9429301533219762,1.0,0,rbf
MIX,IN,svc,minmax,4,0.8398637137989778,1.0,0,sigmoid
MIX,IN,svc,minmax,4,0.93015332197615,1.0,4,poly
MIX,IN,svc,minmax,4,0.9092844974446336,1.0,5,poly
MIX,IN,svc,minmax,4,0.956984667802385,2.0,3,poly
MIX,IN,svc,minmax,4,0.9586882453151618,2.0,0,rbf
MIX,IN,svc,minmax,4,0.8189948892674617,2.0,0,sigmoid
MIX,IN,svc,minmax,4,0.9514480408858604,2.0,4,poly
MIX,IN,svc,minmax,4,0.9356899488926746,2.0,5,poly
MIX,IN,svc,minmax,4,0.9637989778534924,8.0,3,poly
MIX,IN,svc,minmax,4,0.9646507666098808,8.0,0,rbf
MIX,IN,svc,minmax,4,0.7853492333901193,8.0,0,sigmoid
MIX,IN,svc,minmax,4,0.9620954003407156,8.0,4,poly
MIX,IN,svc,minmax,4,0.9540034071550256,8.0,5,poly
PC,PR,svc,std,1,0.9497341710971484,0.2,3,poly
PC,PR,svc,std,1,0.9333011116481392,0.2,0,rbf
PC,PR,svc,std,1,0.9275012083131948,0.2,0,sigmoid
PC,PR,svc,std,1,0.9555340744320928,0.2,4,poly
PC,PR,svc,std,1,0.9569840502658288,0.2,5,poly
PC,PR,svc,std,1,0.958917351377477,1.0,3,poly
PC,PR,svc,std,1,0.9555340744320928,1.0,0,rbf
PC,PR,svc,std,1,0.9192846785886902,1.0,0,sigmoid
PC,PR,svc,std,1,0.9627839536007732,1.0,4,poly
PC,PR,svc,std,1,0.9632672788786854,1.0,5,poly
PC,PR,svc,std,1,0.9666505558240696,2.0,3,poly
PC,PR,svc,std,1,0.9671338811019816,2.0,0,rbf
PC,PR,svc,std,1,0.9115514741420976,2.0,0,sigmoid
PC,PR,svc,std,1,0.9666505558240696,2.0,4,poly
PC,PR,svc,std,1,0.9656839052682455,2.0,5,poly
PC,PR,svc,std,1,0.9705171580473658,8.0,3,poly
PC,PR,svc,std,1,0.9777670372160464,8.0,0,rbf
PC,PR,svc,std,1,0.8989850169163848,8.0,0,sigmoid
PC,PR,svc,std,1,0.9705171580473658,8.0,4,poly
PC,PR,svc,std,1,0.9695505074915418,8.0,5,poly
PC,PR,svc,std,2,0.9536007733204448,0.2,3,poly
PC,PR,svc,std,2,0.9333011116481392,0.2,0,rbf
PC,PR,svc,std,2,0.9279845335911068,0.2,0,sigmoid
PC,PR,svc,std,2,0.9565007249879168,0.2,4,poly
PC,PR,svc,std,2,0.958434026099565,0.2,5,poly
PC,PR,svc,std,2,0.9594006766553892,1.0,3,poly
PC,PR,svc,std,2,0.9555340744320928,1.0,0,rbf
PC,PR,svc,std,2,0.9313678105364912,1.0,0,sigmoid
PC,PR,svc,std,2,0.9613339777670372,1.0,4,poly
PC,PR,svc,std,2,0.9637506041565974,1.0,5,poly
PC,PR,svc,std,2,0.9656839052682455,2.0,3,poly
PC,PR,svc,std,2,0.9671338811019816,2.0,0,rbf
PC,PR,svc,std,2,0.9236346060898984,2.0,0,sigmoid
PC,PR,svc,std,2,0.9652005799903336,2.0,4,poly
PC,PR,svc,std,2,0.9652005799903336,2.0,5,poly
PC,PR,svc,std,2,0.972933784436926,8.0,3,poly
PC,PR,svc,std,2,0.9772837119381343,8.0,0,rbf
PC,PR,svc,std,2,0.916384726921218,8.0,0,sigmoid
PC,PR,svc,std,2,0.972933784436926,8.0,4,poly
PC,PR,svc,std,2,0.971967133881102,8.0,5,poly
PC,PR,svc,std,3,0.9507008216529724,0.2,3,poly
PC,PR,svc,std,3,0.9333011116481392,0.2,0,rbf
PC,PR,svc,std,3,0.9275012083131948,0.2,0,sigmoid
PC,PR,svc,std,3,0.9545674238762688,0.2,4,poly
PC,PR,svc,std,3,0.9594006766553892,0.2,5,poly
PC,PR,svc,std,3,0.9608506524891252,1.0,3,poly
PC,PR,svc,std,3,0.9536007733204448,1.0,0,rbf
PC,PR,svc,std,3,0.9221846302561624,1.0,0,sigmoid
PC,PR,svc,std,3,0.9627839536007732,1.0,4,poly
PC,PR,svc,std,3,0.9661672305461576,1.0,5,poly
PC,PR,svc,std,3,0.9695505074915418,2.0,3,poly
PC,PR,svc,std,3,0.9695505074915418,2.0,0,rbf
PC,PR,svc,std,3,0.9105848235862736,2.0,0,sigmoid
PC,PR,svc,std,3,0.9676172063798936,2.0,4,poly
PC,PR,svc,std,3,0.9685838569357176,2.0,5,poly
PC,PR,svc,std,3,0.972450459159014,8.0,3,poly
PC,PR,svc,std,3,0.9758337361043984,8.0,0,rbf
PC,PR,svc,std,3,0.8975350410826486,8.0,0,sigmoid
PC,PR,svc,std,3,0.97148380860319,8.0,4,poly
PC,PR,svc,std,3,0.972450459159014,8.0,5,poly
PC,PR,svc,std,4,0.9526341227646206,0.2,3,poly
PC,PR,svc,std,4,0.9333011116481392,0.2,0,rbf
PC,PR,svc,std,4,0.9275012083131948,0.2,0,sigmoid
PC,PR,svc,std,4,0.9569840502658288,0.2,4,poly
PC,PR,svc,std,4,0.9594006766553892,0.2,5,poly
PC,PR,svc,std,4,0.9627839536007732,1.0,3,poly
PC,PR,svc,std,4,0.9613339777670372,1.0,0,rbf
PC,PR,svc,std,4,0.9352344127597874,1.0,0,sigmoid
PC,PR,svc,std,4,0.9613339777670372,1.0,4,poly
PC,PR,svc,std,4,0.9642339294345096,1.0,5,poly
PC,PR,svc,std,4,0.9685838569357176,2.0,3,poly
PC,PR,svc,std,4,0.9690671822136298,2.0,0,rbf
PC,PR,svc,std,4,0.9260512324794586,2.0,0,sigmoid
PC,PR,svc,std,4,0.9652005799903336,2.0,4,poly
PC,PR,svc,std,4,0.9685838569357176,2.0,5,poly
PC,PR,svc,std,4,0.973417109714838,8.0,3,poly
PC,PR,svc,std,4,0.9758337361043984,8.0,0,rbf
PC,PR,svc,std,4,0.916384726921218,8.0,0,sigmoid
PC,PR,svc,std,4,0.971000483325278,8.0,4,poly
PC,PR,svc,std,4,0.9743837602706622,8.0,5,poly
PC,PR,svc,minmax,1,0.94296761720638,0.2,3,poly
PC,PR,svc,minmax,1,0.9275012083131948,0.2,0,rbf
PC,PR,svc,minmax,1,0.9313678105364912,0.2,0,sigmoid
PC,PR,svc,minmax,1,0.944417593040116,0.2,4,poly
PC,PR,svc,minmax,1,0.94538424359594,0.2,5,poly
PC,PR,svc,minmax,1,0.9507008216529724,1.0,3,poly
PC,PR,svc,minmax,1,0.9478008699855004,1.0,0,rbf
PC,PR,svc,minmax,1,0.8951184146930884,1.0,0,sigmoid
PC,PR,svc,minmax,1,0.9565007249879168,1.0,4,poly
PC,PR,svc,minmax,1,0.9632672788786854,1.0,5,poly
PC,PR,svc,minmax,1,0.9623006283228612,2.0,3,poly
PC,PR,svc,minmax,1,0.958917351377477,2.0,0,rbf
PC,PR,svc,minmax,1,0.8869018849685839,2.0,0,sigmoid
PC,PR,svc,minmax,1,0.9652005799903336,2.0,4,poly
PC,PR,svc,minmax,1,0.971967133881102,2.0,5,poly
PC,PR,svc,minmax,1,0.971967133881102,8.0,3,poly
PC,PR,svc,minmax,1,0.9690671822136298,8.0,0,rbf
PC,PR,svc,minmax,1,0.8738521024649589,8.0,0,sigmoid
PC,PR,svc,minmax,1,0.9753504108264862,8.0,4,poly
PC,PR,svc,minmax,1,0.9753504108264862,8.0,5,poly
PC,PR,svc,minmax,2,0.94296761720638,0.2,3,poly
PC,PR,svc,minmax,2,0.9275012083131948,0.2,0,rbf
PC,PR,svc,minmax,2,0.9313678105364912,0.2,0,sigmoid
PC,PR,svc,minmax,2,0.946350894151764,0.2,4,poly
PC,PR,svc,minmax,2,0.9507008216529724,0.2,5,poly
PC,PR,svc,minmax,2,0.9502174963750604,1.0,3,poly
PC,PR,svc,minmax,2,0.9521507974867084,1.0,0,rbf
PC,PR,svc,minmax,2,0.8951184146930884,1.0,0,sigmoid
PC,PR,svc,minmax,2,0.9540840985983567,1.0,4,poly
PC,PR,svc,minmax,2,0.9603673272112132,1.0,5,poly
PC,PR,svc,minmax,2,0.9594006766553892,2.0,3,poly
PC,PR,svc,minmax,2,0.957467375543741,2.0,0,rbf
PC,PR,svc,minmax,2,0.8878685355244079,2.0,0,sigmoid
PC,PR,svc,minmax,2,0.9690671822136298,2.0,4,poly
PC,PR,svc,minmax,2,0.971967133881102,2.0,5,poly
PC,PR,svc,minmax,2,0.973417109714838,8.0,3,poly
PC,PR,svc,minmax,2,0.972450459159014,8.0,0,rbf
PC,PR,svc,minmax,2,0.8762687288545191,8.0,0,sigmoid
PC,PR,svc,minmax,2,0.9768003866602224,8.0,4,poly
PC,PR,svc,minmax,2,0.9787336877718704,8.0,5,poly
PC,PR,svc,minmax,3,0.9420009666505558,0.2,3,poly
PC,PR,svc,minmax,3,0.929434509424843,0.2,0,rbf
PC,PR,svc,minmax,3,0.9275012083131948,0.2,0,sigmoid
PC,PR,svc,minmax,3,0.94538424359594,0.2,4,poly
PC,PR,svc,minmax,3,0.9492508458192364,0.2,5,poly
PC,PR,svc,minmax,3,0.9497341710971484,1.0,3,poly
PC,PR,svc,minmax,3,0.94538424359594,1.0,0,rbf
PC,PR,svc,minmax,3,0.8980183663605606,1.0,0,sigmoid
PC,PR,svc,minmax,3,0.9531174480425326,1.0,4,poly
PC,PR,svc,minmax,3,0.957467375543741,1.0,5,poly
PC,PR,svc,minmax,3,0.9550507491541808,2.0,3,poly
PC,PR,svc,minmax,3,0.9502174963750604,2.0,0,rbf
PC,PR,svc,minmax,3,0.8907684871918802,2.0,0,sigmoid
PC,PR,svc,minmax,3,0.9594006766553892,2.0,4,poly
PC,PR,svc,minmax,3,0.9623006283228612,2.0,5,poly
PC,PR,svc,minmax,3,0.9690671822136298,8.0,3,poly
PC,PR,svc,minmax,3,0.971000483325278,8.0,0,rbf
PC,PR,svc,minmax,3,0.8825519574673756,8.0,0,sigmoid
PC,PR,svc,minmax,3,0.971000483325278,8.0,4,poly
PC,PR,svc,minmax,3,0.9661672305461576,8.0,5,poly
PC,PR,svc,minmax,4,0.9410343160947318,0.2,3,poly
PC,PR,svc,minmax,4,0.9275012083131948,0.2,0,rbf
PC,PR,svc,minmax,4,0.9313678105364912,0.2,0,sigmoid
PC,PR,svc,minmax,4,0.945867568873852,0.2,4,poly
PC,PR,svc,minmax,4,0.9502174963750604,0.2,5,poly
PC,PR,svc,minmax,4,0.9536007733204448,1.0,3,poly
PC,PR,svc,minmax,4,0.9516674722087964,1.0,0,rbf
PC,PR,svc,minmax,4,0.8951184146930884,1.0,0,sigmoid
PC,PR,svc,minmax,4,0.958434026099565,1.0,4,poly
PC,PR,svc,minmax,4,0.9618173030449492,1.0,5,poly
PC,PR,svc,minmax,4,0.9647172547124214,2.0,3,poly
PC,PR,svc,minmax,4,0.9623006283228612,2.0,0,rbf
PC,PR,svc,minmax,4,0.9410343160947318,2.0,0,sigmoid
PC,PR,svc,minmax,4,0.9661672305461576,2.0,4,poly
PC,PR,svc,minmax,4,0.9642339294345096,2.0,5,poly
PC,PR,svc,minmax,4,0.972450459159014,8.0,3,poly
PC,PR,svc,minmax,4,0.971967133881102,8.0,0,rbf
PC,PR,svc,minmax,4,0.9289511841469308,8.0,0,sigmoid
PC,PR,svc,minmax,4,0.9753504108264862,8.0,4,poly
PC,PR,svc,minmax,4,0.9768003866602224,8.0,5,poly
ECFP4,PR,svc,std,1,0.9391010149830836,0.2,3,poly
ECFP4,PR,svc,std,1,0.9275012083131948,0.2,0,rbf
ECFP4,PR,svc,std,1,0.9328177863702272,0.2,0,sigmoid
ECFP4,PR,svc,std,1,0.9395843402609956,0.2,4,poly
ECFP4,PR,svc,std,1,0.9410343160947318,0.2,5,poly
ECFP4,PR,svc,std,1,0.9656839052682455,1.0,3,poly
ECFP4,PR,svc,std,1,0.9743837602706622,1.0,0,rbf
ECFP4,PR,svc,std,1,0.9661672305461576,1.0,0,sigmoid
ECFP4,PR,svc,std,1,0.9642339294345096,1.0,4,poly
ECFP4,PR,svc,std,1,0.9623006283228612,1.0,5,poly
ECFP4,PR,svc,std,1,0.971967133881102,2.0,3,poly
ECFP4,PR,svc,std,1,0.9787336877718704,2.0,0,rbf
ECFP4,PR,svc,std,1,0.9676172063798936,2.0,0,sigmoid
ECFP4,PR,svc,std,1,0.9690671822136298,2.0,4,poly
ECFP4,PR,svc,std,1,0.9661672305461576,2.0,5,poly
ECFP4,PR,svc,std,1,0.9743837602706622,8.0,3,poly
ECFP4,PR,svc,std,1,0.9801836636056066,8.0,0,rbf
ECFP4,PR,svc,std,1,0.9705171580473658,8.0,0,sigmoid
ECFP4,PR,svc,std,1,0.97390043499275,8.0,4,poly
ECFP4,PR,svc,std,1,0.973417109714838,8.0,5,poly
ECFP4,PR,svc,std,2,0.9357177380376994,0.2,3,poly
ECFP4,PR,svc,std,2,0.9275012083131948,0.2,0,rbf
ECFP4,PR,svc,std,2,0.9275012083131948,0.2,0,sigmoid
ECFP4,PR,svc,std,2,0.9366843885935234,0.2,4,poly
ECFP4,PR,svc,std,2,0.9386176897051716,0.2,5,poly
ECFP4,PR,svc,std,2,0.9652005799903336,1.0,3,poly
ECFP4,PR,svc,std,2,0.972933784436926,1.0,0,rbf
ECFP4,PR,svc,std,2,0.9681005316578056,1.0,0,sigmoid
ECFP4,PR,svc,std,2,0.9608506524891252,1.0,4,poly
ECFP4,PR,svc,std,2,0.9603673272112132,1.0,5,poly
ECFP4,PR,svc,std,2,0.97390043499275,2.0,3,poly
ECFP4,PR,svc,std,2,0.9801836636056066,2.0,0,rbf
ECFP4,PR,svc,std,2,0.971000483325278,2.0,0,sigmoid
ECFP4,PR,svc,std,2,0.9652005799903336,2.0,4,poly
ECFP4,PR,svc,std,2,0.9632672788786854,2.0,5,poly
ECFP4,PR,svc,std,2,0.9772837119381343,8.0,3,poly
ECFP4,PR,svc,std,2,0.9811503141614306,8.0,0,rbf
ECFP4,PR,svc,std,2,0.97148380860319,8.0,0,sigmoid
ECFP4,PR,svc,std,2,0.972933784436926,8.0,4,poly
ECFP4,PR,svc,std,2,0.971967133881102,8.0,5,poly
ECFP4,PR,svc,std,3,0.9391010149830836,0.2,3,poly
ECFP4,PR,svc,std,3,0.9275012083131948,0.2,0,rbf
ECFP4,PR,svc,std,3,0.930401159980667,0.2,0,sigmoid
ECFP4,PR,svc,std,3,0.9420009666505558,0.2,4,poly
ECFP4,PR,svc,std,3,0.9424842919284678,0.2,5,poly
ECFP4,PR,svc,std,3,0.9627839536007732,1.0,3,poly
ECFP4,PR,svc,std,3,0.9676172063798936,1.0,0,rbf
ECFP4,PR,svc,std,3,0.958434026099565,1.0,0,sigmoid
ECFP4,PR,svc,std,3,0.9594006766553892,1.0,4,poly
ECFP4,PR,svc,std,3,0.957950700821653,1.0,5,poly
ECFP4,PR,svc,std,3,0.9685838569357176,2.0,3,poly
ECFP4,PR,svc,std,3,0.9763170613823104,2.0,0,rbf
ECFP4,PR,svc,std,3,0.9676172063798936,2.0,0,sigmoid
ECFP4,PR,svc,std,3,0.9647172547124214,2.0,4,poly
ECFP4,PR,svc,std,3,0.9613339777670372,2.0,5,poly
ECFP4,PR,svc,std,3,0.972933784436926,8.0,3,poly
ECFP4,PR,svc,std,3,0.9763170613823104,8.0,0,rbf
ECFP4,PR,svc,std,3,0.958917351377477,8.0,0,sigmoid
ECFP4,PR,svc,std,3,0.971000483325278,8.0,4,poly
ECFP4,PR,svc,std,3,0.9695505074915418,8.0,5,poly
ECFP4,PR,svc,std,4,0.9366843885935234,0.2,3,poly
ECFP4,PR,svc,std,4,0.9275012083131948,0.2,0,rbf
ECFP4,PR,svc,std,4,0.9275012083131948,0.2,0,sigmoid
ECFP4,PR,svc,std,4,0.9391010149830836,0.2,4,poly
ECFP4,PR,svc,std,4,0.9400676655389076,0.2,5,poly
ECFP4,PR,svc,std,4,0.9642339294345096,1.0,3,poly
ECFP4,PR,svc,std,4,0.97390043499275,1.0,0,rbf
ECFP4,PR,svc,std,4,0.9647172547124214,1.0,0,sigmoid
ECFP4,PR,svc,std,4,0.9613339777670372,1.0,4,poly
ECFP4,PR,svc,std,4,0.9598840019333011,1.0,5,poly
ECFP4,PR,svc,std,4,0.971967133881102,2.0,3,poly
ECFP4,PR,svc,std,4,0.9792170130497824,2.0,0,rbf
ECFP4,PR,svc,std,4,0.9671338811019816,2.0,0,sigmoid
ECFP4,PR,svc,std,4,0.9661672305461576,2.0,4,poly
ECFP4,PR,svc,std,4,0.9627839536007732,2.0,5,poly
ECFP4,PR,svc,std,4,0.9768003866602224,8.0,3,poly
ECFP4,PR,svc,std,4,0.9792170130497824,8.0,0,rbf
ECFP4,PR,svc,std,4,0.9671338811019816,8.0,0,sigmoid
ECFP4,PR,svc,std,4,0.973417109714838,8.0,4,poly
ECFP4,PR,svc,std,4,0.970033832769454,8.0,5,poly
ECFP4,PR,svc,minmax,1,0.9352344127597874,0.2,3,poly
ECFP4,PR,svc,minmax,1,0.9275012083131948,0.2,0,rbf
ECFP4,PR,svc,minmax,1,0.9275012083131948,0.2,0,sigmoid
ECFP4,PR,svc,minmax,1,0.9357177380376994,0.2,4,poly
ECFP4,PR,svc,minmax,1,0.9352344127597874,0.2,5,poly
ECFP4,PR,svc,minmax,1,0.957467375543741,1.0,3,poly
ECFP4,PR,svc,minmax,1,0.971967133881102,1.0,0,rbf
ECFP4,PR,svc,minmax,1,0.9594006766553892,1.0,0,sigmoid
ECFP4,PR,svc,minmax,1,0.9492508458192364,1.0,4,poly
ECFP4,PR,svc,minmax,1,0.9473175447075882,1.0,5,poly
ECFP4,PR,svc,minmax,1,0.9695505074915418,2.0,3,poly
ECFP4,PR,svc,minmax,1,0.9787336877718704,2.0,0,rbf
ECFP4,PR,svc,minmax,1,0.9671338811019816,2.0,0,sigmoid
ECFP4,PR,svc,minmax,1,0.9642339294345096,2.0,4,poly
ECFP4,PR,svc,minmax,1,0.957467375543741,2.0,5,poly
ECFP4,PR,svc,minmax,1,0.9797003383276944,8.0,3,poly
ECFP4,PR,svc,minmax,1,0.9801836636056066,8.0,0,rbf
ECFP4,PR,svc,minmax,1,0.972450459159014,8.0,0,sigmoid
ECFP4,PR,svc,minmax,1,0.9763170613823104,8.0,4,poly
ECFP4,PR,svc,minmax,1,0.971000483325278,8.0,5,poly
ECFP4,PR,svc,minmax,2,0.9333011116481392,0.2,3,poly
ECFP4,PR,svc,minmax,2,0.9275012083131948,0.2,0,rbf
ECFP4,PR,svc,minmax,2,0.9275012083131948,0.2,0,sigmoid
ECFP4,PR,svc,minmax,2,0.9337844369260512,0.2,4,poly
ECFP4,PR,svc,minmax,2,0.9337844369260512,0.2,5,poly
ECFP4,PR,svc,minmax,2,0.9560173997100048,1.0,3,poly
ECFP4,PR,svc,minmax,2,0.972450459159014,1.0,0,rbf
ECFP4,PR,svc,minmax,2,0.9550507491541808,1.0,0,sigmoid
ECFP4,PR,svc,minmax,2,0.9492508458192364,1.0,4,poly
ECFP4,PR,svc,minmax,2,0.946350894151764,1.0,5,poly
ECFP4,PR,svc,minmax,2,0.9763170613823104,2.0,3,poly
ECFP4,PR,svc,minmax,2,0.9806669888835186,2.0,0,rbf
ECFP4,PR,svc,minmax,2,0.9690671822136298,2.0,0,sigmoid
ECFP4,PR,svc,minmax,2,0.9632672788786854,2.0,4,poly
ECFP4,PR,svc,minmax,2,0.9550507491541808,2.0,5,poly
ECFP4,PR,svc,minmax,2,0.9830836152730787,8.0,3,poly
ECFP4,PR,svc,minmax,2,0.9835669405509908,8.0,0,rbf
ECFP4,PR,svc,minmax,2,0.9763170613823104,8.0,0,sigmoid
ECFP4,PR,svc,minmax,2,0.9801836636056066,8.0,4,poly
ECFP4,PR,svc,minmax,2,0.973417109714838,8.0,5,poly
ECFP4,PR,svc,minmax,3,0.9342677622039632,0.2,3,poly
ECFP4,PR,svc,minmax,3,0.9275012083131948,0.2,0,rbf
ECFP4,PR,svc,minmax,3,0.9275012083131948,0.2,0,sigmoid
ECFP4,PR,svc,minmax,3,0.9357177380376994,0.2,4,poly
ECFP4,PR,svc,minmax,3,0.9352344127597874,0.2,5,poly
ECFP4,PR,svc,minmax,3,0.9555340744320928,1.0,3,poly
ECFP4,PR,svc,minmax,3,0.973417109714838,1.0,0,rbf
ECFP4,PR,svc,minmax,3,0.9550507491541808,1.0,0,sigmoid
ECFP4,PR,svc,minmax,3,0.9473175447075882,1.0,4,poly
ECFP4,PR,svc,minmax,3,0.945867568873852,1.0,5,poly
ECFP4,PR,svc,minmax,3,0.97148380860319,2.0,3,poly
ECFP4,PR,svc,minmax,3,0.9801836636056066,2.0,0,rbf
ECFP4,PR,svc,minmax,3,0.9690671822136298,2.0,0,sigmoid
ECFP4,PR,svc,minmax,3,0.9608506524891252,2.0,4,poly
ECFP4,PR,svc,minmax,3,0.9555340744320928,2.0,5,poly
ECFP4,PR,svc,minmax,3,0.9830836152730787,8.0,3,poly
ECFP4,PR,svc,minmax,3,0.9830836152730787,8.0,0,rbf
ECFP4,PR,svc,minmax,3,0.97148380860319,8.0,0,sigmoid
ECFP4,PR,svc,minmax,3,0.9772837119381343,8.0,4,poly
ECFP4,PR,svc,minmax,3,0.9685838569357176,8.0,5,poly
ECFP4,PR,svc,minmax,4,0.9333011116481392,0.2,3,poly
ECFP4,PR,svc,minmax,4,0.9275012083131948,0.2,0,rbf
ECFP4,PR,svc,minmax,4,0.9275012083131948,0.2,0,sigmoid
ECFP4,PR,svc,minmax,4,0.9333011116481392,0.2,4,poly
ECFP4,PR,svc,minmax,4,0.9337844369260512,0.2,5,poly
ECFP4,PR,svc,minmax,4,0.9560173997100048,1.0,3,poly
ECFP4,PR,svc,minmax,4,0.972933784436926,1.0,0,rbf
ECFP4,PR,svc,minmax,4,0.958917351377477,1.0,0,sigmoid
ECFP4,PR,svc,minmax,4,0.9473175447075882,1.0,4,poly
ECFP4,PR,svc,minmax,4,0.945867568873852,1.0,5,poly
ECFP4,PR,svc,minmax,4,0.97390043499275,2.0,3,poly
ECFP4,PR,svc,minmax,4,0.9787336877718704,2.0,0,rbf
ECFP4,PR,svc,minmax,4,0.9666505558240696,2.0,0,sigmoid
ECFP4,PR,svc,minmax,4,0.9637506041565974,2.0,4,poly
ECFP4,PR,svc,minmax,4,0.9550507491541808,2.0,5,poly
ECFP4,PR,svc,minmax,4,0.9816336394393428,8.0,3,poly
ECFP4,PR,svc,minmax,4,0.9821169647172548,8.0,0,rbf
ECFP4,PR,svc,minmax,4,0.971967133881102,8.0,0,sigmoid
ECFP4,PR,svc,minmax,4,0.9792170130497824,8.0,4,poly
ECFP4,PR,svc,minmax,4,0.97148380860319,8.0,5,poly
MIX,PR,svc,std,1,0.9371677138714356,0.2,3,poly
MIX,PR,svc,std,1,0.9275012083131948,0.2,0,rbf
MIX,PR,svc,std,1,0.9275012083131948,0.2,0,sigmoid
MIX,PR,svc,std,1,0.9410343160947318,0.2,4,poly
MIX,PR,svc,std,1,0.943450942484292,0.2,5,poly
MIX,PR,svc,std,1,0.9676172063798936,1.0,3,poly
MIX,PR,svc,std,1,0.97390043499275,1.0,0,rbf
MIX,PR,svc,std,1,0.9618173030449492,1.0,0,sigmoid
MIX,PR,svc,std,1,0.9632672788786854,1.0,4,poly
MIX,PR,svc,std,1,0.9613339777670372,1.0,5,poly
MIX,PR,svc,std,1,0.972933784436926,2.0,3,poly
MIX,PR,svc,std,1,0.9830836152730787,2.0,0,rbf
MIX,PR,svc,std,1,0.9705171580473658,2.0,0,sigmoid
MIX,PR,svc,std,1,0.9685838569357176,2.0,4,poly
MIX,PR,svc,std,1,0.9666505558240696,2.0,5,poly
MIX,PR,svc,std,1,0.97390043499275,8.0,3,poly
MIX,PR,svc,std,1,0.9830836152730787,8.0,0,rbf
MIX,PR,svc,std,1,0.970033832769454,8.0,0,sigmoid
MIX,PR,svc,std,1,0.971967133881102,8.0,4,poly
MIX,PR,svc,std,1,0.971000483325278,8.0,5,poly
MIX,PR,svc,std,2,0.9381343644272596,0.2,3,poly
MIX,PR,svc,std,2,0.9275012083131948,0.2,0,rbf
MIX,PR,svc,std,2,0.9279845335911068,0.2,0,sigmoid
MIX,PR,svc,std,2,0.9410343160947318,0.2,4,poly
MIX,PR,svc,std,2,0.94296761720638,0.2,5,poly
MIX,PR,svc,std,2,0.971000483325278,1.0,3,poly
MIX,PR,svc,std,2,0.9758337361043984,1.0,0,rbf
MIX,PR,svc,std,2,0.9618173030449492,1.0,0,sigmoid
MIX,PR,svc,std,2,0.9656839052682455,1.0,4,poly
MIX,PR,svc,std,2,0.9623006283228612,1.0,5,poly
MIX,PR,svc,std,2,0.97390043499275,2.0,3,poly
MIX,PR,svc,std,2,0.9797003383276944,2.0,0,rbf
MIX,PR,svc,std,2,0.9647172547124214,2.0,0,sigmoid
MIX,PR,svc,std,2,0.971967133881102,2.0,4,poly
MIX,PR,svc,std,2,0.9690671822136298,2.0,5,poly
MIX,PR,svc,std,2,0.9758337361043984,8.0,3,poly
MIX,PR,svc,std,2,0.9826002899951668,8.0,0,rbf
MIX,PR,svc,std,2,0.9690671822136298,8.0,0,sigmoid
MIX,PR,svc,std,2,0.9743837602706622,8.0,4,poly
MIX,PR,svc,std,2,0.971967133881102,8.0,5,poly
MIX,PR,svc,std,3,0.9371677138714356,0.2,3,poly
MIX,PR,svc,std,3,0.9275012083131948,0.2,0,rbf
MIX,PR,svc,std,3,0.9275012083131948,0.2,0,sigmoid
MIX,PR,svc,std,3,0.9410343160947318,0.2,4,poly
MIX,PR,svc,std,3,0.9424842919284678,0.2,5,poly
MIX,PR,svc,std,3,0.9681005316578056,1.0,3,poly
MIX,PR,svc,std,3,0.97390043499275,1.0,0,rbf
MIX,PR,svc,std,3,0.957467375543741,1.0,0,sigmoid
MIX,PR,svc,std,3,0.9642339294345096,1.0,4,poly
MIX,PR,svc,std,3,0.9598840019333011,1.0,5,poly
MIX,PR,svc,std,3,0.9748670855485742,2.0,3,poly
MIX,PR,svc,std,3,0.9811503141614306,2.0,0,rbf
MIX,PR,svc,std,3,0.9695505074915418,2.0,0,sigmoid
MIX,PR,svc,std,3,0.971000483325278,2.0,4,poly
MIX,PR,svc,std,3,0.9676172063798936,2.0,5,poly
MIX,PR,svc,std,3,0.9768003866602224,8.0,3,poly
MIX,PR,svc,std,3,0.9811503141614306,8.0,0,rbf
MIX,PR,svc,std,3,0.9652005799903336,8.0,0,sigmoid
MIX,PR,svc,std,3,0.973417109714838,8.0,4,poly
MIX,PR,svc,std,3,0.971000483325278,8.0,5,poly
MIX,PR,svc,std,4,0.9371677138714356,0.2,3,poly
MIX,PR,svc,std,4,0.9275012083131948,0.2,0,rbf
MIX,PR,svc,std,4,0.9289511841469308,0.2,0,sigmoid
MIX,PR,svc,std,4,0.9395843402609956,0.2,4,poly
MIX,PR,svc,std,4,0.9415176413726438,0.2,5,poly
MIX,PR,svc,std,4,0.9661672305461576,1.0,3,poly
MIX,PR,svc,std,4,0.9748670855485742,1.0,0,rbf
MIX,PR,svc,std,4,0.9598840019333011,1.0,0,sigmoid
MIX,PR,svc,std,4,0.9623006283228612,1.0,4,poly
MIX,PR,svc,std,4,0.9594006766553892,1.0,5,poly
MIX,PR,svc,std,4,0.972933784436926,2.0,3,poly
MIX,PR,svc,std,4,0.9835669405509908,2.0,0,rbf
MIX,PR,svc,std,4,0.971000483325278,2.0,0,sigmoid
MIX,PR,svc,std,4,0.9676172063798936,2.0,4,poly
MIX,PR,svc,std,4,0.9656839052682455,2.0,5,poly
MIX,PR,svc,std,4,0.9748670855485742,8.0,3,poly
MIX,PR,svc,std,4,0.9845335911068148,8.0,0,rbf
MIX,PR,svc,std,4,0.9656839052682455,8.0,0,sigmoid
MIX,PR,svc,std,4,0.971967133881102,8.0,4,poly
MIX,PR,svc,std,4,0.9705171580473658,8.0,5,poly
MIX,PR,svc,minmax,1,0.931851135814403,0.2,3,poly
MIX,PR,svc,minmax,1,0.9275012083131948,0.2,0,rbf
MIX,PR,svc,minmax,1,0.9275012083131948,0.2,0,sigmoid
MIX,PR,svc,minmax,1,0.9342677622039632,0.2,4,poly
MIX,PR,svc,minmax,1,0.9342677622039632,0.2,5,poly
MIX,PR,svc,minmax,1,0.9618173030449492,1.0,3,poly
MIX,PR,svc,minmax,1,0.97390043499275,1.0,0,rbf
MIX,PR,svc,minmax,1,0.9550507491541808,1.0,0,sigmoid
MIX,PR,svc,minmax,1,0.9540840985983567,1.0,4,poly
MIX,PR,svc,minmax,1,0.9468342194296762,1.0,5,poly
MIX,PR,svc,minmax,1,0.9801836636056066,2.0,3,poly
MIX,PR,svc,minmax,1,0.9830836152730787,2.0,0,rbf
MIX,PR,svc,minmax,1,0.9642339294345096,2.0,0,sigmoid
MIX,PR,svc,minmax,1,0.9676172063798936,2.0,4,poly
MIX,PR,svc,minmax,1,0.9594006766553892,2.0,5,poly
MIX,PR,svc,minmax,1,0.9855002416626388,8.0,3,poly
MIX,PR,svc,minmax,1,0.9845335911068148,8.0,0,rbf
MIX,PR,svc,minmax,1,0.9763170613823104,8.0,0,sigmoid
MIX,PR,svc,minmax,1,0.9835669405509908,8.0,4,poly
MIX,PR,svc,minmax,1,0.9787336877718704,8.0,5,poly
MIX,PR,svc,minmax,2,0.9333011116481392,0.2,3,poly
MIX,PR,svc,minmax,2,0.9275012083131948,0.2,0,rbf
MIX,PR,svc,minmax,2,0.9275012083131948,0.2,0,sigmoid
MIX,PR,svc,minmax,2,0.9357177380376994,0.2,4,poly
MIX,PR,svc,minmax,2,0.9352344127597874,0.2,5,poly
MIX,PR,svc,minmax,2,0.9623006283228612,1.0,3,poly
MIX,PR,svc,minmax,2,0.9743837602706622,1.0,0,rbf
MIX,PR,svc,minmax,2,0.9603673272112132,1.0,0,sigmoid
MIX,PR,svc,minmax,2,0.9511841469308844,1.0,4,poly
MIX,PR,svc,minmax,2,0.9482841952634122,1.0,5,poly
MIX,PR,svc,minmax,2,0.9763170613823104,2.0,3,poly
MIX,PR,svc,minmax,2,0.9821169647172548,2.0,0,rbf
MIX,PR,svc,minmax,2,0.9676172063798936,2.0,0,sigmoid
MIX,PR,svc,minmax,2,0.9671338811019816,2.0,4,poly
MIX,PR,svc,minmax,2,0.958917351377477,2.0,5,poly
MIX,PR,svc,minmax,2,0.9840502658289028,8.0,3,poly
MIX,PR,svc,minmax,2,0.9855002416626388,8.0,0,rbf
MIX,PR,svc,minmax,2,0.97390043499275,8.0,0,sigmoid
MIX,PR,svc,minmax,2,0.9835669405509908,8.0,4,poly
MIX,PR,svc,minmax,2,0.9777670372160464,8.0,5,poly
MIX,PR,svc,minmax,3,0.9328177863702272,0.2,3,poly
MIX,PR,svc,minmax,3,0.9275012083131948,0.2,0,rbf
MIX,PR,svc,minmax,3,0.9275012083131948,0.2,0,sigmoid
MIX,PR,svc,minmax,3,0.9328177863702272,0.2,4,poly
MIX,PR,svc,minmax,3,0.9333011116481392,0.2,5,poly
MIX,PR,svc,minmax,3,0.957950700821653,1.0,3,poly
MIX,PR,svc,minmax,3,0.97148380860319,1.0,0,rbf
MIX,PR,svc,minmax,3,0.9550507491541808,1.0,0,sigmoid
MIX,PR,svc,minmax,3,0.9497341710971484,1.0,4,poly
MIX,PR,svc,minmax,3,0.944900918318028,1.0,5,poly
MIX,PR,svc,minmax,3,0.9811503141614306,2.0,3,poly
MIX,PR,svc,minmax,3,0.9826002899951668,2.0,0,rbf
MIX,PR,svc,minmax,3,0.9598840019333011,2.0,0,sigmoid
MIX,PR,svc,minmax,3,0.9656839052682455,2.0,4,poly
MIX,PR,svc,minmax,3,0.9565007249879168,2.0,5,poly
MIX,PR,svc,minmax,3,0.9830836152730787,8.0,3,poly
MIX,PR,svc,minmax,3,0.9840502658289028,8.0,0,rbf
MIX,PR,svc,minmax,3,0.9753504108264862,8.0,0,sigmoid
MIX,PR,svc,minmax,3,0.9811503141614306,8.0,4,poly
MIX,PR,svc,minmax,3,0.9777670372160464,8.0,5,poly
MIX,PR,svc,minmax,4,0.9328177863702272,0.2,3,poly
MIX,PR,svc,minmax,4,0.9275012083131948,0.2,0,rbf
MIX,PR,svc,minmax,4,0.9275012083131948,0.2,0,sigmoid
MIX,PR,svc,minmax,4,0.9333011116481392,0.2,4,poly
MIX,PR,svc,minmax,4,0.9333011116481392,0.2,5,poly
MIX,PR,svc,minmax,4,0.9569840502658288,1.0,3,poly
MIX,PR,svc,minmax,4,0.972450459159014,1.0,0,rbf
MIX,PR,svc,minmax,4,0.9540840985983567,1.0,0,sigmoid
MIX,PR,svc,minmax,4,0.9502174963750604,1.0,4,poly
MIX,PR,svc,minmax,4,0.9468342194296762,1.0,5,poly
MIX,PR,svc,minmax,4,0.9787336877718704,2.0,3,poly
MIX,PR,svc,minmax,4,0.9830836152730787,2.0,0,rbf
MIX,PR,svc,minmax,4,0.9666505558240696,2.0,0,sigmoid
MIX,PR,svc,minmax,4,0.9676172063798936,2.0,4,poly
MIX,PR,svc,minmax,4,0.957950700821653,2.0,5,poly
MIX,PR,svc,minmax,4,0.9845335911068148,8.0,3,poly
MIX,PR,svc,minmax,4,0.9850169163847268,8.0,0,rbf
MIX,PR,svc,minmax,4,0.971000483325278,8.0,0,sigmoid
MIX,PR,svc,minmax,4,0.9830836152730787,8.0,4,poly
MIX,PR,svc,minmax,4,0.9758337361043984,8.0,5,poly
PC,RT,svc,std,1,0.7453565008987417,0.2,3,poly
PC,RT,svc,std,1,0.7699221090473337,0.2,0,rbf
PC,RT,svc,std,1,0.7273816656680647,0.2,0,sigmoid
PC,RT,svc,std,1,0.7456560814859197,0.2,4,poly
PC,RT,svc,std,1,0.7474535650089874,0.2,5,poly
PC,RT,svc,std,1,0.798382264829239,1.0,3,poly
PC,RT,svc,std,1,0.8615937687237867,1.0,0,rbf
PC,RT,svc,std,1,0.6986219292989815,1.0,0,sigmoid
PC,RT,svc,std,1,0.7786099460754943,1.0,4,poly
PC,RT,svc,std,1,0.7702216896345117,1.0,5,poly
PC,RT,svc,std,1,0.8400239664469742,2.0,3,poly
PC,RT,svc,std,1,0.8828639904134212,2.0,0,rbf
PC,RT,svc,std,1,0.6794487717195926,2.0,0,sigmoid
PC,RT,svc,std,1,0.8055721989215099,2.0,4,poly
PC,RT,svc,std,1,0.7896944278010785,2.0,5,poly
PC,RT,svc,std,1,0.9005392450569203,8.0,3,poly
PC,RT,svc,std,1,0.9164170161773516,8.0,0,rbf
PC,RT,svc,std,1,0.6557819053325344,8.0,0,sigmoid
PC,RT,svc,std,1,0.8609946075494308,8.0,4,poly
PC,RT,svc,std,1,0.8307369682444578,8.0,5,poly
PC,RT,svc,std,2,0.7447573397243858,0.2,3,poly
PC,RT,svc,std,2,0.780407429598562,0.2,0,rbf
PC,RT,svc,std,2,0.7279808268424206,0.2,0,sigmoid
PC,RT,svc,std,2,0.7471539844218095,0.2,4,poly
PC,RT,svc,std,2,0.7486518873576993,0.2,5,poly
PC,RT,svc,std,2,0.7905931695626124,1.0,3,poly
PC,RT,svc,std,2,0.8568004793289394,1.0,0,rbf
PC,RT,svc,std,2,0.6764529658478131,1.0,0,sigmoid
PC,RT,svc,std,2,0.7750149790293589,1.0,4,poly
PC,RT,svc,std,2,0.7696225284601558,1.0,5,poly
PC,RT,svc,std,2,0.8304373876572798,2.0,3,poly
PC,RT,svc,std,2,0.8807669263031755,2.0,0,rbf
PC,RT,svc,std,2,0.6683642899940084,2.0,0,sigmoid
PC,RT,svc,std,2,0.8004793289394847,2.0,4,poly
PC,RT,svc,std,2,0.7887956860395446,2.0,5,poly
PC,RT,svc,std,2,0.8918514080287597,8.0,3,poly
PC,RT,svc,std,2,0.9131216297183944,8.0,0,rbf
PC,RT,svc,std,2,0.658478130617136,8.0,0,sigmoid
PC,RT,svc,std,2,0.8541042540443379,8.0,4,poly
PC,RT,svc,std,2,0.8217495506291193,8.0,5,poly
PC,RT,svc,std,3,0.74415817855003,0.2,3,poly
PC,RT,svc,std,3,0.7893948472139005,0.2,0,rbf
PC,RT,svc,std,3,0.7333732774116237,0.2,0,sigmoid
PC,RT,svc,std,3,0.7435590173756741,0.2,4,poly
PC,RT,svc,std,3,0.74415817855003,0.2,5,poly
PC,RT,svc,std,3,0.7911923307369683,1.0,3,poly
PC,RT,svc,std,3,0.8562013181545836,1.0,0,rbf
PC,RT,svc,std,3,0.6953265428400239,1.0,0,sigmoid
PC,RT,svc,std,3,0.7708208508088675,1.0,4,poly
PC,RT,svc,std,3,0.761833433193529,1.0,5,poly
PC,RT,svc,std,3,0.8286399041342121,2.0,3,poly
PC,RT,svc,std,3,0.8768723786698622,2.0,0,rbf
PC,RT,svc,std,3,0.6809466746554823,2.0,0,sigmoid
PC,RT,svc,std,3,0.7971839424805273,2.0,4,poly
PC,RT,svc,std,3,0.7810065907729179,2.0,5,poly
PC,RT,svc,std,3,0.890053924505692,8.0,3,poly
PC,RT,svc,std,3,0.9131216297183944,8.0,0,rbf
PC,RT,svc,std,3,0.6698621929298981,8.0,0,sigmoid
PC,RT,svc,std,3,0.8532055122828041,8.0,4,poly
PC,RT,svc,std,3,0.816956261234272,8.0,5,poly
PC,RT,svc,std,4,0.7471539844218095,0.2,3,poly
PC,RT,svc,std,4,0.7828040742959856,0.2,0,rbf
PC,RT,svc,std,4,0.7357699221090473,0.2,0,sigmoid
PC,RT,svc,std,4,0.7453565008987417,0.2,4,poly
PC,RT,svc,std,4,0.7480527261833433,0.2,5,poly
PC,RT,svc,std,4,0.7884961054523667,1.0,3,poly
PC,RT,svc,std,4,0.8562013181545836,1.0,0,rbf
PC,RT,svc,std,4,0.6908328340323547,1.0,0,sigmoid
PC,RT,svc,std,4,0.7786099460754943,1.0,4,poly
PC,RT,svc,std,4,0.7699221090473337,1.0,5,poly
PC,RT,svc,std,4,0.8313361294188136,2.0,3,poly
PC,RT,svc,std,4,0.8765727980826843,2.0,0,rbf
PC,RT,svc,std,4,0.676752546434991,2.0,0,sigmoid
PC,RT,svc,std,4,0.8001797483523068,2.0,4,poly
PC,RT,svc,std,4,0.7875973636908329,2.0,5,poly
PC,RT,svc,std,4,0.889754343918514,8.0,3,poly
PC,RT,svc,std,4,0.9077291791491912,8.0,0,rbf
PC,RT,svc,std,4,0.658478130617136,8.0,0,sigmoid
PC,RT,svc,std,4,0.8541042540443379,8.0,4,poly
PC,RT,svc,std,4,0.8253445176752546,8.0,5,poly
PC,RT,svc,minmax,1,0.7834032354703415,0.2,3,poly
PC,RT,svc,minmax,1,0.7414619532654284,0.2,0,rbf
PC,RT,svc,minmax,1,0.6153385260635111,0.2,0,sigmoid
PC,RT,svc,minmax,1,0.8001797483523068,0.2,4,poly
PC,RT,svc,minmax,1,0.8181545835829839,0.2,5,poly
PC,RT,svc,minmax,1,0.8481126423007789,1.0,3,poly
PC,RT,svc,minmax,1,0.8259436788496105,1.0,0,rbf
PC,RT,svc,minmax,1,0.5769922109047334,1.0,0,sigmoid
PC,RT,svc,minmax,1,0.8783702816057519,1.0,4,poly
PC,RT,svc,minmax,1,0.8918514080287597,1.0,5,poly
PC,RT,svc,minmax,1,0.8747753145596165,2.0,3,poly
PC,RT,svc,minmax,1,0.853505092869982,2.0,0,rbf
PC,RT,svc,minmax,1,0.5707010185739964,2.0,0,sigmoid
PC,RT,svc,minmax,1,0.8945476333133613,2.0,4,poly
PC,RT,svc,minmax,1,0.9077291791491912,2.0,5,poly
PC,RT,svc,minmax,1,0.9044337926902336,8.0,3,poly
PC,RT,svc,minmax,1,0.8933493109646495,8.0,0,rbf
PC,RT,svc,minmax,1,0.5659077291791492,8.0,0,sigmoid
PC,RT,svc,minmax,1,0.9158178550029958,8.0,4,poly
PC,RT,svc,minmax,1,0.91521869382864,8.0,5,poly
PC,RT,svc,minmax,2,0.7816057519472738,0.2,3,poly
PC,RT,svc,minmax,2,0.7477531455961653,0.2,0,rbf
PC,RT,svc,minmax,2,0.6177351707609346,0.2,0,sigmoid
PC,RT,svc,minmax,2,0.7986818454164171,0.2,4,poly
PC,RT,svc,minmax,2,0.8118633912522468,0.2,5,poly
PC,RT,svc,minmax,2,0.8529059316956261,1.0,3,poly
PC,RT,svc,minmax,2,0.8274415817855003,1.0,0,rbf
PC,RT,svc,minmax,2,0.5805871779508688,1.0,0,sigmoid
PC,RT,svc,minmax,2,0.8774715398442181,1.0,4,poly
PC,RT,svc,minmax,2,0.8927501497902935,1.0,5,poly
PC,RT,svc,minmax,2,0.8729778310365488,2.0,3,poly
PC,RT,svc,minmax,2,0.8508088675853804,2.0,0,rbf
PC,RT,svc,minmax,2,0.5713001797483523,2.0,0,sigmoid
PC,RT,svc,minmax,2,0.8933493109646495,2.0,4,poly
PC,RT,svc,minmax,2,0.9041342121030556,2.0,5,poly
PC,RT,svc,minmax,2,0.9017375674056322,8.0,3,poly
PC,RT,svc,minmax,2,0.8918514080287597,8.0,0,rbf
PC,RT,svc,minmax,2,0.5680047932893948,8.0,0,sigmoid
PC,RT,svc,minmax,2,0.914020371479928,8.0,4,poly
PC,RT,svc,minmax,2,0.9179149191132414,8.0,5,poly
PC,RT,svc,minmax,3,0.7881965248651888,0.2,3,poly
PC,RT,svc,minmax,3,0.762133013780707,0.2,0,rbf
PC,RT,svc,minmax,3,0.6138406231276213,0.2,0,sigmoid
PC,RT,svc,minmax,3,0.8082684242061114,0.2,4,poly
PC,RT,svc,minmax,3,0.8202516476932294,0.2,5,poly
PC,RT,svc,minmax,3,0.8505092869982025,1.0,3,poly
PC,RT,svc,minmax,3,0.8319352905931695,1.0,0,rbf
PC,RT,svc,minmax,3,0.5718993409227082,1.0,0,sigmoid
PC,RT,svc,minmax,3,0.8738765727980827,1.0,4,poly
PC,RT,svc,minmax,3,0.890053924505692,1.0,5,poly
PC,RT,svc,minmax,3,0.8690832834032355,2.0,3,poly
PC,RT,svc,minmax,3,0.8523067705212702,2.0,0,rbf
PC,RT,svc,minmax,3,0.5665068903535051,2.0,0,sigmoid
PC,RT,svc,minmax,3,0.8924505692031156,2.0,4,poly
PC,RT,svc,minmax,3,0.9071300179748352,2.0,5,poly
PC,RT,svc,minmax,3,0.9005392450569203,8.0,3,poly
PC,RT,svc,minmax,3,0.8891551827441582,8.0,0,rbf
PC,RT,svc,minmax,3,0.5617136009586579,8.0,0,sigmoid
PC,RT,svc,minmax,3,0.915518274415818,8.0,4,poly
PC,RT,svc,minmax,3,0.9191132414619532,8.0,5,poly
PC,RT,svc,minmax,4,0.7777112043139605,0.2,3,poly
PC,RT,svc,minmax,4,0.7564409826243259,0.2,0,rbf
PC,RT,svc,minmax,4,0.6156381066506891,0.2,0,sigmoid
PC,RT,svc,minmax,4,0.7980826842420611,0.2,4,poly
PC,RT,svc,minmax,4,0.81725584182145,0.2,5,poly
PC,RT,svc,minmax,4,0.8448172558418214,1.0,3,poly
PC,RT,svc,minmax,4,0.8274415817855003,1.0,0,rbf
PC,RT,svc,minmax,4,0.5778909526662672,1.0,0,sigmoid
PC,RT,svc,minmax,4,0.8798681845416417,1.0,4,poly
PC,RT,svc,minmax,4,0.8942480527261834,1.0,5,poly
PC,RT,svc,minmax,4,0.8759736369083283,2.0,3,poly
PC,RT,svc,minmax,4,0.8478130617136009,2.0,0,rbf
PC,RT,svc,minmax,4,0.5721989215098862,2.0,0,sigmoid
PC,RT,svc,minmax,4,0.8936488915518275,2.0,4,poly
PC,RT,svc,minmax,4,0.9014379868184542,2.0,5,poly
PC,RT,svc,minmax,4,0.8984421809466746,8.0,3,poly
PC,RT,svc,minmax,4,0.8909526662672259,8.0,0,rbf
PC,RT,svc,minmax,4,0.566806470940683,8.0,0,sigmoid
PC,RT,svc,minmax,4,0.9077291791491912,8.0,4,poly
PC,RT,svc,minmax,4,0.9158178550029958,8.0,5,poly
ECFP4,RT,svc,std,1,0.7366686638705812,0.2,3,poly
ECFP4,RT,svc,std,1,0.7267825044937088,0.2,0,rbf
ECFP4,RT,svc,std,1,0.7675254643499101,0.2,0,sigmoid
ECFP4,RT,svc,std,1,0.738166566806471,0.2,4,poly
ECFP4,RT,svc,std,1,0.7411623726782505,0.2,5,poly
ECFP4,RT,svc,std,1,0.8825644098262433,1.0,3,poly
ECFP4,RT,svc,std,1,0.9307968843618932,1.0,0,rbf
ECFP4,RT,svc,std,1,0.8741761533852607,1.0,0,sigmoid
ECFP4,RT,svc,std,1,0.8445176752546435,1.0,4,poly
ECFP4,RT,svc,std,1,0.8211503894547634,1.0,5,poly
ECFP4,RT,svc,std,1,0.9248052726183345,2.0,3,poly
ECFP4,RT,svc,std,1,0.9526662672258838,2.0,0,rbf
ECFP4,RT,svc,std,1,0.8648891551827441,2.0,0,sigmoid
ECFP4,RT,svc,std,1,0.8990413421210306,2.0,4,poly
ECFP4,RT,svc,std,1,0.8759736369083283,2.0,5,poly
ECFP4,RT,svc,std,1,0.9430796884361894,8.0,3,poly
ECFP4,RT,svc,std,1,0.956860395446375,8.0,0,rbf
ECFP4,RT,svc,std,1,0.8343319352905931,8.0,0,sigmoid
ECFP4,RT,svc,std,1,0.9248052726183345,8.0,4,poly
ECFP4,RT,svc,std,1,0.9137207908927502,8.0,5,poly
ECFP4,RT,svc,std,2,0.738166566806471,0.2,3,poly
ECFP4,RT,svc,std,2,0.7297783103654883,0.2,0,rbf
ECFP4,RT,svc,std,2,0.7717195925704015,0.2,0,sigmoid
ECFP4,RT,svc,std,2,0.7384661473936489,0.2,4,poly
ECFP4,RT,svc,std,2,0.7405632115038946,0.2,5,poly
ECFP4,RT,svc,std,2,0.8882564409826244,1.0,3,poly
ECFP4,RT,svc,std,2,0.9292989814260036,1.0,0,rbf
ECFP4,RT,svc,std,2,0.8726782504493709,1.0,0,sigmoid
ECFP4,RT,svc,std,2,0.8460155781905333,1.0,4,poly
ECFP4,RT,svc,std,2,0.823247453565009,1.0,5,poly
ECFP4,RT,svc,std,2,0.92690233672858,2.0,3,poly
ECFP4,RT,svc,std,2,0.9490713001797484,2.0,0,rbf
ECFP4,RT,svc,std,2,0.8738765727980827,2.0,0,sigmoid
ECFP4,RT,svc,std,2,0.9002396644697424,2.0,4,poly
ECFP4,RT,svc,std,2,0.871779508687837,2.0,5,poly
ECFP4,RT,svc,std,2,0.9379868184541642,8.0,3,poly
ECFP4,RT,svc,std,2,0.9529658478130616,8.0,0,rbf
ECFP4,RT,svc,std,2,0.8424206111443978,8.0,0,sigmoid
ECFP4,RT,svc,std,2,0.927201917315758,8.0,4,poly
ECFP4,RT,svc,std,2,0.9125224685440384,8.0,5,poly
ECFP4,RT,svc,std,3,0.7390653085680048,0.2,3,poly
ECFP4,RT,svc,std,3,0.731276213301378,0.2,0,rbf
ECFP4,RT,svc,std,3,0.7771120431396046,0.2,0,sigmoid
ECFP4,RT,svc,std,3,0.738166566806471,0.2,4,poly
ECFP4,RT,svc,std,3,0.7405632115038946,0.2,5,poly
ECFP4,RT,svc,std,3,0.8819652486518874,1.0,3,poly
ECFP4,RT,svc,std,3,0.9295985620131816,1.0,0,rbf
ECFP4,RT,svc,std,3,0.8669862192929898,1.0,0,sigmoid
ECFP4,RT,svc,std,3,0.8451168364289994,1.0,4,poly
ECFP4,RT,svc,std,3,0.8226482923906531,1.0,5,poly
ECFP4,RT,svc,std,3,0.9227082085080888,2.0,3,poly
ECFP4,RT,svc,std,3,0.9475733972438586,2.0,0,rbf
ECFP4,RT,svc,std,3,0.8651887357699221,2.0,0,sigmoid
ECFP4,RT,svc,std,3,0.8993409227082085,2.0,4,poly
ECFP4,RT,svc,std,3,0.8759736369083283,2.0,5,poly
ECFP4,RT,svc,std,3,0.939185140802876,8.0,3,poly
ECFP4,RT,svc,std,3,0.95176752546435,8.0,0,rbf
ECFP4,RT,svc,std,3,0.8397243858597963,8.0,0,sigmoid
ECFP4,RT,svc,std,3,0.9251048532055124,8.0,4,poly
ECFP4,RT,svc,std,3,0.9125224685440384,8.0,5,poly
ECFP4,RT,svc,std,4,0.7357699221090473,0.2,3,poly
ECFP4,RT,svc,std,4,0.7246854403834632,0.2,0,rbf
ECFP4,RT,svc,std,4,0.774715398442181,0.2,0,sigmoid
ECFP4,RT,svc,std,4,0.737866986219293,0.2,4,poly
ECFP4,RT,svc,std,4,0.7387657279808268,0.2,5,poly
ECFP4,RT,svc,std,4,0.8834631515877771,1.0,3,poly
ECFP4,RT,svc,std,4,0.9245056920311564,1.0,0,rbf
ECFP4,RT,svc,std,4,0.8732774116237267,1.0,0,sigmoid
ECFP4,RT,svc,std,4,0.8367285799880168,1.0,4,poly
ECFP4,RT,svc,std,4,0.8139604553624925,1.0,5,poly
ECFP4,RT,svc,std,4,0.9284002396644696,2.0,3,poly
ECFP4,RT,svc,std,4,0.9469742360695028,2.0,0,rbf
ECFP4,RT,svc,std,4,0.8681845416417017,2.0,0,sigmoid
ECFP4,RT,svc,std,4,0.8975434391851408,2.0,4,poly
ECFP4,RT,svc,std,4,0.8690832834032355,2.0,5,poly
ECFP4,RT,svc,std,4,0.9427801078490112,8.0,3,poly
ECFP4,RT,svc,std,4,0.951467944877172,8.0,0,rbf
ECFP4,RT,svc,std,4,0.8394248052726183,8.0,0,sigmoid
ECFP4,RT,svc,std,4,0.926303175554224,8.0,4,poly
ECFP4,RT,svc,std,4,0.914020371479928,8.0,5,poly
ECFP4,RT,svc,minmax,1,0.7567405632115038,0.2,3,poly
ECFP4,RT,svc,minmax,1,0.7429598562013181,0.2,0,rbf
ECFP4,RT,svc,minmax,1,0.7597363690832835,0.2,0,sigmoid
ECFP4,RT,svc,minmax,1,0.7534451767525464,0.2,4,poly
ECFP4,RT,svc,minmax,1,0.7531455961653685,0.2,5,poly
ECFP4,RT,svc,minmax,1,0.9281006590772918,1.0,3,poly
ECFP4,RT,svc,minmax,1,0.9230077890952666,1.0,0,rbf
ECFP4,RT,svc,minmax,1,0.8591971240263631,1.0,0,sigmoid
ECFP4,RT,svc,minmax,1,0.90203714799281,1.0,4,poly
ECFP4,RT,svc,minmax,1,0.8681845416417017,1.0,5,poly
ECFP4,RT,svc,minmax,1,0.9538645895745956,2.0,3,poly
ECFP4,RT,svc,minmax,1,0.95026962252846,2.0,0,rbf
ECFP4,RT,svc,minmax,1,0.8579988016776513,2.0,0,sigmoid
ECFP4,RT,svc,minmax,1,0.9439784301977232,2.0,4,poly
ECFP4,RT,svc,minmax,1,0.9167165967645295,2.0,5,poly
ECFP4,RT,svc,minmax,1,0.9598562013181546,8.0,3,poly
ECFP4,RT,svc,minmax,1,0.9595566207309766,8.0,0,rbf
ECFP4,RT,svc,minmax,1,0.8184541641701618,8.0,0,sigmoid
ECFP4,RT,svc,minmax,1,0.956860395446375,8.0,4,poly
ECFP4,RT,svc,minmax,1,0.9445775913720792,8.0,5,poly
ECFP4,RT,svc,minmax,2,0.7564409826243259,0.2,3,poly
ECFP4,RT,svc,minmax,2,0.750149790293589,0.2,0,rbf
ECFP4,RT,svc,minmax,2,0.7654284002396645,0.2,0,sigmoid
ECFP4,RT,svc,minmax,2,0.7531455961653685,0.2,4,poly
ECFP4,RT,svc,minmax,2,0.7549430796884362,0.2,5,poly
ECFP4,RT,svc,minmax,2,0.9301977231875376,1.0,3,poly
ECFP4,RT,svc,minmax,2,0.9224086279209108,1.0,0,rbf
ECFP4,RT,svc,minmax,2,0.8606950269622529,1.0,0,sigmoid
ECFP4,RT,svc,minmax,2,0.9098262432594368,1.0,4,poly
ECFP4,RT,svc,minmax,2,0.8810665068903535,1.0,5,poly
ECFP4,RT,svc,minmax,2,0.9532654284002396,2.0,3,poly
ECFP4,RT,svc,minmax,2,0.9490713001797484,2.0,0,rbf
ECFP4,RT,svc,minmax,2,0.8603954463750749,2.0,0,sigmoid
ECFP4,RT,svc,minmax,2,0.9397843019772318,2.0,4,poly
ECFP4,RT,svc,minmax,2,0.9215098861593768,2.0,5,poly
ECFP4,RT,svc,minmax,2,0.957759137207909,8.0,3,poly
ECFP4,RT,svc,minmax,2,0.9544637507489516,8.0,0,rbf
ECFP4,RT,svc,minmax,2,0.8241461953265429,8.0,0,sigmoid
ECFP4,RT,svc,minmax,2,0.9535650089874176,8.0,4,poly
ECFP4,RT,svc,minmax,2,0.9415817855002996,8.0,5,poly
ECFP4,RT,svc,minmax,3,0.7597363690832835,0.2,3,poly
ECFP4,RT,svc,minmax,3,0.7573397243858598,0.2,0,rbf
ECFP4,RT,svc,minmax,3,0.7750149790293589,0.2,0,sigmoid
ECFP4,RT,svc,minmax,3,0.756141402037148,0.2,4,poly
ECFP4,RT,svc,minmax,3,0.7573397243858598,0.2,5,poly
ECFP4,RT,svc,minmax,3,0.933193529059317,1.0,3,poly
ECFP4,RT,svc,minmax,3,0.9254044337926902,1.0,0,rbf
ECFP4,RT,svc,minmax,3,0.8553025763930497,1.0,0,sigmoid
ECFP4,RT,svc,minmax,3,0.9008388256440982,1.0,4,poly
ECFP4,RT,svc,minmax,3,0.8684841222288796,1.0,5,poly
ECFP4,RT,svc,minmax,3,0.9556620730976632,2.0,3,poly
ECFP4,RT,svc,minmax,3,0.9490713001797484,2.0,0,rbf
ECFP4,RT,svc,minmax,3,0.8508088675853804,2.0,0,sigmoid
ECFP4,RT,svc,minmax,3,0.9433792690233672,2.0,4,poly
ECFP4,RT,svc,minmax,3,0.9158178550029958,2.0,5,poly
ECFP4,RT,svc,minmax,3,0.9544637507489516,8.0,3,poly
ECFP4,RT,svc,minmax,3,0.9553624925104852,8.0,0,rbf
ECFP4,RT,svc,minmax,3,0.816956261234272,8.0,0,sigmoid
ECFP4,RT,svc,minmax,3,0.9544637507489516,8.0,4,poly
ECFP4,RT,svc,minmax,3,0.9532654284002396,8.0,5,poly
ECFP4,RT,svc,minmax,4,0.7531455961653685,0.2,3,poly
ECFP4,RT,svc,minmax,4,0.7492510485320552,0.2,0,rbf
ECFP4,RT,svc,minmax,4,0.7675254643499101,0.2,0,sigmoid
ECFP4,RT,svc,minmax,4,0.7504493708807669,0.2,4,poly
ECFP4,RT,svc,minmax,4,0.7528460155781905,0.2,5,poly
ECFP4,RT,svc,minmax,4,0.9310964649490712,1.0,3,poly
ECFP4,RT,svc,minmax,4,0.920311563810665,1.0,0,rbf
ECFP4,RT,svc,minmax,4,0.8573996405032954,1.0,0,sigmoid
ECFP4,RT,svc,minmax,4,0.9071300179748352,1.0,4,poly
ECFP4,RT,svc,minmax,4,0.8708807669263032,1.0,5,poly
ECFP4,RT,svc,minmax,4,0.9550629119233074,2.0,3,poly
ECFP4,RT,svc,minmax,4,0.9466746554823248,2.0,0,rbf
ECFP4,RT,svc,minmax,4,0.8538046734571599,2.0,0,sigmoid
ECFP4,RT,svc,minmax,4,0.9433792690233672,2.0,4,poly
ECFP4,RT,svc,minmax,4,0.9233073696824444,2.0,5,poly
ECFP4,RT,svc,minmax,4,0.9580587177950868,8.0,3,poly
ECFP4,RT,svc,minmax,4,0.9565608148591972,8.0,0,rbf
ECFP4,RT,svc,minmax,4,0.822947872977831,8.0,0,sigmoid
ECFP4,RT,svc,minmax,4,0.9565608148591972,8.0,4,poly
ECFP4,RT,svc,minmax,4,0.9475733972438586,8.0,5,poly
MIX,RT,svc,std,1,0.7357699221090473,0.2,3,poly
MIX,RT,svc,std,1,0.7258837627321749,0.2,0,rbf
MIX,RT,svc,std,1,0.774715398442181,0.2,0,sigmoid
MIX,RT,svc,std,1,0.7375674056321151,0.2,4,poly
MIX,RT,svc,std,1,0.7399640503295386,0.2,5,poly
MIX,RT,svc,std,1,0.8696824445775914,1.0,3,poly
MIX,RT,svc,std,1,0.9218094667465548,1.0,0,rbf
MIX,RT,svc,std,1,0.8609946075494308,1.0,0,sigmoid
MIX,RT,svc,std,1,0.8268424206111444,1.0,4,poly
MIX,RT,svc,std,1,0.8031755542240863,1.0,5,poly
MIX,RT,svc,std,1,0.920910724985021,2.0,3,poly
MIX,RT,svc,std,1,0.9445775913720792,2.0,0,rbf
MIX,RT,svc,std,1,0.8579988016776513,2.0,0,sigmoid
MIX,RT,svc,std,1,0.8876572798082685,2.0,4,poly
MIX,RT,svc,std,1,0.8576992210904734,2.0,5,poly
MIX,RT,svc,std,1,0.9349910125823848,8.0,3,poly
MIX,RT,svc,std,1,0.9454763331336128,8.0,0,rbf
MIX,RT,svc,std,1,0.8382264829239066,8.0,0,sigmoid
MIX,RT,svc,std,1,0.9179149191132414,8.0,4,poly
MIX,RT,svc,std,1,0.903235470341522,8.0,5,poly
MIX,RT,svc,std,2,0.7363690832834032,0.2,3,poly
MIX,RT,svc,std,2,0.737267825044937,0.2,0,rbf
MIX,RT,svc,std,2,0.7771120431396046,0.2,0,sigmoid
MIX,RT,svc,std,2,0.7366686638705812,0.2,4,poly
MIX,RT,svc,std,2,0.7384661473936489,0.2,5,poly
MIX,RT,svc,std,2,0.877771120431396,1.0,3,poly
MIX,RT,svc,std,2,0.9236069502696224,1.0,0,rbf
MIX,RT,svc,std,2,0.8609946075494308,1.0,0,sigmoid
MIX,RT,svc,std,2,0.8343319352905931,1.0,4,poly
MIX,RT,svc,std,2,0.8115638106650689,1.0,5,poly
MIX,RT,svc,std,2,0.9188136608747752,2.0,3,poly
MIX,RT,svc,std,2,0.945176752546435,2.0,0,rbf
MIX,RT,svc,std,2,0.8547034152186939,2.0,0,sigmoid
MIX,RT,svc,std,2,0.8933493109646495,2.0,4,poly
MIX,RT,svc,std,2,0.8651887357699221,2.0,5,poly
MIX,RT,svc,std,2,0.9337926902336728,8.0,3,poly
MIX,RT,svc,std,2,0.9466746554823248,8.0,0,rbf
MIX,RT,svc,std,2,0.8394248052726183,8.0,0,sigmoid
MIX,RT,svc,std,2,0.9173157579388856,8.0,4,poly
MIX,RT,svc,std,2,0.9062312762133014,8.0,5,poly
MIX,RT,svc,std,3,0.7360695026962253,0.2,3,poly
MIX,RT,svc,std,3,0.7327741162372678,0.2,0,rbf
MIX,RT,svc,std,3,0.7714200119832235,0.2,0,sigmoid
MIX,RT,svc,std,3,0.7360695026962253,0.2,4,poly
MIX,RT,svc,std,3,0.7387657279808268,0.2,5,poly
MIX,RT,svc,std,3,0.8678849610545236,1.0,3,poly
MIX,RT,svc,std,3,0.921210305572199,1.0,0,rbf
MIX,RT,svc,std,3,0.8568004793289394,1.0,0,sigmoid
MIX,RT,svc,std,3,0.8235470341521869,1.0,4,poly
MIX,RT,svc,std,3,0.8067705212702216,1.0,5,poly
MIX,RT,svc,std,3,0.9245056920311564,2.0,3,poly
MIX,RT,svc,std,3,0.9475733972438586,2.0,0,rbf
MIX,RT,svc,std,3,0.8547034152186939,2.0,0,sigmoid
MIX,RT,svc,std,3,0.8882564409826244,2.0,4,poly
MIX,RT,svc,std,3,0.8573996405032954,2.0,5,poly
MIX,RT,svc,std,3,0.9373876572798082,8.0,3,poly
MIX,RT,svc,std,3,0.951168364289994,8.0,0,rbf
MIX,RT,svc,std,3,0.8370281605751947,8.0,0,sigmoid
MIX,RT,svc,std,3,0.9194128220491312,8.0,4,poly
MIX,RT,svc,std,3,0.903235470341522,8.0,5,poly
MIX,RT,svc,std,4,0.7369682444577591,0.2,3,poly
MIX,RT,svc,std,4,0.7348711803475135,0.2,0,rbf
MIX,RT,svc,std,4,0.7849011384062313,0.2,0,sigmoid
MIX,RT,svc,std,4,0.7390653085680048,0.2,4,poly
MIX,RT,svc,std,4,0.7402636309167165,0.2,5,poly
MIX,RT,svc,std,4,0.8792690233672859,1.0,3,poly
MIX,RT,svc,std,4,0.9239065308568004,1.0,0,rbf
MIX,RT,svc,std,4,0.8609946075494308,1.0,0,sigmoid
MIX,RT,svc,std,4,0.8307369682444578,1.0,4,poly
MIX,RT,svc,std,4,0.8058717795086878,1.0,5,poly
MIX,RT,svc,std,4,0.926303175554224,2.0,3,poly
MIX,RT,svc,std,4,0.9466746554823248,2.0,0,rbf
MIX,RT,svc,std,4,0.8553025763930497,2.0,0,sigmoid
MIX,RT,svc,std,4,0.8954463750748951,2.0,4,poly
MIX,RT,svc,std,4,0.8612941881366087,2.0,5,poly
MIX,RT,svc,std,4,0.9355901737567406,8.0,3,poly
MIX,RT,svc,std,4,0.9466746554823248,8.0,0,rbf
MIX,RT,svc,std,4,0.8352306770521271,8.0,0,sigmoid
MIX,RT,svc,std,4,0.9233073696824444,8.0,4,poly
MIX,RT,svc,std,4,0.9089275014979028,8.0,5,poly
MIX,RT,svc,minmax,1,0.7642300778909527,0.2,3,poly
MIX,RT,svc,minmax,1,0.7462552426602757,0.2,0,rbf
MIX,RT,svc,minmax,1,0.7591372079089275,0.2,0,sigmoid
MIX,RT,svc,minmax,1,0.7531455961653685,0.2,4,poly
MIX,RT,svc,minmax,1,0.75584182144997,0.2,5,poly
MIX,RT,svc,minmax,1,0.9257040143798682,1.0,3,poly
MIX,RT,svc,minmax,1,0.9167165967645295,1.0,0,rbf
MIX,RT,svc,minmax,1,0.8559017375674056,1.0,0,sigmoid
MIX,RT,svc,minmax,1,0.8978430197723187,1.0,4,poly
MIX,RT,svc,minmax,1,0.8678849610545236,1.0,5,poly
MIX,RT,svc,minmax,1,0.9499700419412822,2.0,3,poly
MIX,RT,svc,minmax,1,0.9412822049131216,2.0,0,rbf
MIX,RT,svc,minmax,1,0.8472139005392451,2.0,0,sigmoid
MIX,RT,svc,minmax,1,0.939185140802876,2.0,4,poly
MIX,RT,svc,minmax,1,0.9137207908927502,2.0,5,poly
MIX,RT,svc,minmax,1,0.9523666866387058,8.0,3,poly
MIX,RT,svc,minmax,1,0.9481725584182144,8.0,0,rbf
MIX,RT,svc,minmax,1,0.8142600359496704,8.0,0,sigmoid
MIX,RT,svc,minmax,1,0.9535650089874176,8.0,4,poly
MIX,RT,svc,minmax,1,0.9457759137207908,8.0,5,poly
MIX,RT,svc,minmax,2,0.7642300778909527,0.2,3,poly
MIX,RT,svc,minmax,2,0.7468544038346315,0.2,0,rbf
MIX,RT,svc,minmax,2,0.7570401437986819,0.2,0,sigmoid
MIX,RT,svc,minmax,2,0.7576393049730378,0.2,4,poly
MIX,RT,svc,minmax,2,0.7567405632115038,0.2,5,poly
MIX,RT,svc,minmax,2,0.9307968843618932,1.0,3,poly
MIX,RT,svc,minmax,2,0.9194128220491312,1.0,0,rbf
MIX,RT,svc,minmax,2,0.8541042540443379,1.0,0,sigmoid
MIX,RT,svc,minmax,2,0.9017375674056322,1.0,4,poly
MIX,RT,svc,minmax,2,0.872079089275015,1.0,5,poly
MIX,RT,svc,minmax,2,0.95026962252846,2.0,3,poly
MIX,RT,svc,minmax,2,0.9427801078490112,2.0,0,rbf
MIX,RT,svc,minmax,2,0.8517076093469144,2.0,0,sigmoid
MIX,RT,svc,minmax,2,0.9415817855002996,2.0,4,poly
MIX,RT,svc,minmax,2,0.9137207908927502,2.0,5,poly
MIX,RT,svc,minmax,2,0.9526662672258838,8.0,3,poly
MIX,RT,svc,minmax,2,0.9496704613541044,8.0,0,rbf
MIX,RT,svc,minmax,2,0.8244457759137208,8.0,0,sigmoid
MIX,RT,svc,minmax,2,0.9538645895745956,8.0,4,poly
MIX,RT,svc,minmax,2,0.9445775913720792,8.0,5,poly
MIX,RT,svc,minmax,3,0.768723786698622,0.2,3,poly
MIX,RT,svc,minmax,3,0.7492510485320552,0.2,0,rbf
MIX,RT,svc,minmax,3,0.7600359496704614,0.2,0,sigmoid
MIX,RT,svc,minmax,3,0.7573397243858598,0.2,4,poly
MIX,RT,svc,minmax,3,0.7573397243858598,0.2,5,poly
MIX,RT,svc,minmax,3,0.9200119832234872,1.0,3,poly
MIX,RT,svc,minmax,3,0.9182144997004196,1.0,0,rbf
MIX,RT,svc,minmax,3,0.8532055122828041,1.0,0,sigmoid
MIX,RT,svc,minmax,3,0.8915518274415818,1.0,4,poly
MIX,RT,svc,minmax,3,0.8612941881366087,1.0,5,poly
MIX,RT,svc,minmax,3,0.9535650089874176,2.0,3,poly
MIX,RT,svc,minmax,3,0.9430796884361894,2.0,0,rbf
MIX,RT,svc,minmax,3,0.8526063511084482,2.0,0,sigmoid
MIX,RT,svc,minmax,3,0.9367884961054525,2.0,4,poly
MIX,RT,svc,minmax,3,0.9098262432594368,2.0,5,poly
MIX,RT,svc,minmax,3,0.9565608148591972,8.0,3,poly
MIX,RT,svc,minmax,3,0.9523666866387058,8.0,0,rbf
MIX,RT,svc,minmax,3,0.8199520671060515,8.0,0,sigmoid
MIX,RT,svc,minmax,3,0.952067106051528,8.0,4,poly
MIX,RT,svc,minmax,3,0.9415817855002996,8.0,5,poly
MIX,RT,svc,minmax,4,0.7657279808268425,0.2,3,poly
MIX,RT,svc,minmax,4,0.7600359496704614,0.2,0,rbf
MIX,RT,svc,minmax,4,0.7723187537447573,0.2,0,sigmoid
MIX,RT,svc,minmax,4,0.7525464349910126,0.2,4,poly
MIX,RT,svc,minmax,4,0.7525464349910126,0.2,5,poly
MIX,RT,svc,minmax,4,0.9298981426003596,1.0,3,poly
MIX,RT,svc,minmax,4,0.9185140802875974,1.0,0,rbf
MIX,RT,svc,minmax,4,0.8499101258238466,1.0,0,sigmoid
MIX,RT,svc,minmax,4,0.9095266626722588,1.0,4,poly
MIX,RT,svc,minmax,4,0.8783702816057519,1.0,5,poly
MIX,RT,svc,minmax,4,0.9523666866387058,2.0,3,poly
MIX,RT,svc,minmax,4,0.9433792690233672,2.0,0,rbf
MIX,RT,svc,minmax,4,0.8511084481725584,2.0,0,sigmoid
MIX,RT,svc,minmax,4,0.9430796884361894,2.0,4,poly
MIX,RT,svc,minmax,4,0.9224086279209108,2.0,5,poly
MIX,RT,svc,minmax,4,0.95176752546435,8.0,3,poly
MIX,RT,svc,minmax,4,0.9472738166566806,8.0,0,rbf
MIX,RT,svc,minmax,4,0.8157579388855603,8.0,0,sigmoid
MIX,RT,svc,minmax,4,0.950868783702816,8.0,4,poly
MIX,RT,svc,minmax,4,0.9436788496105452,8.0,5,poly
