model,Descriptor,Enzyme,scaler,split,Accuracy,reg_param,store_covariance,Category,Enzyme x Descriptor
qda,PC,HIV-1 IN,std,1,0.7742759795570698,0.01,False,C,HIV-1 IN x PC
qda,PC,HIV-1 IN,std,1,0.7742759795570698,0.01,True,C,HIV-1 IN x PC
qda,PC,HIV-1 IN,std,1,0.7201873935264055,0.1,False,C,HIV-1 IN x PC
qda,PC,HIV-1 IN,std,1,0.7201873935264055,0.1,True,C,HIV-1 IN x PC
qda,PC,HIV-1 IN,std,1,0.702725724020443,0.25,False,C,HIV-1 IN x PC
qda,PC,HIV-1 IN,std,1,0.702725724020443,0.25,True,C,HIV-1 IN x PC
qda,PC,HIV-1 IN,std,1,0.7504258943781942,0.5,False,C,HIV-1 IN x PC
qda,PC,HIV-1 IN,std,1,0.7504258943781942,0.5,True,C,HIV-1 IN x PC
qda,PC,HIV-1 IN,std,1,0.7491482112436116,0.75,False,C,HIV-1 IN x PC
qda,PC,HIV-1 IN,std,1,0.7491482112436116,0.75,True,C,HIV-1 IN x PC
qda,PC,HIV-1 IN,std,1,0.6154173764906303,1.0,False,D,HIV-1 IN x PC
qda,PC,HIV-1 IN,std,1,0.6154173764906303,1.0,True,D,HIV-1 IN x PC
qda,PC,HIV-1 IN,std,2,0.7525553662691652,0.01,False,C,HIV-1 IN x PC
qda,PC,HIV-1 IN,std,2,0.7525553662691652,0.01,True,C,HIV-1 IN x PC
qda,PC,HIV-1 IN,std,2,0.7074105621805792,0.1,False,C,HIV-1 IN x PC
qda,PC,HIV-1 IN,std,2,0.7074105621805792,0.1,True,C,HIV-1 IN x PC
qda,PC,HIV-1 IN,std,2,0.684412265758092,0.25,False,D,HIV-1 IN x PC
qda,PC,HIV-1 IN,std,2,0.684412265758092,0.25,True,D,HIV-1 IN x PC
qda,PC,HIV-1 IN,std,2,0.7282793867120954,0.5,False,C,HIV-1 IN x PC
qda,PC,HIV-1 IN,std,2,0.7282793867120954,0.5,True,C,HIV-1 IN x PC
qda,PC,HIV-1 IN,std,2,0.7504258943781942,0.75,False,C,HIV-1 IN x PC
qda,PC,HIV-1 IN,std,2,0.7504258943781942,0.75,True,C,HIV-1 IN x PC
qda,PC,HIV-1 IN,std,2,0.6243611584327087,1.0,False,D,HIV-1 IN x PC
qda,PC,HIV-1 IN,std,2,0.6243611584327087,1.0,True,D,HIV-1 IN x PC
qda,PC,HIV-1 IN,std,3,0.7529812606473595,0.01,False,C,HIV-1 IN x PC
qda,PC,HIV-1 IN,std,3,0.7529812606473595,0.01,True,C,HIV-1 IN x PC
qda,PC,HIV-1 IN,std,3,0.6997444633730835,0.1,False,D,HIV-1 IN x PC
qda,PC,HIV-1 IN,std,3,0.6997444633730835,0.1,True,D,HIV-1 IN x PC
qda,PC,HIV-1 IN,std,3,0.6827086882453152,0.25,False,D,HIV-1 IN x PC
qda,PC,HIV-1 IN,std,3,0.6827086882453152,0.25,True,D,HIV-1 IN x PC
qda,PC,HIV-1 IN,std,3,0.709114139693356,0.5,False,C,HIV-1 IN x PC
qda,PC,HIV-1 IN,std,3,0.709114139693356,0.5,True,C,HIV-1 IN x PC
qda,PC,HIV-1 IN,std,3,0.7350936967632027,0.75,False,C,HIV-1 IN x PC
qda,PC,HIV-1 IN,std,3,0.7350936967632027,0.75,True,C,HIV-1 IN x PC
qda,PC,HIV-1 IN,std,3,0.659710391822828,1.0,False,D,HIV-1 IN x PC
qda,PC,HIV-1 IN,std,3,0.659710391822828,1.0,True,D,HIV-1 IN x PC
qda,PC,HIV-1 IN,std,4,0.7512776831345827,0.01,False,C,HIV-1 IN x PC
qda,PC,HIV-1 IN,std,4,0.7512776831345827,0.01,True,C,HIV-1 IN x PC
qda,PC,HIV-1 IN,std,4,0.7112436115843271,0.1,False,C,HIV-1 IN x PC
qda,PC,HIV-1 IN,std,4,0.7112436115843271,0.1,True,C,HIV-1 IN x PC
qda,PC,HIV-1 IN,std,4,0.7052810902896082,0.25,False,C,HIV-1 IN x PC
qda,PC,HIV-1 IN,std,4,0.7052810902896082,0.25,True,C,HIV-1 IN x PC
qda,PC,HIV-1 IN,std,4,0.7423339011925043,0.5,False,C,HIV-1 IN x PC
qda,PC,HIV-1 IN,std,4,0.7423339011925043,0.5,True,C,HIV-1 IN x PC
qda,PC,HIV-1 IN,std,4,0.7589437819420783,0.75,False,C,HIV-1 IN x PC
qda,PC,HIV-1 IN,std,4,0.7589437819420783,0.75,True,C,HIV-1 IN x PC
qda,PC,HIV-1 IN,std,4,0.6469335604770017,1.0,False,D,HIV-1 IN x PC
qda,PC,HIV-1 IN,std,4,0.6469335604770017,1.0,True,D,HIV-1 IN x PC
qda,PC,HIV-1 IN,minmax,1,0.7380749574105622,0.01,False,C,HIV-1 IN x PC
qda,PC,HIV-1 IN,minmax,1,0.7380749574105622,0.01,True,C,HIV-1 IN x PC
qda,PC,HIV-1 IN,minmax,1,0.553236797274276,0.1,False,D,HIV-1 IN x PC
qda,PC,HIV-1 IN,minmax,1,0.553236797274276,0.1,True,D,HIV-1 IN x PC
qda,PC,HIV-1 IN,minmax,1,0.5523850085178875,0.25,False,D,HIV-1 IN x PC
qda,PC,HIV-1 IN,minmax,1,0.5523850085178875,0.25,True,D,HIV-1 IN x PC
qda,PC,HIV-1 IN,minmax,1,0.5540885860306644,0.5,False,D,HIV-1 IN x PC
qda,PC,HIV-1 IN,minmax,1,0.5540885860306644,0.5,True,D,HIV-1 IN x PC
qda,PC,HIV-1 IN,minmax,1,0.5557921635434412,0.75,False,D,HIV-1 IN x PC
qda,PC,HIV-1 IN,minmax,1,0.5557921635434412,0.75,True,D,HIV-1 IN x PC
qda,PC,HIV-1 IN,minmax,1,0.5545144804088586,1.0,False,D,HIV-1 IN x PC
qda,PC,HIV-1 IN,minmax,1,0.5545144804088586,1.0,True,D,HIV-1 IN x PC
qda,PC,HIV-1 IN,minmax,2,0.7568143100511073,0.01,False,C,HIV-1 IN x PC
qda,PC,HIV-1 IN,minmax,2,0.7568143100511073,0.01,True,C,HIV-1 IN x PC
qda,PC,HIV-1 IN,minmax,2,0.553236797274276,0.1,False,D,HIV-1 IN x PC
qda,PC,HIV-1 IN,minmax,2,0.553236797274276,0.1,True,D,HIV-1 IN x PC
qda,PC,HIV-1 IN,minmax,2,0.5523850085178875,0.25,False,D,HIV-1 IN x PC
qda,PC,HIV-1 IN,minmax,2,0.5523850085178875,0.25,True,D,HIV-1 IN x PC
qda,PC,HIV-1 IN,minmax,2,0.5540885860306644,0.5,False,D,HIV-1 IN x PC
qda,PC,HIV-1 IN,minmax,2,0.5540885860306644,0.5,True,D,HIV-1 IN x PC
qda,PC,HIV-1 IN,minmax,2,0.5545144804088586,0.75,False,D,HIV-1 IN x PC
qda,PC,HIV-1 IN,minmax,2,0.5545144804088586,0.75,True,D,HIV-1 IN x PC
qda,PC,HIV-1 IN,minmax,2,0.5545144804088586,1.0,False,D,HIV-1 IN x PC
qda,PC,HIV-1 IN,minmax,2,0.5545144804088586,1.0,True,D,HIV-1 IN x PC
qda,PC,HIV-1 IN,minmax,3,0.7508517887563884,0.01,False,C,HIV-1 IN x PC
qda,PC,HIV-1 IN,minmax,3,0.7508517887563884,0.01,True,C,HIV-1 IN x PC
qda,PC,HIV-1 IN,minmax,3,0.553236797274276,0.1,False,D,HIV-1 IN x PC
qda,PC,HIV-1 IN,minmax,3,0.553236797274276,0.1,True,D,HIV-1 IN x PC
qda,PC,HIV-1 IN,minmax,3,0.5523850085178875,0.25,False,D,HIV-1 IN x PC
qda,PC,HIV-1 IN,minmax,3,0.5523850085178875,0.25,True,D,HIV-1 IN x PC
qda,PC,HIV-1 IN,minmax,3,0.5540885860306644,0.5,False,D,HIV-1 IN x PC
qda,PC,HIV-1 IN,minmax,3,0.5540885860306644,0.5,True,D,HIV-1 IN x PC
qda,PC,HIV-1 IN,minmax,3,0.5562180579216355,0.75,False,D,HIV-1 IN x PC
qda,PC,HIV-1 IN,minmax,3,0.5562180579216355,0.75,True,D,HIV-1 IN x PC
qda,PC,HIV-1 IN,minmax,3,0.5596252129471891,1.0,False,D,HIV-1 IN x PC
qda,PC,HIV-1 IN,minmax,3,0.5596252129471891,1.0,True,D,HIV-1 IN x PC
qda,PC,HIV-1 IN,minmax,4,0.7649063032367973,0.01,False,C,HIV-1 IN x PC
qda,PC,HIV-1 IN,minmax,4,0.7649063032367973,0.01,True,C,HIV-1 IN x PC
qda,PC,HIV-1 IN,minmax,4,0.553236797274276,0.1,False,D,HIV-1 IN x PC
qda,PC,HIV-1 IN,minmax,4,0.553236797274276,0.1,True,D,HIV-1 IN x PC
qda,PC,HIV-1 IN,minmax,4,0.5523850085178875,0.25,False,D,HIV-1 IN x PC
qda,PC,HIV-1 IN,minmax,4,0.5523850085178875,0.25,True,D,HIV-1 IN x PC
qda,PC,HIV-1 IN,minmax,4,0.5540885860306644,0.5,False,D,HIV-1 IN x PC
qda,PC,HIV-1 IN,minmax,4,0.5540885860306644,0.5,True,D,HIV-1 IN x PC
qda,PC,HIV-1 IN,minmax,4,0.5557921635434412,0.75,False,D,HIV-1 IN x PC
qda,PC,HIV-1 IN,minmax,4,0.5557921635434412,0.75,True,D,HIV-1 IN x PC
qda,PC,HIV-1 IN,minmax,4,0.557495741056218,1.0,False,D,HIV-1 IN x PC
qda,PC,HIV-1 IN,minmax,4,0.557495741056218,1.0,True,D,HIV-1 IN x PC
qda,ECFP4,HIV-1 IN,std,1,0.9484667802385008,0.01,False,A,HIV-1 IN x ECFP4
qda,ECFP4,HIV-1 IN,std,1,0.9484667802385008,0.01,True,A,HIV-1 IN x ECFP4
qda,ECFP4,HIV-1 IN,std,1,0.9382453151618398,0.1,False,A,HIV-1 IN x ECFP4
qda,ECFP4,HIV-1 IN,std,1,0.9382453151618398,0.1,True,A,HIV-1 IN x ECFP4
qda,ECFP4,HIV-1 IN,std,1,0.9284497444633732,0.25,False,A,HIV-1 IN x ECFP4
qda,ECFP4,HIV-1 IN,std,1,0.9284497444633732,0.25,True,A,HIV-1 IN x ECFP4
qda,ECFP4,HIV-1 IN,std,1,0.876916524701874,0.5,False,B,HIV-1 IN x ECFP4
qda,ECFP4,HIV-1 IN,std,1,0.876916524701874,0.5,True,B,HIV-1 IN x ECFP4
qda,ECFP4,HIV-1 IN,std,1,0.6805792163543442,0.75,False,D,HIV-1 IN x ECFP4
qda,ECFP4,HIV-1 IN,std,1,0.6805792163543442,0.75,True,D,HIV-1 IN x ECFP4
qda,ECFP4,HIV-1 IN,std,1,0.0813458262350936,1.0,False,D,HIV-1 IN x ECFP4
qda,ECFP4,HIV-1 IN,std,1,0.0813458262350936,1.0,True,D,HIV-1 IN x ECFP4
qda,ECFP4,HIV-1 IN,std,2,0.9352640545144804,0.01,False,A,HIV-1 IN x ECFP4
qda,ECFP4,HIV-1 IN,std,2,0.9352640545144804,0.01,True,A,HIV-1 IN x ECFP4
qda,ECFP4,HIV-1 IN,std,2,0.9352640545144804,0.1,False,A,HIV-1 IN x ECFP4
qda,ECFP4,HIV-1 IN,std,2,0.9352640545144804,0.1,True,A,HIV-1 IN x ECFP4
qda,ECFP4,HIV-1 IN,std,2,0.9280238500851788,0.25,False,A,HIV-1 IN x ECFP4
qda,ECFP4,HIV-1 IN,std,2,0.9280238500851788,0.25,True,A,HIV-1 IN x ECFP4
qda,ECFP4,HIV-1 IN,std,2,0.8820272572402045,0.5,False,B,HIV-1 IN x ECFP4
qda,ECFP4,HIV-1 IN,std,2,0.8820272572402045,0.5,True,B,HIV-1 IN x ECFP4
qda,ECFP4,HIV-1 IN,std,2,0.6848381601362862,0.75,False,D,HIV-1 IN x ECFP4
qda,ECFP4,HIV-1 IN,std,2,0.6848381601362862,0.75,True,D,HIV-1 IN x ECFP4
qda,ECFP4,HIV-1 IN,std,2,0.0702725724020442,1.0,False,D,HIV-1 IN x ECFP4
qda,ECFP4,HIV-1 IN,std,2,0.0702725724020442,1.0,True,D,HIV-1 IN x ECFP4
qda,ECFP4,HIV-1 IN,std,3,0.9471890971039182,0.01,False,A,HIV-1 IN x ECFP4
qda,ECFP4,HIV-1 IN,std,3,0.9471890971039182,0.01,True,A,HIV-1 IN x ECFP4
qda,ECFP4,HIV-1 IN,std,3,0.9437819420783644,0.1,False,A,HIV-1 IN x ECFP4
qda,ECFP4,HIV-1 IN,std,3,0.9437819420783644,0.1,True,A,HIV-1 IN x ECFP4
qda,ECFP4,HIV-1 IN,std,3,0.9327086882453152,0.25,False,A,HIV-1 IN x ECFP4
qda,ECFP4,HIV-1 IN,std,3,0.9327086882453152,0.25,True,A,HIV-1 IN x ECFP4
qda,ECFP4,HIV-1 IN,std,3,0.8735093696763203,0.5,False,B,HIV-1 IN x ECFP4
qda,ECFP4,HIV-1 IN,std,3,0.8735093696763203,0.5,True,B,HIV-1 IN x ECFP4
qda,ECFP4,HIV-1 IN,std,3,0.6852640545144804,0.75,False,D,HIV-1 IN x ECFP4
qda,ECFP4,HIV-1 IN,std,3,0.6852640545144804,0.75,True,D,HIV-1 IN x ECFP4
qda,ECFP4,HIV-1 IN,std,3,0.0787904599659284,1.0,False,D,HIV-1 IN x ECFP4
qda,ECFP4,HIV-1 IN,std,3,0.0787904599659284,1.0,True,D,HIV-1 IN x ECFP4
qda,ECFP4,HIV-1 IN,std,4,0.9327086882453152,0.01,False,A,HIV-1 IN x ECFP4
qda,ECFP4,HIV-1 IN,std,4,0.9327086882453152,0.01,True,A,HIV-1 IN x ECFP4
qda,ECFP4,HIV-1 IN,std,4,0.934412265758092,0.1,False,A,HIV-1 IN x ECFP4
qda,ECFP4,HIV-1 IN,std,4,0.934412265758092,0.1,True,A,HIV-1 IN x ECFP4
qda,ECFP4,HIV-1 IN,std,4,0.9275979557069848,0.25,False,A,HIV-1 IN x ECFP4
qda,ECFP4,HIV-1 IN,std,4,0.9275979557069848,0.25,True,A,HIV-1 IN x ECFP4
qda,ECFP4,HIV-1 IN,std,4,0.8743611584327087,0.5,False,B,HIV-1 IN x ECFP4
qda,ECFP4,HIV-1 IN,std,4,0.8743611584327087,0.5,True,B,HIV-1 IN x ECFP4
qda,ECFP4,HIV-1 IN,std,4,0.6916524701873935,0.75,False,D,HIV-1 IN x ECFP4
qda,ECFP4,HIV-1 IN,std,4,0.6916524701873935,0.75,True,D,HIV-1 IN x ECFP4
qda,ECFP4,HIV-1 IN,std,4,0.0813458262350936,1.0,False,D,HIV-1 IN x ECFP4
qda,ECFP4,HIV-1 IN,std,4,0.0813458262350936,1.0,True,D,HIV-1 IN x ECFP4
qda,ECFP4,HIV-1 IN,minmax,1,0.9148211243611584,0.01,False,A,HIV-1 IN x ECFP4
qda,ECFP4,HIV-1 IN,minmax,1,0.9148211243611584,0.01,True,A,HIV-1 IN x ECFP4
qda,ECFP4,HIV-1 IN,minmax,1,0.5783645655877342,0.1,False,D,HIV-1 IN x ECFP4
qda,ECFP4,HIV-1 IN,minmax,1,0.5783645655877342,0.1,True,D,HIV-1 IN x ECFP4
qda,ECFP4,HIV-1 IN,minmax,1,0.5715502555366269,0.25,False,D,HIV-1 IN x ECFP4
qda,ECFP4,HIV-1 IN,minmax,1,0.5715502555366269,0.25,True,D,HIV-1 IN x ECFP4
qda,ECFP4,HIV-1 IN,minmax,1,0.5689948892674617,0.5,False,D,HIV-1 IN x ECFP4
qda,ECFP4,HIV-1 IN,minmax,1,0.5689948892674617,0.5,True,D,HIV-1 IN x ECFP4
qda,ECFP4,HIV-1 IN,minmax,1,0.5583475298126065,0.75,False,D,HIV-1 IN x ECFP4
qda,ECFP4,HIV-1 IN,minmax,1,0.5583475298126065,0.75,True,D,HIV-1 IN x ECFP4
qda,ECFP4,HIV-1 IN,minmax,1,0.1993185689948892,1.0,False,D,HIV-1 IN x ECFP4
qda,ECFP4,HIV-1 IN,minmax,1,0.1993185689948892,1.0,True,D,HIV-1 IN x ECFP4
qda,ECFP4,HIV-1 IN,minmax,2,0.916098807495741,0.01,False,A,HIV-1 IN x ECFP4
qda,ECFP4,HIV-1 IN,minmax,2,0.916098807495741,0.01,True,A,HIV-1 IN x ECFP4
qda,ECFP4,HIV-1 IN,minmax,2,0.5792163543441227,0.1,False,D,HIV-1 IN x ECFP4
qda,ECFP4,HIV-1 IN,minmax,2,0.5792163543441227,0.1,True,D,HIV-1 IN x ECFP4
qda,ECFP4,HIV-1 IN,minmax,2,0.5715502555366269,0.25,False,D,HIV-1 IN x ECFP4
qda,ECFP4,HIV-1 IN,minmax,2,0.5715502555366269,0.25,True,D,HIV-1 IN x ECFP4
qda,ECFP4,HIV-1 IN,minmax,2,0.5664395229982965,0.5,False,D,HIV-1 IN x ECFP4
qda,ECFP4,HIV-1 IN,minmax,2,0.5664395229982965,0.5,True,D,HIV-1 IN x ECFP4
qda,ECFP4,HIV-1 IN,minmax,2,0.5557921635434412,0.75,False,D,HIV-1 IN x ECFP4
qda,ECFP4,HIV-1 IN,minmax,2,0.5557921635434412,0.75,True,D,HIV-1 IN x ECFP4
qda,ECFP4,HIV-1 IN,minmax,2,0.2048551959114139,1.0,False,D,HIV-1 IN x ECFP4
qda,ECFP4,HIV-1 IN,minmax,2,0.2048551959114139,1.0,True,D,HIV-1 IN x ECFP4
qda,ECFP4,HIV-1 IN,minmax,3,0.9212095400340716,0.01,False,A,HIV-1 IN x ECFP4
qda,ECFP4,HIV-1 IN,minmax,3,0.9212095400340716,0.01,True,A,HIV-1 IN x ECFP4
qda,ECFP4,HIV-1 IN,minmax,3,0.5826235093696763,0.1,False,D,HIV-1 IN x ECFP4
qda,ECFP4,HIV-1 IN,minmax,3,0.5826235093696763,0.1,True,D,HIV-1 IN x ECFP4
qda,ECFP4,HIV-1 IN,minmax,3,0.5715502555366269,0.25,False,D,HIV-1 IN x ECFP4
qda,ECFP4,HIV-1 IN,minmax,3,0.5715502555366269,0.25,True,D,HIV-1 IN x ECFP4
qda,ECFP4,HIV-1 IN,minmax,3,0.567717206132879,0.5,False,D,HIV-1 IN x ECFP4
qda,ECFP4,HIV-1 IN,minmax,3,0.567717206132879,0.5,True,D,HIV-1 IN x ECFP4
qda,ECFP4,HIV-1 IN,minmax,3,0.5591993185689949,0.75,False,D,HIV-1 IN x ECFP4
qda,ECFP4,HIV-1 IN,minmax,3,0.5591993185689949,0.75,True,D,HIV-1 IN x ECFP4
qda,ECFP4,HIV-1 IN,minmax,3,0.2231686541737649,1.0,False,D,HIV-1 IN x ECFP4
qda,ECFP4,HIV-1 IN,minmax,3,0.2231686541737649,1.0,True,D,HIV-1 IN x ECFP4
qda,ECFP4,HIV-1 IN,minmax,4,0.9131175468483816,0.01,False,A,HIV-1 IN x ECFP4
qda,ECFP4,HIV-1 IN,minmax,4,0.9131175468483816,0.01,True,A,HIV-1 IN x ECFP4
qda,ECFP4,HIV-1 IN,minmax,4,0.5813458262350937,0.1,False,D,HIV-1 IN x ECFP4
qda,ECFP4,HIV-1 IN,minmax,4,0.5813458262350937,0.1,True,D,HIV-1 IN x ECFP4
qda,ECFP4,HIV-1 IN,minmax,4,0.5715502555366269,0.25,False,D,HIV-1 IN x ECFP4
qda,ECFP4,HIV-1 IN,minmax,4,0.5715502555366269,0.25,True,D,HIV-1 IN x ECFP4
qda,ECFP4,HIV-1 IN,minmax,4,0.5672913117546848,0.5,False,D,HIV-1 IN x ECFP4
qda,ECFP4,HIV-1 IN,minmax,4,0.5672913117546848,0.5,True,D,HIV-1 IN x ECFP4
qda,ECFP4,HIV-1 IN,minmax,4,0.5549403747870528,0.75,False,D,HIV-1 IN x ECFP4
qda,ECFP4,HIV-1 IN,minmax,4,0.5549403747870528,0.75,True,D,HIV-1 IN x ECFP4
qda,ECFP4,HIV-1 IN,minmax,4,0.2116695059625213,1.0,False,D,HIV-1 IN x ECFP4
qda,ECFP4,HIV-1 IN,minmax,4,0.2116695059625213,1.0,True,D,HIV-1 IN x ECFP4
qda,MIX,HIV-1 IN,std,1,0.9352640545144804,0.01,False,A,HIV-1 IN x MIX
qda,MIX,HIV-1 IN,std,1,0.9352640545144804,0.01,True,A,HIV-1 IN x MIX
qda,MIX,HIV-1 IN,std,1,0.9339863713798978,0.1,False,A,HIV-1 IN x MIX
qda,MIX,HIV-1 IN,std,1,0.9339863713798978,0.1,True,A,HIV-1 IN x MIX
qda,MIX,HIV-1 IN,std,1,0.9258943781942078,0.25,False,A,HIV-1 IN x MIX
qda,MIX,HIV-1 IN,std,1,0.9258943781942078,0.25,True,A,HIV-1 IN x MIX
qda,MIX,HIV-1 IN,std,1,0.8739352640545145,0.5,False,B,HIV-1 IN x MIX
qda,MIX,HIV-1 IN,std,1,0.8739352640545145,0.5,True,B,HIV-1 IN x MIX
qda,MIX,HIV-1 IN,std,1,0.6622657580919932,0.75,False,D,HIV-1 IN x MIX
qda,MIX,HIV-1 IN,std,1,0.6622657580919932,0.75,True,D,HIV-1 IN x MIX
qda,MIX,HIV-1 IN,std,1,0.0787904599659284,1.0,False,D,HIV-1 IN x MIX
qda,MIX,HIV-1 IN,std,1,0.0787904599659284,1.0,True,D,HIV-1 IN x MIX
qda,MIX,HIV-1 IN,std,2,0.9275979557069848,0.01,False,A,HIV-1 IN x MIX
qda,MIX,HIV-1 IN,std,2,0.9275979557069848,0.01,True,A,HIV-1 IN x MIX
qda,MIX,HIV-1 IN,std,2,0.9275979557069848,0.1,False,A,HIV-1 IN x MIX
qda,MIX,HIV-1 IN,std,2,0.9275979557069848,0.1,True,A,HIV-1 IN x MIX
qda,MIX,HIV-1 IN,std,2,0.9173764906303236,0.25,False,A,HIV-1 IN x MIX
qda,MIX,HIV-1 IN,std,2,0.9173764906303236,0.25,True,A,HIV-1 IN x MIX
qda,MIX,HIV-1 IN,std,2,0.8590289608177172,0.5,False,B,HIV-1 IN x MIX
qda,MIX,HIV-1 IN,std,2,0.8590289608177172,0.5,True,B,HIV-1 IN x MIX
qda,MIX,HIV-1 IN,std,2,0.6690800681431005,0.75,False,D,HIV-1 IN x MIX
qda,MIX,HIV-1 IN,std,2,0.6690800681431005,0.75,True,D,HIV-1 IN x MIX
qda,MIX,HIV-1 IN,std,2,0.0817717206132879,1.0,False,D,HIV-1 IN x MIX
qda,MIX,HIV-1 IN,std,2,0.0817717206132879,1.0,True,D,HIV-1 IN x MIX
qda,MIX,HIV-1 IN,std,3,0.9305792163543442,0.01,False,A,HIV-1 IN x MIX
qda,MIX,HIV-1 IN,std,3,0.9305792163543442,0.01,True,A,HIV-1 IN x MIX
qda,MIX,HIV-1 IN,std,3,0.9373935264054516,0.1,False,A,HIV-1 IN x MIX
qda,MIX,HIV-1 IN,std,3,0.9373935264054516,0.1,True,A,HIV-1 IN x MIX
qda,MIX,HIV-1 IN,std,3,0.9250425894378196,0.25,False,A,HIV-1 IN x MIX
qda,MIX,HIV-1 IN,std,3,0.9250425894378196,0.25,True,A,HIV-1 IN x MIX
qda,MIX,HIV-1 IN,std,3,0.8683986371379898,0.5,False,B,HIV-1 IN x MIX
qda,MIX,HIV-1 IN,std,3,0.8683986371379898,0.5,True,B,HIV-1 IN x MIX
qda,MIX,HIV-1 IN,std,3,0.6550255536626917,0.75,False,D,HIV-1 IN x MIX
qda,MIX,HIV-1 IN,std,3,0.6550255536626917,0.75,True,D,HIV-1 IN x MIX
qda,MIX,HIV-1 IN,std,3,0.07793867120954,1.0,False,D,HIV-1 IN x MIX
qda,MIX,HIV-1 IN,std,3,0.07793867120954,1.0,True,D,HIV-1 IN x MIX
qda,MIX,HIV-1 IN,std,4,0.9442078364565588,0.01,False,A,HIV-1 IN x MIX
qda,MIX,HIV-1 IN,std,4,0.9442078364565588,0.01,True,A,HIV-1 IN x MIX
qda,MIX,HIV-1 IN,std,4,0.9369676320272572,0.1,False,A,HIV-1 IN x MIX
qda,MIX,HIV-1 IN,std,4,0.9369676320272572,0.1,True,A,HIV-1 IN x MIX
qda,MIX,HIV-1 IN,std,4,0.9275979557069848,0.25,False,A,HIV-1 IN x MIX
qda,MIX,HIV-1 IN,std,4,0.9275979557069848,0.25,True,A,HIV-1 IN x MIX
qda,MIX,HIV-1 IN,std,4,0.860732538330494,0.5,False,B,HIV-1 IN x MIX
qda,MIX,HIV-1 IN,std,4,0.860732538330494,0.5,True,B,HIV-1 IN x MIX
qda,MIX,HIV-1 IN,std,4,0.6609880749574105,0.75,False,D,HIV-1 IN x MIX
qda,MIX,HIV-1 IN,std,4,0.6609880749574105,0.75,True,D,HIV-1 IN x MIX
qda,MIX,HIV-1 IN,std,4,0.0830494037478705,1.0,False,D,HIV-1 IN x MIX
qda,MIX,HIV-1 IN,std,4,0.0830494037478705,1.0,True,D,HIV-1 IN x MIX
qda,MIX,HIV-1 IN,minmax,1,0.8952299829642248,0.01,False,B,HIV-1 IN x MIX
qda,MIX,HIV-1 IN,minmax,1,0.8952299829642248,0.01,True,B,HIV-1 IN x MIX
qda,MIX,HIV-1 IN,minmax,1,0.5775127768313458,0.1,False,D,HIV-1 IN x MIX
qda,MIX,HIV-1 IN,minmax,1,0.5775127768313458,0.1,True,D,HIV-1 IN x MIX
qda,MIX,HIV-1 IN,minmax,1,0.5711243611584327,0.25,False,D,HIV-1 IN x MIX
qda,MIX,HIV-1 IN,minmax,1,0.5711243611584327,0.25,True,D,HIV-1 IN x MIX
qda,MIX,HIV-1 IN,minmax,1,0.5689948892674617,0.5,False,D,HIV-1 IN x MIX
qda,MIX,HIV-1 IN,minmax,1,0.5689948892674617,0.5,True,D,HIV-1 IN x MIX
qda,MIX,HIV-1 IN,minmax,1,0.5566439522998297,0.75,False,D,HIV-1 IN x MIX
qda,MIX,HIV-1 IN,minmax,1,0.5566439522998297,0.75,True,D,HIV-1 IN x MIX
qda,MIX,HIV-1 IN,minmax,1,0.2022998296422487,1.0,False,D,HIV-1 IN x MIX
qda,MIX,HIV-1 IN,minmax,1,0.2022998296422487,1.0,True,D,HIV-1 IN x MIX
qda,MIX,HIV-1 IN,minmax,2,0.9033219761499148,0.01,False,A,HIV-1 IN x MIX
qda,MIX,HIV-1 IN,minmax,2,0.9033219761499148,0.01,True,A,HIV-1 IN x MIX
qda,MIX,HIV-1 IN,minmax,2,0.5749574105621805,0.1,False,D,HIV-1 IN x MIX
qda,MIX,HIV-1 IN,minmax,2,0.5749574105621805,0.1,True,D,HIV-1 IN x MIX
qda,MIX,HIV-1 IN,minmax,2,0.5711243611584327,0.25,False,D,HIV-1 IN x MIX
qda,MIX,HIV-1 IN,minmax,2,0.5711243611584327,0.25,True,D,HIV-1 IN x MIX
qda,MIX,HIV-1 IN,minmax,2,0.565587734241908,0.5,False,D,HIV-1 IN x MIX
qda,MIX,HIV-1 IN,minmax,2,0.565587734241908,0.5,True,D,HIV-1 IN x MIX
qda,MIX,HIV-1 IN,minmax,2,0.5528109028960818,0.75,False,D,HIV-1 IN x MIX
qda,MIX,HIV-1 IN,minmax,2,0.5528109028960818,0.75,True,D,HIV-1 IN x MIX
qda,MIX,HIV-1 IN,minmax,2,0.2086882453151618,1.0,False,D,HIV-1 IN x MIX
qda,MIX,HIV-1 IN,minmax,2,0.2086882453151618,1.0,True,D,HIV-1 IN x MIX
qda,MIX,HIV-1 IN,minmax,3,0.9067291311754684,0.01,False,A,HIV-1 IN x MIX
qda,MIX,HIV-1 IN,minmax,3,0.9067291311754684,0.01,True,A,HIV-1 IN x MIX
qda,MIX,HIV-1 IN,minmax,3,0.5749574105621805,0.1,False,D,HIV-1 IN x MIX
qda,MIX,HIV-1 IN,minmax,3,0.5749574105621805,0.1,True,D,HIV-1 IN x MIX
qda,MIX,HIV-1 IN,minmax,3,0.5715502555366269,0.25,False,D,HIV-1 IN x MIX
qda,MIX,HIV-1 IN,minmax,3,0.5715502555366269,0.25,True,D,HIV-1 IN x MIX
qda,MIX,HIV-1 IN,minmax,3,0.5689948892674617,0.5,False,D,HIV-1 IN x MIX
qda,MIX,HIV-1 IN,minmax,3,0.5689948892674617,0.5,True,D,HIV-1 IN x MIX
qda,MIX,HIV-1 IN,minmax,3,0.5617546848381602,0.75,False,D,HIV-1 IN x MIX
qda,MIX,HIV-1 IN,minmax,3,0.5617546848381602,0.75,True,D,HIV-1 IN x MIX
qda,MIX,HIV-1 IN,minmax,3,0.2031516183986371,1.0,False,D,HIV-1 IN x MIX
qda,MIX,HIV-1 IN,minmax,3,0.2031516183986371,1.0,True,D,HIV-1 IN x MIX
qda,MIX,HIV-1 IN,minmax,4,0.9071550255536628,0.01,False,A,HIV-1 IN x MIX
qda,MIX,HIV-1 IN,minmax,4,0.9071550255536628,0.01,True,A,HIV-1 IN x MIX
qda,MIX,HIV-1 IN,minmax,4,0.5741056218057922,0.1,False,D,HIV-1 IN x MIX
qda,MIX,HIV-1 IN,minmax,4,0.5741056218057922,0.1,True,D,HIV-1 IN x MIX
qda,MIX,HIV-1 IN,minmax,4,0.5711243611584327,0.25,False,D,HIV-1 IN x MIX
qda,MIX,HIV-1 IN,minmax,4,0.5711243611584327,0.25,True,D,HIV-1 IN x MIX
qda,MIX,HIV-1 IN,minmax,4,0.5685689948892675,0.5,False,D,HIV-1 IN x MIX
qda,MIX,HIV-1 IN,minmax,4,0.5685689948892675,0.5,True,D,HIV-1 IN x MIX
qda,MIX,HIV-1 IN,minmax,4,0.5557921635434412,0.75,False,D,HIV-1 IN x MIX
qda,MIX,HIV-1 IN,minmax,4,0.5557921635434412,0.75,True,D,HIV-1 IN x MIX
qda,MIX,HIV-1 IN,minmax,4,0.194633730834753,1.0,False,D,HIV-1 IN x MIX
qda,MIX,HIV-1 IN,minmax,4,0.194633730834753,1.0,True,D,HIV-1 IN x MIX
qda,PC,HIV-1 PR,std,1,0.9487675205413244,0.01,False,A,HIV-1 PR x PC
qda,PC,HIV-1 PR,std,1,0.9487675205413244,0.01,True,A,HIV-1 PR x PC
qda,PC,HIV-1 PR,std,1,0.945867568873852,0.1,False,A,HIV-1 PR x PC
qda,PC,HIV-1 PR,std,1,0.945867568873852,0.1,True,A,HIV-1 PR x PC
qda,PC,HIV-1 PR,std,1,0.9420009666505558,0.25,False,A,HIV-1 PR x PC
qda,PC,HIV-1 PR,std,1,0.9420009666505558,0.25,True,A,HIV-1 PR x PC
qda,PC,HIV-1 PR,std,1,0.9386176897051716,0.5,False,A,HIV-1 PR x PC
qda,PC,HIV-1 PR,std,1,0.9386176897051716,0.5,True,A,HIV-1 PR x PC
qda,PC,HIV-1 PR,std,1,0.9337844369260512,0.75,False,A,HIV-1 PR x PC
qda,PC,HIV-1 PR,std,1,0.9337844369260512,0.75,True,A,HIV-1 PR x PC
qda,PC,HIV-1 PR,std,1,0.7878202029966167,1.0,False,C,HIV-1 PR x PC
qda,PC,HIV-1 PR,std,1,0.7878202029966167,1.0,True,C,HIV-1 PR x PC
qda,PC,HIV-1 PR,std,2,0.9468342194296762,0.01,False,A,HIV-1 PR x PC
qda,PC,HIV-1 PR,std,2,0.9468342194296762,0.01,True,A,HIV-1 PR x PC
qda,PC,HIV-1 PR,std,2,0.94538424359594,0.1,False,A,HIV-1 PR x PC
qda,PC,HIV-1 PR,std,2,0.94538424359594,0.1,True,A,HIV-1 PR x PC
qda,PC,HIV-1 PR,std,2,0.944900918318028,0.25,False,A,HIV-1 PR x PC
qda,PC,HIV-1 PR,std,2,0.944900918318028,0.25,True,A,HIV-1 PR x PC
qda,PC,HIV-1 PR,std,2,0.9400676655389076,0.5,False,A,HIV-1 PR x PC
qda,PC,HIV-1 PR,std,2,0.9400676655389076,0.5,True,A,HIV-1 PR x PC
qda,PC,HIV-1 PR,std,2,0.9400676655389076,0.75,False,A,HIV-1 PR x PC
qda,PC,HIV-1 PR,std,2,0.9400676655389076,0.75,True,A,HIV-1 PR x PC
qda,PC,HIV-1 PR,std,2,0.7810536491058483,1.0,False,C,HIV-1 PR x PC
qda,PC,HIV-1 PR,std,2,0.7810536491058483,1.0,True,C,HIV-1 PR x PC
qda,PC,HIV-1 PR,std,3,0.9502174963750604,0.01,False,A,HIV-1 PR x PC
qda,PC,HIV-1 PR,std,3,0.9502174963750604,0.01,True,A,HIV-1 PR x PC
qda,PC,HIV-1 PR,std,3,0.944417593040116,0.1,False,A,HIV-1 PR x PC
qda,PC,HIV-1 PR,std,3,0.944417593040116,0.1,True,A,HIV-1 PR x PC
qda,PC,HIV-1 PR,std,3,0.9400676655389076,0.25,False,A,HIV-1 PR x PC
qda,PC,HIV-1 PR,std,3,0.9400676655389076,0.25,True,A,HIV-1 PR x PC
qda,PC,HIV-1 PR,std,3,0.9381343644272596,0.5,False,A,HIV-1 PR x PC
qda,PC,HIV-1 PR,std,3,0.9381343644272596,0.5,True,A,HIV-1 PR x PC
qda,PC,HIV-1 PR,std,3,0.9265345577573708,0.75,False,A,HIV-1 PR x PC
qda,PC,HIV-1 PR,std,3,0.9265345577573708,0.75,True,A,HIV-1 PR x PC
qda,PC,HIV-1 PR,std,3,0.8864185596906718,1.0,False,B,HIV-1 PR x PC
qda,PC,HIV-1 PR,std,3,0.8864185596906718,1.0,True,B,HIV-1 PR x PC
qda,PC,HIV-1 PR,std,4,0.9492508458192364,0.01,False,A,HIV-1 PR x PC
qda,PC,HIV-1 PR,std,4,0.9492508458192364,0.01,True,A,HIV-1 PR x PC
qda,PC,HIV-1 PR,std,4,0.944900918318028,0.1,False,A,HIV-1 PR x PC
qda,PC,HIV-1 PR,std,4,0.944900918318028,0.1,True,A,HIV-1 PR x PC
qda,PC,HIV-1 PR,std,4,0.9405509908168196,0.25,False,A,HIV-1 PR x PC
qda,PC,HIV-1 PR,std,4,0.9405509908168196,0.25,True,A,HIV-1 PR x PC
qda,PC,HIV-1 PR,std,4,0.9420009666505558,0.5,False,A,HIV-1 PR x PC
qda,PC,HIV-1 PR,std,4,0.9420009666505558,0.5,True,A,HIV-1 PR x PC
qda,PC,HIV-1 PR,std,4,0.9424842919284678,0.75,False,A,HIV-1 PR x PC
qda,PC,HIV-1 PR,std,4,0.9424842919284678,0.75,True,A,HIV-1 PR x PC
qda,PC,HIV-1 PR,std,4,0.8182696955050749,1.0,False,B,HIV-1 PR x PC
qda,PC,HIV-1 PR,std,4,0.8182696955050749,1.0,True,B,HIV-1 PR x PC
qda,PC,HIV-1 PR,minmax,1,0.9313678105364912,0.01,False,A,HIV-1 PR x PC
qda,PC,HIV-1 PR,minmax,1,0.9313678105364912,0.01,True,A,HIV-1 PR x PC
qda,PC,HIV-1 PR,minmax,1,0.9275012083131948,0.1,False,A,HIV-1 PR x PC
qda,PC,HIV-1 PR,minmax,1,0.9275012083131948,0.1,True,A,HIV-1 PR x PC
qda,PC,HIV-1 PR,minmax,1,0.9275012083131948,0.25,False,A,HIV-1 PR x PC
qda,PC,HIV-1 PR,minmax,1,0.9275012083131948,0.25,True,A,HIV-1 PR x PC
qda,PC,HIV-1 PR,minmax,1,0.9275012083131948,0.5,False,A,HIV-1 PR x PC
qda,PC,HIV-1 PR,minmax,1,0.9275012083131948,0.5,True,A,HIV-1 PR x PC
qda,PC,HIV-1 PR,minmax,1,0.9275012083131948,0.75,False,A,HIV-1 PR x PC
qda,PC,HIV-1 PR,minmax,1,0.9275012083131948,0.75,True,A,HIV-1 PR x PC
qda,PC,HIV-1 PR,minmax,1,0.9275012083131948,1.0,False,A,HIV-1 PR x PC
qda,PC,HIV-1 PR,minmax,1,0.9275012083131948,1.0,True,A,HIV-1 PR x PC
qda,PC,HIV-1 PR,minmax,2,0.930401159980667,0.01,False,A,HIV-1 PR x PC
qda,PC,HIV-1 PR,minmax,2,0.930401159980667,0.01,True,A,HIV-1 PR x PC
qda,PC,HIV-1 PR,minmax,2,0.9275012083131948,0.1,False,A,HIV-1 PR x PC
qda,PC,HIV-1 PR,minmax,2,0.9275012083131948,0.1,True,A,HIV-1 PR x PC
qda,PC,HIV-1 PR,minmax,2,0.9275012083131948,0.25,False,A,HIV-1 PR x PC
qda,PC,HIV-1 PR,minmax,2,0.9275012083131948,0.25,True,A,HIV-1 PR x PC
qda,PC,HIV-1 PR,minmax,2,0.9275012083131948,0.5,False,A,HIV-1 PR x PC
qda,PC,HIV-1 PR,minmax,2,0.9275012083131948,0.5,True,A,HIV-1 PR x PC
qda,PC,HIV-1 PR,minmax,2,0.9275012083131948,0.75,False,A,HIV-1 PR x PC
qda,PC,HIV-1 PR,minmax,2,0.9275012083131948,0.75,True,A,HIV-1 PR x PC
qda,PC,HIV-1 PR,minmax,2,0.9275012083131948,1.0,False,A,HIV-1 PR x PC
qda,PC,HIV-1 PR,minmax,2,0.9275012083131948,1.0,True,A,HIV-1 PR x PC
qda,PC,HIV-1 PR,minmax,3,0.9313678105364912,0.01,False,A,HIV-1 PR x PC
qda,PC,HIV-1 PR,minmax,3,0.9313678105364912,0.01,True,A,HIV-1 PR x PC
qda,PC,HIV-1 PR,minmax,3,0.9275012083131948,0.1,False,A,HIV-1 PR x PC
qda,PC,HIV-1 PR,minmax,3,0.9275012083131948,0.1,True,A,HIV-1 PR x PC
qda,PC,HIV-1 PR,minmax,3,0.9275012083131948,0.25,False,A,HIV-1 PR x PC
qda,PC,HIV-1 PR,minmax,3,0.9275012083131948,0.25,True,A,HIV-1 PR x PC
qda,PC,HIV-1 PR,minmax,3,0.9275012083131948,0.5,False,A,HIV-1 PR x PC
qda,PC,HIV-1 PR,minmax,3,0.9275012083131948,0.5,True,A,HIV-1 PR x PC
qda,PC,HIV-1 PR,minmax,3,0.9275012083131948,0.75,False,A,HIV-1 PR x PC
qda,PC,HIV-1 PR,minmax,3,0.9275012083131948,0.75,True,A,HIV-1 PR x PC
qda,PC,HIV-1 PR,minmax,3,0.9275012083131948,1.0,False,A,HIV-1 PR x PC
qda,PC,HIV-1 PR,minmax,3,0.9275012083131948,1.0,True,A,HIV-1 PR x PC
qda,PC,HIV-1 PR,minmax,4,0.930884485258579,0.01,False,A,HIV-1 PR x PC
qda,PC,HIV-1 PR,minmax,4,0.930884485258579,0.01,True,A,HIV-1 PR x PC
qda,PC,HIV-1 PR,minmax,4,0.9275012083131948,0.1,False,A,HIV-1 PR x PC
qda,PC,HIV-1 PR,minmax,4,0.9275012083131948,0.1,True,A,HIV-1 PR x PC
qda,PC,HIV-1 PR,minmax,4,0.9275012083131948,0.25,False,A,HIV-1 PR x PC
qda,PC,HIV-1 PR,minmax,4,0.9275012083131948,0.25,True,A,HIV-1 PR x PC
qda,PC,HIV-1 PR,minmax,4,0.9275012083131948,0.5,False,A,HIV-1 PR x PC
qda,PC,HIV-1 PR,minmax,4,0.9275012083131948,0.5,True,A,HIV-1 PR x PC
qda,PC,HIV-1 PR,minmax,4,0.9275012083131948,0.75,False,A,HIV-1 PR x PC
qda,PC,HIV-1 PR,minmax,4,0.9275012083131948,0.75,True,A,HIV-1 PR x PC
qda,PC,HIV-1 PR,minmax,4,0.9275012083131948,1.0,False,A,HIV-1 PR x PC
qda,PC,HIV-1 PR,minmax,4,0.9275012083131948,1.0,True,A,HIV-1 PR x PC
qda,ECFP4,HIV-1 PR,std,1,0.7597873368777187,0.01,False,C,HIV-1 PR x ECFP4
qda,ECFP4,HIV-1 PR,std,1,0.7597873368777187,0.01,True,C,HIV-1 PR x ECFP4
qda,ECFP4,HIV-1 PR,std,1,0.8318028032866119,0.1,False,B,HIV-1 PR x ECFP4
qda,ECFP4,HIV-1 PR,std,1,0.8318028032866119,0.1,True,B,HIV-1 PR x ECFP4
qda,ECFP4,HIV-1 PR,std,1,0.819236346060899,0.25,False,B,HIV-1 PR x ECFP4
qda,ECFP4,HIV-1 PR,std,1,0.819236346060899,0.25,True,B,HIV-1 PR x ECFP4
qda,ECFP4,HIV-1 PR,std,1,0.4204929917834702,0.5,False,D,HIV-1 PR x ECFP4
qda,ECFP4,HIV-1 PR,std,1,0.4204929917834702,0.5,True,D,HIV-1 PR x ECFP4
qda,ECFP4,HIV-1 PR,std,1,0.0903818269695505,0.75,False,D,HIV-1 PR x ECFP4
qda,ECFP4,HIV-1 PR,std,1,0.0903818269695505,0.75,True,D,HIV-1 PR x ECFP4
qda,ECFP4,HIV-1 PR,std,1,0.0681488641855969,1.0,False,D,HIV-1 PR x ECFP4
qda,ECFP4,HIV-1 PR,std,1,0.0681488641855969,1.0,True,D,HIV-1 PR x ECFP4
qda,ECFP4,HIV-1 PR,std,2,0.7670372160463992,0.01,False,C,HIV-1 PR x ECFP4
qda,ECFP4,HIV-1 PR,std,2,0.7670372160463992,0.01,True,C,HIV-1 PR x ECFP4
qda,ECFP4,HIV-1 PR,std,2,0.8405026582890285,0.1,False,B,HIV-1 PR x ECFP4
qda,ECFP4,HIV-1 PR,std,2,0.8405026582890285,0.1,True,B,HIV-1 PR x ECFP4
qda,ECFP4,HIV-1 PR,std,2,0.8260028999516674,0.25,False,B,HIV-1 PR x ECFP4
qda,ECFP4,HIV-1 PR,std,2,0.8260028999516674,0.25,True,B,HIV-1 PR x ECFP4
qda,ECFP4,HIV-1 PR,std,2,0.4122764620589657,0.5,False,D,HIV-1 PR x ECFP4
qda,ECFP4,HIV-1 PR,std,2,0.4122764620589657,0.5,True,D,HIV-1 PR x ECFP4
qda,ECFP4,HIV-1 PR,std,2,0.1010149830836152,0.75,False,D,HIV-1 PR x ECFP4
qda,ECFP4,HIV-1 PR,std,2,0.1010149830836152,0.75,True,D,HIV-1 PR x ECFP4
qda,ECFP4,HIV-1 PR,std,2,0.0662155630739487,1.0,False,D,HIV-1 PR x ECFP4
qda,ECFP4,HIV-1 PR,std,2,0.0662155630739487,1.0,True,D,HIV-1 PR x ECFP4
qda,ECFP4,HIV-1 PR,std,3,0.7709038182696955,0.01,False,C,HIV-1 PR x ECFP4
qda,ECFP4,HIV-1 PR,std,3,0.7709038182696955,0.01,True,C,HIV-1 PR x ECFP4
qda,ECFP4,HIV-1 PR,std,3,0.8289028516191397,0.1,False,B,HIV-1 PR x ECFP4
qda,ECFP4,HIV-1 PR,std,3,0.8289028516191397,0.1,True,B,HIV-1 PR x ECFP4
qda,ECFP4,HIV-1 PR,std,3,0.8124697921701305,0.25,False,B,HIV-1 PR x ECFP4
qda,ECFP4,HIV-1 PR,std,3,0.8124697921701305,0.25,True,B,HIV-1 PR x ECFP4
qda,ECFP4,HIV-1 PR,std,3,0.4204929917834702,0.5,False,D,HIV-1 PR x ECFP4
qda,ECFP4,HIV-1 PR,std,3,0.4204929917834702,0.5,True,D,HIV-1 PR x ECFP4
qda,ECFP4,HIV-1 PR,std,3,0.1019816336394393,0.75,False,D,HIV-1 PR x ECFP4
qda,ECFP4,HIV-1 PR,std,3,0.1019816336394393,0.75,True,D,HIV-1 PR x ECFP4
qda,ECFP4,HIV-1 PR,std,3,0.0681488641855969,1.0,False,D,HIV-1 PR x ECFP4
qda,ECFP4,HIV-1 PR,std,3,0.0681488641855969,1.0,True,D,HIV-1 PR x ECFP4
qda,ECFP4,HIV-1 PR,std,4,0.7815369743837602,0.01,False,C,HIV-1 PR x ECFP4
qda,ECFP4,HIV-1 PR,std,4,0.7815369743837602,0.01,True,C,HIV-1 PR x ECFP4
qda,ECFP4,HIV-1 PR,std,4,0.8400193330111165,0.1,False,B,HIV-1 PR x ECFP4
qda,ECFP4,HIV-1 PR,std,4,0.8400193330111165,0.1,True,B,HIV-1 PR x ECFP4
qda,ECFP4,HIV-1 PR,std,4,0.8177863702271628,0.25,False,B,HIV-1 PR x ECFP4
qda,ECFP4,HIV-1 PR,std,4,0.8177863702271628,0.25,True,B,HIV-1 PR x ECFP4
qda,ECFP4,HIV-1 PR,std,4,0.4146930884485258,0.5,False,D,HIV-1 PR x ECFP4
qda,ECFP4,HIV-1 PR,std,4,0.4146930884485258,0.5,True,D,HIV-1 PR x ECFP4
qda,ECFP4,HIV-1 PR,std,4,0.1029482841952634,0.75,False,D,HIV-1 PR x ECFP4
qda,ECFP4,HIV-1 PR,std,4,0.1029482841952634,0.75,True,D,HIV-1 PR x ECFP4
qda,ECFP4,HIV-1 PR,std,4,0.0671822136297728,1.0,False,D,HIV-1 PR x ECFP4
qda,ECFP4,HIV-1 PR,std,4,0.0671822136297728,1.0,True,D,HIV-1 PR x ECFP4
qda,ECFP4,HIV-1 PR,minmax,1,0.9366843885935234,0.01,False,A,HIV-1 PR x ECFP4
qda,ECFP4,HIV-1 PR,minmax,1,0.9366843885935234,0.01,True,A,HIV-1 PR x ECFP4
qda,ECFP4,HIV-1 PR,minmax,1,0.9275012083131948,0.1,False,A,HIV-1 PR x ECFP4
qda,ECFP4,HIV-1 PR,minmax,1,0.9275012083131948,0.1,True,A,HIV-1 PR x ECFP4
qda,ECFP4,HIV-1 PR,minmax,1,0.9275012083131948,0.25,False,A,HIV-1 PR x ECFP4
qda,ECFP4,HIV-1 PR,minmax,1,0.9275012083131948,0.25,True,A,HIV-1 PR x ECFP4
qda,ECFP4,HIV-1 PR,minmax,1,0.9275012083131948,0.5,False,A,HIV-1 PR x ECFP4
qda,ECFP4,HIV-1 PR,minmax,1,0.9275012083131948,0.5,True,A,HIV-1 PR x ECFP4
qda,ECFP4,HIV-1 PR,minmax,1,0.9275012083131948,0.75,False,A,HIV-1 PR x ECFP4
qda,ECFP4,HIV-1 PR,minmax,1,0.9275012083131948,0.75,True,A,HIV-1 PR x ECFP4
qda,ECFP4,HIV-1 PR,minmax,1,0.0589656839052682,1.0,False,D,HIV-1 PR x ECFP4
qda,ECFP4,HIV-1 PR,minmax,1,0.0589656839052682,1.0,True,D,HIV-1 PR x ECFP4
qda,ECFP4,HIV-1 PR,minmax,2,0.9366843885935234,0.01,False,A,HIV-1 PR x ECFP4
qda,ECFP4,HIV-1 PR,minmax,2,0.9366843885935234,0.01,True,A,HIV-1 PR x ECFP4
qda,ECFP4,HIV-1 PR,minmax,2,0.9275012083131948,0.1,False,A,HIV-1 PR x ECFP4
qda,ECFP4,HIV-1 PR,minmax,2,0.9275012083131948,0.1,True,A,HIV-1 PR x ECFP4
qda,ECFP4,HIV-1 PR,minmax,2,0.9275012083131948,0.25,False,A,HIV-1 PR x ECFP4
qda,ECFP4,HIV-1 PR,minmax,2,0.9275012083131948,0.25,True,A,HIV-1 PR x ECFP4
qda,ECFP4,HIV-1 PR,minmax,2,0.9275012083131948,0.5,False,A,HIV-1 PR x ECFP4
qda,ECFP4,HIV-1 PR,minmax,2,0.9275012083131948,0.5,True,A,HIV-1 PR x ECFP4
qda,ECFP4,HIV-1 PR,minmax,2,0.9275012083131948,0.75,False,A,HIV-1 PR x ECFP4
qda,ECFP4,HIV-1 PR,minmax,2,0.9275012083131948,0.75,True,A,HIV-1 PR x ECFP4
qda,ECFP4,HIV-1 PR,minmax,2,0.0599323344610923,1.0,False,D,HIV-1 PR x ECFP4
qda,ECFP4,HIV-1 PR,minmax,2,0.0599323344610923,1.0,True,D,HIV-1 PR x ECFP4
qda,ECFP4,HIV-1 PR,minmax,3,0.9371677138714356,0.01,False,A,HIV-1 PR x ECFP4
qda,ECFP4,HIV-1 PR,minmax,3,0.9371677138714356,0.01,True,A,HIV-1 PR x ECFP4
qda,ECFP4,HIV-1 PR,minmax,3,0.9275012083131948,0.1,False,A,HIV-1 PR x ECFP4
qda,ECFP4,HIV-1 PR,minmax,3,0.9275012083131948,0.1,True,A,HIV-1 PR x ECFP4
qda,ECFP4,HIV-1 PR,minmax,3,0.9275012083131948,0.25,False,A,HIV-1 PR x ECFP4
qda,ECFP4,HIV-1 PR,minmax,3,0.9275012083131948,0.25,True,A,HIV-1 PR x ECFP4
qda,ECFP4,HIV-1 PR,minmax,3,0.9275012083131948,0.5,False,A,HIV-1 PR x ECFP4
qda,ECFP4,HIV-1 PR,minmax,3,0.9275012083131948,0.5,True,A,HIV-1 PR x ECFP4
qda,ECFP4,HIV-1 PR,minmax,3,0.9275012083131948,0.75,False,A,HIV-1 PR x ECFP4
qda,ECFP4,HIV-1 PR,minmax,3,0.9275012083131948,0.75,True,A,HIV-1 PR x ECFP4
qda,ECFP4,HIV-1 PR,minmax,3,0.0618656355727404,1.0,False,D,HIV-1 PR x ECFP4
qda,ECFP4,HIV-1 PR,minmax,3,0.0618656355727404,1.0,True,D,HIV-1 PR x ECFP4
qda,ECFP4,HIV-1 PR,minmax,4,0.9381343644272596,0.01,False,A,HIV-1 PR x ECFP4
qda,ECFP4,HIV-1 PR,minmax,4,0.9381343644272596,0.01,True,A,HIV-1 PR x ECFP4
qda,ECFP4,HIV-1 PR,minmax,4,0.9275012083131948,0.1,False,A,HIV-1 PR x ECFP4
qda,ECFP4,HIV-1 PR,minmax,4,0.9275012083131948,0.1,True,A,HIV-1 PR x ECFP4
qda,ECFP4,HIV-1 PR,minmax,4,0.9275012083131948,0.25,False,A,HIV-1 PR x ECFP4
qda,ECFP4,HIV-1 PR,minmax,4,0.9275012083131948,0.25,True,A,HIV-1 PR x ECFP4
qda,ECFP4,HIV-1 PR,minmax,4,0.9275012083131948,0.5,False,A,HIV-1 PR x ECFP4
qda,ECFP4,HIV-1 PR,minmax,4,0.9275012083131948,0.5,True,A,HIV-1 PR x ECFP4
qda,ECFP4,HIV-1 PR,minmax,4,0.9275012083131948,0.75,False,A,HIV-1 PR x ECFP4
qda,ECFP4,HIV-1 PR,minmax,4,0.9275012083131948,0.75,True,A,HIV-1 PR x ECFP4
qda,ECFP4,HIV-1 PR,minmax,4,0.0618656355727404,1.0,False,D,HIV-1 PR x ECFP4
qda,ECFP4,HIV-1 PR,minmax,4,0.0618656355727404,1.0,True,D,HIV-1 PR x ECFP4
qda,MIX,HIV-1 PR,std,1,0.7675205413243112,0.01,False,C,HIV-1 PR x MIX
qda,MIX,HIV-1 PR,std,1,0.7675205413243112,0.01,True,C,HIV-1 PR x MIX
qda,MIX,HIV-1 PR,std,1,0.8395360077332045,0.1,False,B,HIV-1 PR x MIX
qda,MIX,HIV-1 PR,std,1,0.8395360077332045,0.1,True,B,HIV-1 PR x MIX
qda,MIX,HIV-1 PR,std,1,0.8351860802319961,0.25,False,B,HIV-1 PR x MIX
qda,MIX,HIV-1 PR,std,1,0.8351860802319961,0.25,True,B,HIV-1 PR x MIX
qda,MIX,HIV-1 PR,std,1,0.4934751087481875,0.5,False,D,HIV-1 PR x MIX
qda,MIX,HIV-1 PR,std,1,0.4934751087481875,0.5,True,D,HIV-1 PR x MIX
qda,MIX,HIV-1 PR,std,1,0.097631706138231,0.75,False,D,HIV-1 PR x MIX
qda,MIX,HIV-1 PR,std,1,0.097631706138231,0.75,True,D,HIV-1 PR x MIX
qda,MIX,HIV-1 PR,std,1,0.0652489125181247,1.0,False,D,HIV-1 PR x MIX
qda,MIX,HIV-1 PR,std,1,0.0652489125181247,1.0,True,D,HIV-1 PR x MIX
qda,MIX,HIV-1 PR,std,2,0.7699371677138714,0.01,False,C,HIV-1 PR x MIX
qda,MIX,HIV-1 PR,std,2,0.7699371677138714,0.01,True,C,HIV-1 PR x MIX
qda,MIX,HIV-1 PR,std,2,0.8477525374577091,0.1,False,B,HIV-1 PR x MIX
qda,MIX,HIV-1 PR,std,2,0.8477525374577091,0.1,True,B,HIV-1 PR x MIX
qda,MIX,HIV-1 PR,std,2,0.8453359110681489,0.25,False,B,HIV-1 PR x MIX
qda,MIX,HIV-1 PR,std,2,0.8453359110681489,0.25,True,B,HIV-1 PR x MIX
qda,MIX,HIV-1 PR,std,2,0.4852585790236829,0.5,False,D,HIV-1 PR x MIX
qda,MIX,HIV-1 PR,std,2,0.4852585790236829,0.5,True,D,HIV-1 PR x MIX
qda,MIX,HIV-1 PR,std,2,0.0990816819719671,0.75,False,D,HIV-1 PR x MIX
qda,MIX,HIV-1 PR,std,2,0.0990816819719671,0.75,True,D,HIV-1 PR x MIX
qda,MIX,HIV-1 PR,std,2,0.0628322861285645,1.0,False,D,HIV-1 PR x MIX
qda,MIX,HIV-1 PR,std,2,0.0628322861285645,1.0,True,D,HIV-1 PR x MIX
qda,MIX,HIV-1 PR,std,3,0.765103914934751,0.01,False,C,HIV-1 PR x MIX
qda,MIX,HIV-1 PR,std,3,0.765103914934751,0.01,True,C,HIV-1 PR x MIX
qda,MIX,HIV-1 PR,std,3,0.8583856935717739,0.1,False,B,HIV-1 PR x MIX
qda,MIX,HIV-1 PR,std,3,0.8583856935717739,0.1,True,B,HIV-1 PR x MIX
qda,MIX,HIV-1 PR,std,3,0.8535524407926535,0.25,False,B,HIV-1 PR x MIX
qda,MIX,HIV-1 PR,std,3,0.8535524407926535,0.25,True,B,HIV-1 PR x MIX
qda,MIX,HIV-1 PR,std,3,0.458675688738521,0.5,False,D,HIV-1 PR x MIX
qda,MIX,HIV-1 PR,std,3,0.458675688738521,0.5,True,D,HIV-1 PR x MIX
qda,MIX,HIV-1 PR,std,3,0.0923151280811986,0.75,False,D,HIV-1 PR x MIX
qda,MIX,HIV-1 PR,std,3,0.0923151280811986,0.75,True,D,HIV-1 PR x MIX
qda,MIX,HIV-1 PR,std,3,0.0623489608506524,1.0,False,D,HIV-1 PR x MIX
qda,MIX,HIV-1 PR,std,3,0.0623489608506524,1.0,True,D,HIV-1 PR x MIX
qda,MIX,HIV-1 PR,std,4,0.7742870952150798,0.01,False,C,HIV-1 PR x MIX
qda,MIX,HIV-1 PR,std,4,0.7742870952150798,0.01,True,C,HIV-1 PR x MIX
qda,MIX,HIV-1 PR,std,4,0.8550024166263895,0.1,False,B,HIV-1 PR x MIX
qda,MIX,HIV-1 PR,std,4,0.8550024166263895,0.1,True,B,HIV-1 PR x MIX
qda,MIX,HIV-1 PR,std,4,0.8501691638472693,0.25,False,B,HIV-1 PR x MIX
qda,MIX,HIV-1 PR,std,4,0.8501691638472693,0.25,True,B,HIV-1 PR x MIX
qda,MIX,HIV-1 PR,std,4,0.4736587723537941,0.5,False,D,HIV-1 PR x MIX
qda,MIX,HIV-1 PR,std,4,0.4736587723537941,0.5,True,D,HIV-1 PR x MIX
qda,MIX,HIV-1 PR,std,4,0.0966650555824069,0.75,False,D,HIV-1 PR x MIX
qda,MIX,HIV-1 PR,std,4,0.0966650555824069,0.75,True,D,HIV-1 PR x MIX
qda,MIX,HIV-1 PR,std,4,0.0652489125181247,1.0,False,D,HIV-1 PR x MIX
qda,MIX,HIV-1 PR,std,4,0.0652489125181247,1.0,True,D,HIV-1 PR x MIX
qda,MIX,HIV-1 PR,minmax,1,0.9313678105364912,0.01,False,A,HIV-1 PR x MIX
qda,MIX,HIV-1 PR,minmax,1,0.9313678105364912,0.01,True,A,HIV-1 PR x MIX
qda,MIX,HIV-1 PR,minmax,1,0.9275012083131948,0.1,False,A,HIV-1 PR x MIX
qda,MIX,HIV-1 PR,minmax,1,0.9275012083131948,0.1,True,A,HIV-1 PR x MIX
qda,MIX,HIV-1 PR,minmax,1,0.9275012083131948,0.25,False,A,HIV-1 PR x MIX
qda,MIX,HIV-1 PR,minmax,1,0.9275012083131948,0.25,True,A,HIV-1 PR x MIX
qda,MIX,HIV-1 PR,minmax,1,0.9275012083131948,0.5,False,A,HIV-1 PR x MIX
qda,MIX,HIV-1 PR,minmax,1,0.9275012083131948,0.5,True,A,HIV-1 PR x MIX
qda,MIX,HIV-1 PR,minmax,1,0.9275012083131948,0.75,False,A,HIV-1 PR x MIX
qda,MIX,HIV-1 PR,minmax,1,0.9275012083131948,0.75,True,A,HIV-1 PR x MIX
qda,MIX,HIV-1 PR,minmax,1,0.0599323344610923,1.0,False,D,HIV-1 PR x MIX
qda,MIX,HIV-1 PR,minmax,1,0.0599323344610923,1.0,True,D,HIV-1 PR x MIX
qda,MIX,HIV-1 PR,minmax,2,0.9323344610923152,0.01,False,A,HIV-1 PR x MIX
qda,MIX,HIV-1 PR,minmax,2,0.9323344610923152,0.01,True,A,HIV-1 PR x MIX
qda,MIX,HIV-1 PR,minmax,2,0.9275012083131948,0.1,False,A,HIV-1 PR x MIX
qda,MIX,HIV-1 PR,minmax,2,0.9275012083131948,0.1,True,A,HIV-1 PR x MIX
qda,MIX,HIV-1 PR,minmax,2,0.9275012083131948,0.25,False,A,HIV-1 PR x MIX
qda,MIX,HIV-1 PR,minmax,2,0.9275012083131948,0.25,True,A,HIV-1 PR x MIX
qda,MIX,HIV-1 PR,minmax,2,0.9275012083131948,0.5,False,A,HIV-1 PR x MIX
qda,MIX,HIV-1 PR,minmax,2,0.9275012083131948,0.5,True,A,HIV-1 PR x MIX
qda,MIX,HIV-1 PR,minmax,2,0.9275012083131948,0.75,False,A,HIV-1 PR x MIX
qda,MIX,HIV-1 PR,minmax,2,0.9275012083131948,0.75,True,A,HIV-1 PR x MIX
qda,MIX,HIV-1 PR,minmax,2,0.0584823586273562,1.0,False,D,HIV-1 PR x MIX
qda,MIX,HIV-1 PR,minmax,2,0.0584823586273562,1.0,True,D,HIV-1 PR x MIX
qda,MIX,HIV-1 PR,minmax,3,0.9313678105364912,0.01,False,A,HIV-1 PR x MIX
qda,MIX,HIV-1 PR,minmax,3,0.9313678105364912,0.01,True,A,HIV-1 PR x MIX
qda,MIX,HIV-1 PR,minmax,3,0.9275012083131948,0.1,False,A,HIV-1 PR x MIX
qda,MIX,HIV-1 PR,minmax,3,0.9275012083131948,0.1,True,A,HIV-1 PR x MIX
qda,MIX,HIV-1 PR,minmax,3,0.9275012083131948,0.25,False,A,HIV-1 PR x MIX
qda,MIX,HIV-1 PR,minmax,3,0.9275012083131948,0.25,True,A,HIV-1 PR x MIX
qda,MIX,HIV-1 PR,minmax,3,0.9275012083131948,0.5,False,A,HIV-1 PR x MIX
qda,MIX,HIV-1 PR,minmax,3,0.9275012083131948,0.5,True,A,HIV-1 PR x MIX
qda,MIX,HIV-1 PR,minmax,3,0.9275012083131948,0.75,False,A,HIV-1 PR x MIX
qda,MIX,HIV-1 PR,minmax,3,0.9275012083131948,0.75,True,A,HIV-1 PR x MIX
qda,MIX,HIV-1 PR,minmax,3,0.0599323344610923,1.0,False,D,HIV-1 PR x MIX
qda,MIX,HIV-1 PR,minmax,3,0.0599323344610923,1.0,True,D,HIV-1 PR x MIX
qda,MIX,HIV-1 PR,minmax,4,0.9337844369260512,0.01,False,A,HIV-1 PR x MIX
qda,MIX,HIV-1 PR,minmax,4,0.9337844369260512,0.01,True,A,HIV-1 PR x MIX
qda,MIX,HIV-1 PR,minmax,4,0.9275012083131948,0.1,False,A,HIV-1 PR x MIX
qda,MIX,HIV-1 PR,minmax,4,0.9275012083131948,0.1,True,A,HIV-1 PR x MIX
qda,MIX,HIV-1 PR,minmax,4,0.9275012083131948,0.25,False,A,HIV-1 PR x MIX
qda,MIX,HIV-1 PR,minmax,4,0.9275012083131948,0.25,True,A,HIV-1 PR x MIX
qda,MIX,HIV-1 PR,minmax,4,0.9275012083131948,0.5,False,A,HIV-1 PR x MIX
qda,MIX,HIV-1 PR,minmax,4,0.9275012083131948,0.5,True,A,HIV-1 PR x MIX
qda,MIX,HIV-1 PR,minmax,4,0.9275012083131948,0.75,False,A,HIV-1 PR x MIX
qda,MIX,HIV-1 PR,minmax,4,0.9275012083131948,0.75,True,A,HIV-1 PR x MIX
qda,MIX,HIV-1 PR,minmax,4,0.0604156597390043,1.0,False,D,HIV-1 PR x MIX
qda,MIX,HIV-1 PR,minmax,4,0.0604156597390043,1.0,True,D,HIV-1 PR x MIX
qda,PC,HIV-1 RT,std,1,0.8454164170161773,0.01,False,B,HIV-1 RT x PC
qda,PC,HIV-1 RT,std,1,0.8454164170161773,0.01,True,B,HIV-1 RT x PC
qda,PC,HIV-1 RT,std,1,0.823247453565009,0.1,False,B,HIV-1 RT x PC
qda,PC,HIV-1 RT,std,1,0.823247453565009,0.1,True,B,HIV-1 RT x PC
qda,PC,HIV-1 RT,std,1,0.81725584182145,0.25,False,B,HIV-1 RT x PC
qda,PC,HIV-1 RT,std,1,0.81725584182145,0.25,True,B,HIV-1 RT x PC
qda,PC,HIV-1 RT,std,1,0.8061713600958658,0.5,False,B,HIV-1 RT x PC
qda,PC,HIV-1 RT,std,1,0.8061713600958658,0.5,True,B,HIV-1 RT x PC
qda,PC,HIV-1 RT,std,1,0.7875973636908329,0.75,False,C,HIV-1 RT x PC
qda,PC,HIV-1 RT,std,1,0.7875973636908329,0.75,True,C,HIV-1 RT x PC
qda,PC,HIV-1 RT,std,1,0.627920910724985,1.0,False,D,HIV-1 RT x PC
qda,PC,HIV-1 RT,std,1,0.627920910724985,1.0,True,D,HIV-1 RT x PC
qda,PC,HIV-1 RT,std,2,0.8562013181545836,0.01,False,B,HIV-1 RT x PC
qda,PC,HIV-1 RT,std,2,0.8562013181545836,0.01,True,B,HIV-1 RT x PC
qda,PC,HIV-1 RT,std,2,0.8346315158777711,0.1,False,B,HIV-1 RT x PC
qda,PC,HIV-1 RT,std,2,0.8346315158777711,0.1,True,B,HIV-1 RT x PC
qda,PC,HIV-1 RT,std,2,0.8220491312162972,0.25,False,B,HIV-1 RT x PC
qda,PC,HIV-1 RT,std,2,0.8220491312162972,0.25,True,B,HIV-1 RT x PC
qda,PC,HIV-1 RT,std,2,0.8085680047932894,0.5,False,B,HIV-1 RT x PC
qda,PC,HIV-1 RT,std,2,0.8085680047932894,0.5,True,B,HIV-1 RT x PC
qda,PC,HIV-1 RT,std,2,0.7837028160575195,0.75,False,C,HIV-1 RT x PC
qda,PC,HIV-1 RT,std,2,0.7837028160575195,0.75,True,C,HIV-1 RT x PC
qda,PC,HIV-1 RT,std,2,0.6276213301378071,1.0,False,D,HIV-1 RT x PC
qda,PC,HIV-1 RT,std,2,0.6276213301378071,1.0,True,D,HIV-1 RT x PC
qda,PC,HIV-1 RT,std,3,0.8499101258238466,0.01,False,B,HIV-1 RT x PC
qda,PC,HIV-1 RT,std,3,0.8499101258238466,0.01,True,B,HIV-1 RT x PC
qda,PC,HIV-1 RT,std,3,0.8358298382264829,0.1,False,B,HIV-1 RT x PC
qda,PC,HIV-1 RT,std,3,0.8358298382264829,0.1,True,B,HIV-1 RT x PC
qda,PC,HIV-1 RT,std,3,0.8283403235470341,0.25,False,B,HIV-1 RT x PC
qda,PC,HIV-1 RT,std,3,0.8283403235470341,0.25,True,B,HIV-1 RT x PC
qda,PC,HIV-1 RT,std,3,0.8016776512881966,0.5,False,B,HIV-1 RT x PC
qda,PC,HIV-1 RT,std,3,0.8016776512881966,0.5,True,B,HIV-1 RT x PC
qda,PC,HIV-1 RT,std,3,0.7792091072498503,0.75,False,C,HIV-1 RT x PC
qda,PC,HIV-1 RT,std,3,0.7792091072498503,0.75,True,C,HIV-1 RT x PC
qda,PC,HIV-1 RT,std,3,0.6087477531455961,1.0,False,D,HIV-1 RT x PC
qda,PC,HIV-1 RT,std,3,0.6087477531455961,1.0,True,D,HIV-1 RT x PC
qda,PC,HIV-1 RT,std,4,0.8550029958058718,0.01,False,B,HIV-1 RT x PC
qda,PC,HIV-1 RT,std,4,0.8550029958058718,0.01,True,B,HIV-1 RT x PC
qda,PC,HIV-1 RT,std,4,0.8349310964649491,0.1,False,B,HIV-1 RT x PC
qda,PC,HIV-1 RT,std,4,0.8349310964649491,0.1,True,B,HIV-1 RT x PC
qda,PC,HIV-1 RT,std,4,0.8154583582983823,0.25,False,B,HIV-1 RT x PC
qda,PC,HIV-1 RT,std,4,0.8154583582983823,0.25,True,B,HIV-1 RT x PC
qda,PC,HIV-1 RT,std,4,0.8037747153984421,0.5,False,B,HIV-1 RT x PC
qda,PC,HIV-1 RT,std,4,0.8037747153984421,0.5,True,B,HIV-1 RT x PC
qda,PC,HIV-1 RT,std,4,0.7875973636908329,0.75,False,C,HIV-1 RT x PC
qda,PC,HIV-1 RT,std,4,0.7875973636908329,0.75,True,C,HIV-1 RT x PC
qda,PC,HIV-1 RT,std,4,0.6129418813660875,1.0,False,D,HIV-1 RT x PC
qda,PC,HIV-1 RT,std,4,0.6129418813660875,1.0,True,D,HIV-1 RT x PC
qda,PC,HIV-1 RT,minmax,1,0.7986818454164171,0.01,False,C,HIV-1 RT x PC
qda,PC,HIV-1 RT,minmax,1,0.7986818454164171,0.01,True,C,HIV-1 RT x PC
qda,PC,HIV-1 RT,minmax,1,0.7396644697423607,0.1,False,C,HIV-1 RT x PC
qda,PC,HIV-1 RT,minmax,1,0.7396644697423607,0.1,True,C,HIV-1 RT x PC
qda,PC,HIV-1 RT,minmax,1,0.7273816656680647,0.25,False,C,HIV-1 RT x PC
qda,PC,HIV-1 RT,minmax,1,0.7273816656680647,0.25,True,C,HIV-1 RT x PC
qda,PC,HIV-1 RT,minmax,1,0.71929298981426,0.5,False,C,HIV-1 RT x PC
qda,PC,HIV-1 RT,minmax,1,0.71929298981426,0.5,True,C,HIV-1 RT x PC
qda,PC,HIV-1 RT,minmax,1,0.71929298981426,0.75,False,C,HIV-1 RT x PC
qda,PC,HIV-1 RT,minmax,1,0.71929298981426,0.75,True,C,HIV-1 RT x PC
qda,PC,HIV-1 RT,minmax,1,0.71929298981426,1.0,False,C,HIV-1 RT x PC
qda,PC,HIV-1 RT,minmax,1,0.71929298981426,1.0,True,C,HIV-1 RT x PC
qda,PC,HIV-1 RT,minmax,2,0.7935889754343919,0.01,False,C,HIV-1 RT x PC
qda,PC,HIV-1 RT,minmax,2,0.7935889754343919,0.01,True,C,HIV-1 RT x PC
qda,PC,HIV-1 RT,minmax,2,0.7402636309167165,0.1,False,C,HIV-1 RT x PC
qda,PC,HIV-1 RT,minmax,2,0.7402636309167165,0.1,True,C,HIV-1 RT x PC
qda,PC,HIV-1 RT,minmax,2,0.7288795686039544,0.25,False,C,HIV-1 RT x PC
qda,PC,HIV-1 RT,minmax,2,0.7288795686039544,0.25,True,C,HIV-1 RT x PC
qda,PC,HIV-1 RT,minmax,2,0.71929298981426,0.5,False,C,HIV-1 RT x PC
qda,PC,HIV-1 RT,minmax,2,0.71929298981426,0.5,True,C,HIV-1 RT x PC
qda,PC,HIV-1 RT,minmax,2,0.71929298981426,0.75,False,C,HIV-1 RT x PC
qda,PC,HIV-1 RT,minmax,2,0.71929298981426,0.75,True,C,HIV-1 RT x PC
qda,PC,HIV-1 RT,minmax,2,0.71929298981426,1.0,False,C,HIV-1 RT x PC
qda,PC,HIV-1 RT,minmax,2,0.71929298981426,1.0,True,C,HIV-1 RT x PC
qda,PC,HIV-1 RT,minmax,3,0.7974835230677052,0.01,False,C,HIV-1 RT x PC
qda,PC,HIV-1 RT,minmax,3,0.7974835230677052,0.01,True,C,HIV-1 RT x PC
qda,PC,HIV-1 RT,minmax,3,0.7405632115038946,0.1,False,C,HIV-1 RT x PC
qda,PC,HIV-1 RT,minmax,3,0.7405632115038946,0.1,True,C,HIV-1 RT x PC
qda,PC,HIV-1 RT,minmax,3,0.7285799880167765,0.25,False,C,HIV-1 RT x PC
qda,PC,HIV-1 RT,minmax,3,0.7285799880167765,0.25,True,C,HIV-1 RT x PC
qda,PC,HIV-1 RT,minmax,3,0.71929298981426,0.5,False,C,HIV-1 RT x PC
qda,PC,HIV-1 RT,minmax,3,0.71929298981426,0.5,True,C,HIV-1 RT x PC
qda,PC,HIV-1 RT,minmax,3,0.71929298981426,0.75,False,C,HIV-1 RT x PC
qda,PC,HIV-1 RT,minmax,3,0.71929298981426,0.75,True,C,HIV-1 RT x PC
qda,PC,HIV-1 RT,minmax,3,0.71929298981426,1.0,False,C,HIV-1 RT x PC
qda,PC,HIV-1 RT,minmax,3,0.71929298981426,1.0,True,C,HIV-1 RT x PC
qda,PC,HIV-1 RT,minmax,4,0.7825044937088077,0.01,False,C,HIV-1 RT x PC
qda,PC,HIV-1 RT,minmax,4,0.7825044937088077,0.01,True,C,HIV-1 RT x PC
qda,PC,HIV-1 RT,minmax,4,0.7351707609346915,0.1,False,C,HIV-1 RT x PC
qda,PC,HIV-1 RT,minmax,4,0.7351707609346915,0.1,True,C,HIV-1 RT x PC
qda,PC,HIV-1 RT,minmax,4,0.7309766327142001,0.25,False,C,HIV-1 RT x PC
qda,PC,HIV-1 RT,minmax,4,0.7309766327142001,0.25,True,C,HIV-1 RT x PC
qda,PC,HIV-1 RT,minmax,4,0.71929298981426,0.5,False,C,HIV-1 RT x PC
qda,PC,HIV-1 RT,minmax,4,0.71929298981426,0.5,True,C,HIV-1 RT x PC
qda,PC,HIV-1 RT,minmax,4,0.71929298981426,0.75,False,C,HIV-1 RT x PC
qda,PC,HIV-1 RT,minmax,4,0.71929298981426,0.75,True,C,HIV-1 RT x PC
qda,PC,HIV-1 RT,minmax,4,0.71929298981426,1.0,False,C,HIV-1 RT x PC
qda,PC,HIV-1 RT,minmax,4,0.71929298981426,1.0,True,C,HIV-1 RT x PC
qda,ECFP4,HIV-1 RT,std,1,0.8496105452366687,0.01,False,B,HIV-1 RT x ECFP4
qda,ECFP4,HIV-1 RT,std,1,0.8496105452366687,0.01,True,B,HIV-1 RT x ECFP4
qda,ECFP4,HIV-1 RT,std,1,0.89035350509287,0.1,False,B,HIV-1 RT x ECFP4
qda,ECFP4,HIV-1 RT,std,1,0.89035350509287,0.1,True,B,HIV-1 RT x ECFP4
qda,ECFP4,HIV-1 RT,std,1,0.8933493109646495,0.25,False,B,HIV-1 RT x ECFP4
qda,ECFP4,HIV-1 RT,std,1,0.8933493109646495,0.25,True,B,HIV-1 RT x ECFP4
qda,ECFP4,HIV-1 RT,std,1,0.8609946075494308,0.5,False,B,HIV-1 RT x ECFP4
qda,ECFP4,HIV-1 RT,std,1,0.8609946075494308,0.5,True,B,HIV-1 RT x ECFP4
qda,ECFP4,HIV-1 RT,std,1,0.597363690832834,0.75,False,D,HIV-1 RT x ECFP4
qda,ECFP4,HIV-1 RT,std,1,0.597363690832834,0.75,True,D,HIV-1 RT x ECFP4
qda,ECFP4,HIV-1 RT,std,1,0.2564409826243259,1.0,False,D,HIV-1 RT x ECFP4
qda,ECFP4,HIV-1 RT,std,1,0.2564409826243259,1.0,True,D,HIV-1 RT x ECFP4
qda,ECFP4,HIV-1 RT,std,2,0.8642899940083882,0.01,False,B,HIV-1 RT x ECFP4
qda,ECFP4,HIV-1 RT,std,2,0.8642899940083882,0.01,True,B,HIV-1 RT x ECFP4
qda,ECFP4,HIV-1 RT,std,2,0.8891551827441582,0.1,False,B,HIV-1 RT x ECFP4
qda,ECFP4,HIV-1 RT,std,2,0.8891551827441582,0.1,True,B,HIV-1 RT x ECFP4
qda,ECFP4,HIV-1 RT,std,2,0.8894547633313361,0.25,False,B,HIV-1 RT x ECFP4
qda,ECFP4,HIV-1 RT,std,2,0.8894547633313361,0.25,True,B,HIV-1 RT x ECFP4
qda,ECFP4,HIV-1 RT,std,2,0.8538046734571599,0.5,False,B,HIV-1 RT x ECFP4
qda,ECFP4,HIV-1 RT,std,2,0.8538046734571599,0.5,True,B,HIV-1 RT x ECFP4
qda,ECFP4,HIV-1 RT,std,2,0.6045536249251049,0.75,False,D,HIV-1 RT x ECFP4
qda,ECFP4,HIV-1 RT,std,2,0.6045536249251049,0.75,True,D,HIV-1 RT x ECFP4
qda,ECFP4,HIV-1 RT,std,2,0.2573397243858598,1.0,False,D,HIV-1 RT x ECFP4
qda,ECFP4,HIV-1 RT,std,2,0.2573397243858598,1.0,True,D,HIV-1 RT x ECFP4
qda,ECFP4,HIV-1 RT,std,3,0.8445176752546435,0.01,False,B,HIV-1 RT x ECFP4
qda,ECFP4,HIV-1 RT,std,3,0.8445176752546435,0.01,True,B,HIV-1 RT x ECFP4
qda,ECFP4,HIV-1 RT,std,3,0.8888556021569802,0.1,False,B,HIV-1 RT x ECFP4
qda,ECFP4,HIV-1 RT,std,3,0.8888556021569802,0.1,True,B,HIV-1 RT x ECFP4
qda,ECFP4,HIV-1 RT,std,3,0.895745955662073,0.25,False,B,HIV-1 RT x ECFP4
qda,ECFP4,HIV-1 RT,std,3,0.895745955662073,0.25,True,B,HIV-1 RT x ECFP4
qda,ECFP4,HIV-1 RT,std,3,0.8588975434391851,0.5,False,B,HIV-1 RT x ECFP4
qda,ECFP4,HIV-1 RT,std,3,0.8588975434391851,0.5,True,B,HIV-1 RT x ECFP4
qda,ECFP4,HIV-1 RT,std,3,0.5880766926303176,0.75,False,D,HIV-1 RT x ECFP4
qda,ECFP4,HIV-1 RT,std,3,0.5880766926303176,0.75,True,D,HIV-1 RT x ECFP4
qda,ECFP4,HIV-1 RT,std,3,0.2585380467345716,1.0,False,D,HIV-1 RT x ECFP4
qda,ECFP4,HIV-1 RT,std,3,0.2585380467345716,1.0,True,D,HIV-1 RT x ECFP4
qda,ECFP4,HIV-1 RT,std,4,0.8520071899340923,0.01,False,B,HIV-1 RT x ECFP4
qda,ECFP4,HIV-1 RT,std,4,0.8520071899340923,0.01,True,B,HIV-1 RT x ECFP4
qda,ECFP4,HIV-1 RT,std,4,0.89035350509287,0.1,False,B,HIV-1 RT x ECFP4
qda,ECFP4,HIV-1 RT,std,4,0.89035350509287,0.1,True,B,HIV-1 RT x ECFP4
qda,ECFP4,HIV-1 RT,std,4,0.8909526662672259,0.25,False,B,HIV-1 RT x ECFP4
qda,ECFP4,HIV-1 RT,std,4,0.8909526662672259,0.25,True,B,HIV-1 RT x ECFP4
qda,ECFP4,HIV-1 RT,std,4,0.8568004793289394,0.5,False,B,HIV-1 RT x ECFP4
qda,ECFP4,HIV-1 RT,std,4,0.8568004793289394,0.5,True,B,HIV-1 RT x ECFP4
qda,ECFP4,HIV-1 RT,std,4,0.5895745955662073,0.75,False,D,HIV-1 RT x ECFP4
qda,ECFP4,HIV-1 RT,std,4,0.5895745955662073,0.75,True,D,HIV-1 RT x ECFP4
qda,ECFP4,HIV-1 RT,std,4,0.2582384661473936,1.0,False,D,HIV-1 RT x ECFP4
qda,ECFP4,HIV-1 RT,std,4,0.2582384661473936,1.0,True,D,HIV-1 RT x ECFP4
qda,ECFP4,HIV-1 RT,minmax,1,0.767825044937088,0.01,False,C,HIV-1 RT x ECFP4
qda,ECFP4,HIV-1 RT,minmax,1,0.767825044937088,0.01,True,C,HIV-1 RT x ECFP4
qda,ECFP4,HIV-1 RT,minmax,1,0.71929298981426,0.1,False,C,HIV-1 RT x ECFP4
qda,ECFP4,HIV-1 RT,minmax,1,0.71929298981426,0.1,True,C,HIV-1 RT x ECFP4
qda,ECFP4,HIV-1 RT,minmax,1,0.71929298981426,0.25,False,C,HIV-1 RT x ECFP4
qda,ECFP4,HIV-1 RT,minmax,1,0.71929298981426,0.25,True,C,HIV-1 RT x ECFP4
qda,ECFP4,HIV-1 RT,minmax,1,0.71929298981426,0.5,False,C,HIV-1 RT x ECFP4
qda,ECFP4,HIV-1 RT,minmax,1,0.71929298981426,0.5,True,C,HIV-1 RT x ECFP4
qda,ECFP4,HIV-1 RT,minmax,1,0.71929298981426,0.75,False,C,HIV-1 RT x ECFP4
qda,ECFP4,HIV-1 RT,minmax,1,0.71929298981426,0.75,True,C,HIV-1 RT x ECFP4
qda,ECFP4,HIV-1 RT,minmax,1,0.2022168963451168,1.0,False,D,HIV-1 RT x ECFP4
qda,ECFP4,HIV-1 RT,minmax,1,0.2022168963451168,1.0,True,D,HIV-1 RT x ECFP4
qda,ECFP4,HIV-1 RT,minmax,2,0.7669263031755542,0.01,False,C,HIV-1 RT x ECFP4
qda,ECFP4,HIV-1 RT,minmax,2,0.7669263031755542,0.01,True,C,HIV-1 RT x ECFP4
qda,ECFP4,HIV-1 RT,minmax,2,0.71929298981426,0.1,False,C,HIV-1 RT x ECFP4
qda,ECFP4,HIV-1 RT,minmax,2,0.71929298981426,0.1,True,C,HIV-1 RT x ECFP4
qda,ECFP4,HIV-1 RT,minmax,2,0.71929298981426,0.25,False,C,HIV-1 RT x ECFP4
qda,ECFP4,HIV-1 RT,minmax,2,0.71929298981426,0.25,True,C,HIV-1 RT x ECFP4
qda,ECFP4,HIV-1 RT,minmax,2,0.71929298981426,0.5,False,C,HIV-1 RT x ECFP4
qda,ECFP4,HIV-1 RT,minmax,2,0.71929298981426,0.5,True,C,HIV-1 RT x ECFP4
qda,ECFP4,HIV-1 RT,minmax,2,0.71929298981426,0.75,False,C,HIV-1 RT x ECFP4
qda,ECFP4,HIV-1 RT,minmax,2,0.71929298981426,0.75,True,C,HIV-1 RT x ECFP4
qda,ECFP4,HIV-1 RT,minmax,2,0.2025164769322948,1.0,False,D,HIV-1 RT x ECFP4
qda,ECFP4,HIV-1 RT,minmax,2,0.2025164769322948,1.0,True,D,HIV-1 RT x ECFP4
qda,ECFP4,HIV-1 RT,minmax,3,0.768723786698622,0.01,False,C,HIV-1 RT x ECFP4
qda,ECFP4,HIV-1 RT,minmax,3,0.768723786698622,0.01,True,C,HIV-1 RT x ECFP4
qda,ECFP4,HIV-1 RT,minmax,3,0.71929298981426,0.1,False,C,HIV-1 RT x ECFP4
qda,ECFP4,HIV-1 RT,minmax,3,0.71929298981426,0.1,True,C,HIV-1 RT x ECFP4
qda,ECFP4,HIV-1 RT,minmax,3,0.71929298981426,0.25,False,C,HIV-1 RT x ECFP4
qda,ECFP4,HIV-1 RT,minmax,3,0.71929298981426,0.25,True,C,HIV-1 RT x ECFP4
qda,ECFP4,HIV-1 RT,minmax,3,0.71929298981426,0.5,False,C,HIV-1 RT x ECFP4
qda,ECFP4,HIV-1 RT,minmax,3,0.71929298981426,0.5,True,C,HIV-1 RT x ECFP4
qda,ECFP4,HIV-1 RT,minmax,3,0.71929298981426,0.75,False,C,HIV-1 RT x ECFP4
qda,ECFP4,HIV-1 RT,minmax,3,0.71929298981426,0.75,True,C,HIV-1 RT x ECFP4
qda,ECFP4,HIV-1 RT,minmax,3,0.2082085080886758,1.0,False,D,HIV-1 RT x ECFP4
qda,ECFP4,HIV-1 RT,minmax,3,0.2082085080886758,1.0,True,D,HIV-1 RT x ECFP4
qda,ECFP4,HIV-1 RT,minmax,4,0.7660275614140204,0.01,False,C,HIV-1 RT x ECFP4
qda,ECFP4,HIV-1 RT,minmax,4,0.7660275614140204,0.01,True,C,HIV-1 RT x ECFP4
qda,ECFP4,HIV-1 RT,minmax,4,0.71929298981426,0.1,False,C,HIV-1 RT x ECFP4
qda,ECFP4,HIV-1 RT,minmax,4,0.71929298981426,0.1,True,C,HIV-1 RT x ECFP4
qda,ECFP4,HIV-1 RT,minmax,4,0.71929298981426,0.25,False,C,HIV-1 RT x ECFP4
qda,ECFP4,HIV-1 RT,minmax,4,0.71929298981426,0.25,True,C,HIV-1 RT x ECFP4
qda,ECFP4,HIV-1 RT,minmax,4,0.71929298981426,0.5,False,C,HIV-1 RT x ECFP4
qda,ECFP4,HIV-1 RT,minmax,4,0.71929298981426,0.5,True,C,HIV-1 RT x ECFP4
qda,ECFP4,HIV-1 RT,minmax,4,0.71929298981426,0.75,False,C,HIV-1 RT x ECFP4
qda,ECFP4,HIV-1 RT,minmax,4,0.71929298981426,0.75,True,C,HIV-1 RT x ECFP4
qda,ECFP4,HIV-1 RT,minmax,4,0.2001198322348711,1.0,False,D,HIV-1 RT x ECFP4
qda,ECFP4,HIV-1 RT,minmax,4,0.2001198322348711,1.0,True,D,HIV-1 RT x ECFP4
qda,MIX,HIV-1 RT,std,1,0.8502097064110246,0.01,False,B,HIV-1 RT x MIX
qda,MIX,HIV-1 RT,std,1,0.8502097064110246,0.01,True,B,HIV-1 RT x MIX
qda,MIX,HIV-1 RT,std,1,0.8939484721390054,0.1,False,B,HIV-1 RT x MIX
qda,MIX,HIV-1 RT,std,1,0.8939484721390054,0.1,True,B,HIV-1 RT x MIX
qda,MIX,HIV-1 RT,std,1,0.9002396644697424,0.25,False,A,HIV-1 RT x MIX
qda,MIX,HIV-1 RT,std,1,0.9002396644697424,0.25,True,A,HIV-1 RT x MIX
qda,MIX,HIV-1 RT,std,1,0.8684841222288796,0.5,False,B,HIV-1 RT x MIX
qda,MIX,HIV-1 RT,std,1,0.8684841222288796,0.5,True,B,HIV-1 RT x MIX
qda,MIX,HIV-1 RT,std,1,0.6084481725584182,0.75,False,D,HIV-1 RT x MIX
qda,MIX,HIV-1 RT,std,1,0.6084481725584182,0.75,True,D,HIV-1 RT x MIX
qda,MIX,HIV-1 RT,std,1,0.2576393049730378,1.0,False,D,HIV-1 RT x MIX
qda,MIX,HIV-1 RT,std,1,0.2576393049730378,1.0,True,D,HIV-1 RT x MIX
qda,MIX,HIV-1 RT,std,2,0.8322348711803476,0.01,False,B,HIV-1 RT x MIX
qda,MIX,HIV-1 RT,std,2,0.8322348711803476,0.01,True,B,HIV-1 RT x MIX
qda,MIX,HIV-1 RT,std,2,0.8969442780107849,0.1,False,B,HIV-1 RT x MIX
qda,MIX,HIV-1 RT,std,2,0.8969442780107849,0.1,True,B,HIV-1 RT x MIX
qda,MIX,HIV-1 RT,std,2,0.9071300179748352,0.25,False,A,HIV-1 RT x MIX
qda,MIX,HIV-1 RT,std,2,0.9071300179748352,0.25,True,A,HIV-1 RT x MIX
qda,MIX,HIV-1 RT,std,2,0.865787896944278,0.5,False,B,HIV-1 RT x MIX
qda,MIX,HIV-1 RT,std,2,0.865787896944278,0.5,True,B,HIV-1 RT x MIX
qda,MIX,HIV-1 RT,std,2,0.6117435590173756,0.75,False,D,HIV-1 RT x MIX
qda,MIX,HIV-1 RT,std,2,0.6117435590173756,0.75,True,D,HIV-1 RT x MIX
qda,MIX,HIV-1 RT,std,2,0.2588376273217495,1.0,False,D,HIV-1 RT x MIX
qda,MIX,HIV-1 RT,std,2,0.2588376273217495,1.0,True,D,HIV-1 RT x MIX
qda,MIX,HIV-1 RT,std,3,0.8529059316956261,0.01,False,B,HIV-1 RT x MIX
qda,MIX,HIV-1 RT,std,3,0.8529059316956261,0.01,True,B,HIV-1 RT x MIX
qda,MIX,HIV-1 RT,std,3,0.8960455362492511,0.1,False,B,HIV-1 RT x MIX
qda,MIX,HIV-1 RT,std,3,0.8960455362492511,0.1,True,B,HIV-1 RT x MIX
qda,MIX,HIV-1 RT,std,3,0.9047333732774115,0.25,False,A,HIV-1 RT x MIX
qda,MIX,HIV-1 RT,std,3,0.9047333732774115,0.25,True,A,HIV-1 RT x MIX
qda,MIX,HIV-1 RT,std,3,0.8735769922109047,0.5,False,B,HIV-1 RT x MIX
qda,MIX,HIV-1 RT,std,3,0.8735769922109047,0.5,True,B,HIV-1 RT x MIX
qda,MIX,HIV-1 RT,std,3,0.6060515278609946,0.75,False,D,HIV-1 RT x MIX
qda,MIX,HIV-1 RT,std,3,0.6060515278609946,0.75,True,D,HIV-1 RT x MIX
qda,MIX,HIV-1 RT,std,3,0.2555422408627921,1.0,False,D,HIV-1 RT x MIX
qda,MIX,HIV-1 RT,std,3,0.2555422408627921,1.0,True,D,HIV-1 RT x MIX
qda,MIX,HIV-1 RT,std,4,0.8609946075494308,0.01,False,B,HIV-1 RT x MIX
qda,MIX,HIV-1 RT,std,4,0.8609946075494308,0.01,True,B,HIV-1 RT x MIX
qda,MIX,HIV-1 RT,std,4,0.8954463750748951,0.1,False,B,HIV-1 RT x MIX
qda,MIX,HIV-1 RT,std,4,0.8954463750748951,0.1,True,B,HIV-1 RT x MIX
qda,MIX,HIV-1 RT,std,4,0.9011384062312762,0.25,False,A,HIV-1 RT x MIX
qda,MIX,HIV-1 RT,std,4,0.9011384062312762,0.25,True,A,HIV-1 RT x MIX
qda,MIX,HIV-1 RT,std,4,0.8708807669263032,0.5,False,B,HIV-1 RT x MIX
qda,MIX,HIV-1 RT,std,4,0.8708807669263032,0.5,True,B,HIV-1 RT x MIX
qda,MIX,HIV-1 RT,std,4,0.6312162971839425,0.75,False,D,HIV-1 RT x MIX
qda,MIX,HIV-1 RT,std,4,0.6312162971839425,0.75,True,D,HIV-1 RT x MIX
qda,MIX,HIV-1 RT,std,4,0.2597363690832834,1.0,False,D,HIV-1 RT x MIX
qda,MIX,HIV-1 RT,std,4,0.2597363690832834,1.0,True,D,HIV-1 RT x MIX
qda,MIX,HIV-1 RT,minmax,1,0.7390653085680048,0.01,False,C,HIV-1 RT x MIX
qda,MIX,HIV-1 RT,minmax,1,0.7390653085680048,0.01,True,C,HIV-1 RT x MIX
qda,MIX,HIV-1 RT,minmax,1,0.71929298981426,0.1,False,C,HIV-1 RT x MIX
qda,MIX,HIV-1 RT,minmax,1,0.71929298981426,0.1,True,C,HIV-1 RT x MIX
qda,MIX,HIV-1 RT,minmax,1,0.71929298981426,0.25,False,C,HIV-1 RT x MIX
qda,MIX,HIV-1 RT,minmax,1,0.71929298981426,0.25,True,C,HIV-1 RT x MIX
qda,MIX,HIV-1 RT,minmax,1,0.71929298981426,0.5,False,C,HIV-1 RT x MIX
qda,MIX,HIV-1 RT,minmax,1,0.71929298981426,0.5,True,C,HIV-1 RT x MIX
qda,MIX,HIV-1 RT,minmax,1,0.71929298981426,0.75,False,C,HIV-1 RT x MIX
qda,MIX,HIV-1 RT,minmax,1,0.71929298981426,0.75,True,C,HIV-1 RT x MIX
qda,MIX,HIV-1 RT,minmax,1,0.213301378070701,1.0,False,D,HIV-1 RT x MIX
qda,MIX,HIV-1 RT,minmax,1,0.213301378070701,1.0,True,D,HIV-1 RT x MIX
qda,MIX,HIV-1 RT,minmax,2,0.7375674056321151,0.01,False,C,HIV-1 RT x MIX
qda,MIX,HIV-1 RT,minmax,2,0.7375674056321151,0.01,True,C,HIV-1 RT x MIX
qda,MIX,HIV-1 RT,minmax,2,0.71929298981426,0.1,False,C,HIV-1 RT x MIX
qda,MIX,HIV-1 RT,minmax,2,0.71929298981426,0.1,True,C,HIV-1 RT x MIX
qda,MIX,HIV-1 RT,minmax,2,0.71929298981426,0.25,False,C,HIV-1 RT x MIX
qda,MIX,HIV-1 RT,minmax,2,0.71929298981426,0.25,True,C,HIV-1 RT x MIX
qda,MIX,HIV-1 RT,minmax,2,0.71929298981426,0.5,False,C,HIV-1 RT x MIX
qda,MIX,HIV-1 RT,minmax,2,0.71929298981426,0.5,True,C,HIV-1 RT x MIX
qda,MIX,HIV-1 RT,minmax,2,0.71929298981426,0.75,False,C,HIV-1 RT x MIX
qda,MIX,HIV-1 RT,minmax,2,0.71929298981426,0.75,True,C,HIV-1 RT x MIX
qda,MIX,HIV-1 RT,minmax,2,0.2115038945476333,1.0,False,D,HIV-1 RT x MIX
qda,MIX,HIV-1 RT,minmax,2,0.2115038945476333,1.0,True,D,HIV-1 RT x MIX
qda,MIX,HIV-1 RT,minmax,3,0.7426602756141402,0.01,False,C,HIV-1 RT x MIX
qda,MIX,HIV-1 RT,minmax,3,0.7426602756141402,0.01,True,C,HIV-1 RT x MIX
qda,MIX,HIV-1 RT,minmax,3,0.71929298981426,0.1,False,C,HIV-1 RT x MIX
qda,MIX,HIV-1 RT,minmax,3,0.71929298981426,0.1,True,C,HIV-1 RT x MIX
qda,MIX,HIV-1 RT,minmax,3,0.71929298981426,0.25,False,C,HIV-1 RT x MIX
qda,MIX,HIV-1 RT,minmax,3,0.71929298981426,0.25,True,C,HIV-1 RT x MIX
qda,MIX,HIV-1 RT,minmax,3,0.71929298981426,0.5,False,C,HIV-1 RT x MIX
qda,MIX,HIV-1 RT,minmax,3,0.71929298981426,0.5,True,C,HIV-1 RT x MIX
qda,MIX,HIV-1 RT,minmax,3,0.71929298981426,0.75,False,C,HIV-1 RT x MIX
qda,MIX,HIV-1 RT,minmax,3,0.71929298981426,0.75,True,C,HIV-1 RT x MIX
qda,MIX,HIV-1 RT,minmax,3,0.2049131216297184,1.0,False,D,HIV-1 RT x MIX
qda,MIX,HIV-1 RT,minmax,3,0.2049131216297184,1.0,True,D,HIV-1 RT x MIX
qda,MIX,HIV-1 RT,minmax,4,0.7384661473936489,0.01,False,C,HIV-1 RT x MIX
qda,MIX,HIV-1 RT,minmax,4,0.7384661473936489,0.01,True,C,HIV-1 RT x MIX
qda,MIX,HIV-1 RT,minmax,4,0.71929298981426,0.1,False,C,HIV-1 RT x MIX
qda,MIX,HIV-1 RT,minmax,4,0.71929298981426,0.1,True,C,HIV-1 RT x MIX
qda,MIX,HIV-1 RT,minmax,4,0.71929298981426,0.25,False,C,HIV-1 RT x MIX
qda,MIX,HIV-1 RT,minmax,4,0.71929298981426,0.25,True,C,HIV-1 RT x MIX
qda,MIX,HIV-1 RT,minmax,4,0.71929298981426,0.5,False,C,HIV-1 RT x MIX
qda,MIX,HIV-1 RT,minmax,4,0.71929298981426,0.5,True,C,HIV-1 RT x MIX
qda,MIX,HIV-1 RT,minmax,4,0.71929298981426,0.75,False,C,HIV-1 RT x MIX
qda,MIX,HIV-1 RT,minmax,4,0.71929298981426,0.75,True,C,HIV-1 RT x MIX
qda,MIX,HIV-1 RT,minmax,4,0.2115038945476333,1.0,False,D,HIV-1 RT x MIX
qda,MIX,HIV-1 RT,minmax,4,0.2115038945476333,1.0,True,D,HIV-1 RT x MIX
