model,Descriptor,Enzyme,scaler,split,Accuracy,max_depth
dtc,PC,HIV-1 IN,std,1,0.721465076660988,1
dtc,PC,HIV-1 IN,std,1,0.795144804088586,3
dtc,PC,HIV-1 IN,std,1,0.8445485519591142,5
dtc,PC,HIV-1 IN,std,1,0.9233390119250426,10
dtc,PC,HIV-1 IN,std,1,0.9305792163543442,15
dtc,PC,HIV-1 IN,std,1,0.9305792163543442,20
dtc,PC,HIV-1 IN,std,1,0.9305792163543442,50
dtc,PC,HIV-1 IN,std,1,0.9305792163543442,100
dtc,PC,HIV-1 IN,std,1,0.9305792163543442,200
dtc,PC,HIV-1 IN,std,2,0.721465076660988,1
dtc,PC,HIV-1 IN,std,2,0.75809199318569,3
dtc,PC,HIV-1 IN,std,2,0.8228279386712095,5
dtc,PC,HIV-1 IN,std,2,0.9169505962521296,10
dtc,PC,HIV-1 IN,std,2,0.9331345826235092,15
dtc,PC,HIV-1 IN,std,2,0.9327086882453152,20
dtc,PC,HIV-1 IN,std,2,0.9327086882453152,50
dtc,PC,HIV-1 IN,std,2,0.9327086882453152,100
dtc,PC,HIV-1 IN,std,2,0.9327086882453152,200
dtc,PC,HIV-1 IN,std,3,0.721465076660988,1
dtc,PC,HIV-1 IN,std,3,0.8023850085178875,3
dtc,PC,HIV-1 IN,std,3,0.8351788756388415,5
dtc,PC,HIV-1 IN,std,3,0.9293015332197616,10
dtc,PC,HIV-1 IN,std,3,0.9361158432708688,15
dtc,PC,HIV-1 IN,std,3,0.936541737649063,20
dtc,PC,HIV-1 IN,std,3,0.936541737649063,50
dtc,PC,HIV-1 IN,std,3,0.936541737649063,100
dtc,PC,HIV-1 IN,std,3,0.936541737649063,200
dtc,PC,HIV-1 IN,std,4,0.7074105621805792,1
dtc,PC,HIV-1 IN,std,4,0.7900340715502555,3
dtc,PC,HIV-1 IN,std,4,0.8215502555366269,5
dtc,PC,HIV-1 IN,std,4,0.9084327086882452,10
dtc,PC,HIV-1 IN,std,4,0.9310051107325384,15
dtc,PC,HIV-1 IN,std,4,0.9318568994889268,20
dtc,PC,HIV-1 IN,std,4,0.9318568994889268,50
dtc,PC,HIV-1 IN,std,4,0.9318568994889268,100
dtc,PC,HIV-1 IN,std,4,0.9318568994889268,200
dtc,PC,HIV-1 IN,minmax,1,0.721465076660988,1
dtc,PC,HIV-1 IN,minmax,1,0.795144804088586,3
dtc,PC,HIV-1 IN,minmax,1,0.8449744463373083,5
dtc,PC,HIV-1 IN,minmax,1,0.9237649063032368,10
dtc,PC,HIV-1 IN,minmax,1,0.9310051107325384,15
dtc,PC,HIV-1 IN,minmax,1,0.9310051107325384,20
dtc,PC,HIV-1 IN,minmax,1,0.9310051107325384,50
dtc,PC,HIV-1 IN,minmax,1,0.9310051107325384,100
dtc,PC,HIV-1 IN,minmax,1,0.9310051107325384,200
dtc,PC,HIV-1 IN,minmax,2,0.721465076660988,1
dtc,PC,HIV-1 IN,minmax,2,0.75809199318569,3
dtc,PC,HIV-1 IN,minmax,2,0.8228279386712095,5
dtc,PC,HIV-1 IN,minmax,2,0.9169505962521296,10
dtc,PC,HIV-1 IN,minmax,2,0.9331345826235092,15
dtc,PC,HIV-1 IN,minmax,2,0.9327086882453152,20
dtc,PC,HIV-1 IN,minmax,2,0.9327086882453152,50
dtc,PC,HIV-1 IN,minmax,2,0.9327086882453152,100
dtc,PC,HIV-1 IN,minmax,2,0.9327086882453152,200
dtc,PC,HIV-1 IN,minmax,3,0.721465076660988,1
dtc,PC,HIV-1 IN,minmax,3,0.8023850085178875,3
dtc,PC,HIV-1 IN,minmax,3,0.8347529812606473,5
dtc,PC,HIV-1 IN,minmax,3,0.9288756388415672,10
dtc,PC,HIV-1 IN,minmax,3,0.9361158432708688,15
dtc,PC,HIV-1 IN,minmax,3,0.9361158432708688,20
dtc,PC,HIV-1 IN,minmax,3,0.9361158432708688,50
dtc,PC,HIV-1 IN,minmax,3,0.9361158432708688,100
dtc,PC,HIV-1 IN,minmax,3,0.9361158432708688,200
dtc,PC,HIV-1 IN,minmax,4,0.7074105621805792,1
dtc,PC,HIV-1 IN,minmax,4,0.7900340715502555,3
dtc,PC,HIV-1 IN,minmax,4,0.8215502555366269,5
dtc,PC,HIV-1 IN,minmax,4,0.9084327086882452,10
dtc,PC,HIV-1 IN,minmax,4,0.9314310051107324,15
dtc,PC,HIV-1 IN,minmax,4,0.932282793867121,20
dtc,PC,HIV-1 IN,minmax,4,0.932282793867121,50
dtc,PC,HIV-1 IN,minmax,4,0.932282793867121,100
dtc,PC,HIV-1 IN,minmax,4,0.932282793867121,200
dtc,ECFP4,HIV-1 IN,std,1,0.7120954003407155,1
dtc,ECFP4,HIV-1 IN,std,1,0.7891822827938672,3
dtc,ECFP4,HIV-1 IN,std,1,0.8496592844974447,5
dtc,ECFP4,HIV-1 IN,std,1,0.926320272572402,10
dtc,ECFP4,HIV-1 IN,std,1,0.9416524701873936,15
dtc,ECFP4,HIV-1 IN,std,1,0.9408006814310051,20
dtc,ECFP4,HIV-1 IN,std,1,0.9356899488926746,50
dtc,ECFP4,HIV-1 IN,std,1,0.9356899488926746,100
dtc,ECFP4,HIV-1 IN,std,1,0.9356899488926746,200
dtc,ECFP4,HIV-1 IN,std,2,0.7210391822827938,1
dtc,ECFP4,HIV-1 IN,std,2,0.7653321976149915,3
dtc,ECFP4,HIV-1 IN,std,2,0.8143100511073254,5
dtc,ECFP4,HIV-1 IN,std,2,0.895655877342419,10
dtc,ECFP4,HIV-1 IN,std,2,0.918228279386712,15
dtc,ECFP4,HIV-1 IN,std,2,0.9267461669505964,20
dtc,ECFP4,HIV-1 IN,std,2,0.924190800681431,50
dtc,ECFP4,HIV-1 IN,std,2,0.924190800681431,100
dtc,ECFP4,HIV-1 IN,std,2,0.924190800681431,200
dtc,ECFP4,HIV-1 IN,std,3,0.7120954003407155,1
dtc,ECFP4,HIV-1 IN,std,3,0.8028109028960818,3
dtc,ECFP4,HIV-1 IN,std,3,0.8594548551959114,5
dtc,ECFP4,HIV-1 IN,std,3,0.9395229982964224,10
dtc,ECFP4,HIV-1 IN,std,3,0.9454855195911414,15
dtc,ECFP4,HIV-1 IN,std,3,0.9463373083475298,20
dtc,ECFP4,HIV-1 IN,std,3,0.9463373083475298,50
dtc,ECFP4,HIV-1 IN,std,3,0.9463373083475298,100
dtc,ECFP4,HIV-1 IN,std,3,0.9463373083475298,200
dtc,ECFP4,HIV-1 IN,std,4,0.7201873935264055,1
dtc,ECFP4,HIV-1 IN,std,4,0.787052810902896,3
dtc,ECFP4,HIV-1 IN,std,4,0.8343270868824532,5
dtc,ECFP4,HIV-1 IN,std,4,0.901618398637138,10
dtc,ECFP4,HIV-1 IN,std,4,0.9173764906303236,15
dtc,ECFP4,HIV-1 IN,std,4,0.9212095400340716,20
dtc,ECFP4,HIV-1 IN,std,4,0.9246166950596252,50
dtc,ECFP4,HIV-1 IN,std,4,0.9246166950596252,100
dtc,ECFP4,HIV-1 IN,std,4,0.9246166950596252,200
dtc,ECFP4,HIV-1 IN,minmax,1,0.7120954003407155,1
dtc,ECFP4,HIV-1 IN,minmax,1,0.7891822827938672,3
dtc,ECFP4,HIV-1 IN,minmax,1,0.8496592844974447,5
dtc,ECFP4,HIV-1 IN,minmax,1,0.926320272572402,10
dtc,ECFP4,HIV-1 IN,minmax,1,0.9416524701873936,15
dtc,ECFP4,HIV-1 IN,minmax,1,0.9408006814310051,20
dtc,ECFP4,HIV-1 IN,minmax,1,0.9356899488926746,50
dtc,ECFP4,HIV-1 IN,minmax,1,0.9356899488926746,100
dtc,ECFP4,HIV-1 IN,minmax,1,0.9356899488926746,200
dtc,ECFP4,HIV-1 IN,minmax,2,0.7210391822827938,1
dtc,ECFP4,HIV-1 IN,minmax,2,0.7653321976149915,3
dtc,ECFP4,HIV-1 IN,minmax,2,0.8143100511073254,5
dtc,ECFP4,HIV-1 IN,minmax,2,0.895655877342419,10
dtc,ECFP4,HIV-1 IN,minmax,2,0.918228279386712,15
dtc,ECFP4,HIV-1 IN,minmax,2,0.9267461669505964,20
dtc,ECFP4,HIV-1 IN,minmax,2,0.924190800681431,50
dtc,ECFP4,HIV-1 IN,minmax,2,0.924190800681431,100
dtc,ECFP4,HIV-1 IN,minmax,2,0.924190800681431,200
dtc,ECFP4,HIV-1 IN,minmax,3,0.7120954003407155,1
dtc,ECFP4,HIV-1 IN,minmax,3,0.8028109028960818,3
dtc,ECFP4,HIV-1 IN,minmax,3,0.8594548551959114,5
dtc,ECFP4,HIV-1 IN,minmax,3,0.9395229982964224,10
dtc,ECFP4,HIV-1 IN,minmax,3,0.9454855195911414,15
dtc,ECFP4,HIV-1 IN,minmax,3,0.9463373083475298,20
dtc,ECFP4,HIV-1 IN,minmax,3,0.9463373083475298,50
dtc,ECFP4,HIV-1 IN,minmax,3,0.9463373083475298,100
dtc,ECFP4,HIV-1 IN,minmax,3,0.9463373083475298,200
dtc,ECFP4,HIV-1 IN,minmax,4,0.7201873935264055,1
dtc,ECFP4,HIV-1 IN,minmax,4,0.787052810902896,3
dtc,ECFP4,HIV-1 IN,minmax,4,0.8343270868824532,5
dtc,ECFP4,HIV-1 IN,minmax,4,0.901618398637138,10
dtc,ECFP4,HIV-1 IN,minmax,4,0.9173764906303236,15
dtc,ECFP4,HIV-1 IN,minmax,4,0.9212095400340716,20
dtc,ECFP4,HIV-1 IN,minmax,4,0.9246166950596252,50
dtc,ECFP4,HIV-1 IN,minmax,4,0.9246166950596252,100
dtc,ECFP4,HIV-1 IN,minmax,4,0.9246166950596252,200
dtc,MIX,HIV-1 IN,std,1,0.7201873935264055,1
dtc,MIX,HIV-1 IN,std,1,0.780664395229983,3
dtc,MIX,HIV-1 IN,std,1,0.8394378194207837,5
dtc,MIX,HIV-1 IN,std,1,0.8986371379897785,10
dtc,MIX,HIV-1 IN,std,1,0.9122657580919932,15
dtc,MIX,HIV-1 IN,std,1,0.9216354344122658,20
dtc,MIX,HIV-1 IN,std,1,0.9212095400340716,50
dtc,MIX,HIV-1 IN,std,1,0.9212095400340716,100
dtc,MIX,HIV-1 IN,std,1,0.9212095400340716,200
dtc,MIX,HIV-1 IN,std,2,0.7210391822827938,1
dtc,MIX,HIV-1 IN,std,2,0.7772572402044293,3
dtc,MIX,HIV-1 IN,std,2,0.8492333901192505,5
dtc,MIX,HIV-1 IN,std,2,0.9126916524701874,10
dtc,MIX,HIV-1 IN,std,2,0.924190800681431,15
dtc,MIX,HIV-1 IN,std,2,0.9284497444633732,20
dtc,MIX,HIV-1 IN,std,2,0.9284497444633732,50
dtc,MIX,HIV-1 IN,std,2,0.9284497444633732,100
dtc,MIX,HIV-1 IN,std,2,0.9284497444633732,200
dtc,MIX,HIV-1 IN,std,3,0.721465076660988,1
dtc,MIX,HIV-1 IN,std,3,0.7781090289608177,3
dtc,MIX,HIV-1 IN,std,3,0.8530664395229983,5
dtc,MIX,HIV-1 IN,std,3,0.8982112436115843,10
dtc,MIX,HIV-1 IN,std,3,0.9216354344122658,15
dtc,MIX,HIV-1 IN,std,3,0.9216354344122658,20
dtc,MIX,HIV-1 IN,std,3,0.9216354344122658,50
dtc,MIX,HIV-1 IN,std,3,0.9216354344122658,100
dtc,MIX,HIV-1 IN,std,3,0.9216354344122658,200
dtc,MIX,HIV-1 IN,std,4,0.721465076660988,1
dtc,MIX,HIV-1 IN,std,4,0.7755536626916525,3
dtc,MIX,HIV-1 IN,std,4,0.8488074957410562,5
dtc,MIX,HIV-1 IN,std,4,0.9207836456558772,10
dtc,MIX,HIV-1 IN,std,4,0.9310051107325384,15
dtc,MIX,HIV-1 IN,std,4,0.9369676320272572,20
dtc,MIX,HIV-1 IN,std,4,0.9331345826235092,50
dtc,MIX,HIV-1 IN,std,4,0.9331345826235092,100
dtc,MIX,HIV-1 IN,std,4,0.9331345826235092,200
dtc,MIX,HIV-1 IN,minmax,1,0.7201873935264055,1
dtc,MIX,HIV-1 IN,minmax,1,0.780664395229983,3
dtc,MIX,HIV-1 IN,minmax,1,0.8394378194207837,5
dtc,MIX,HIV-1 IN,minmax,1,0.8986371379897785,10
dtc,MIX,HIV-1 IN,minmax,1,0.9122657580919932,15
dtc,MIX,HIV-1 IN,minmax,1,0.9216354344122658,20
dtc,MIX,HIV-1 IN,minmax,1,0.9212095400340716,50
dtc,MIX,HIV-1 IN,minmax,1,0.9212095400340716,100
dtc,MIX,HIV-1 IN,minmax,1,0.9212095400340716,200
dtc,MIX,HIV-1 IN,minmax,2,0.7210391822827938,1
dtc,MIX,HIV-1 IN,minmax,2,0.7772572402044293,3
dtc,MIX,HIV-1 IN,minmax,2,0.8492333901192505,5
dtc,MIX,HIV-1 IN,minmax,2,0.9126916524701874,10
dtc,MIX,HIV-1 IN,minmax,2,0.9246166950596252,15
dtc,MIX,HIV-1 IN,minmax,2,0.9284497444633732,20
dtc,MIX,HIV-1 IN,minmax,2,0.9284497444633732,50
dtc,MIX,HIV-1 IN,minmax,2,0.9284497444633732,100
dtc,MIX,HIV-1 IN,minmax,2,0.9284497444633732,200
dtc,MIX,HIV-1 IN,minmax,3,0.721465076660988,1
dtc,MIX,HIV-1 IN,minmax,3,0.7781090289608177,3
dtc,MIX,HIV-1 IN,minmax,3,0.8530664395229983,5
dtc,MIX,HIV-1 IN,minmax,3,0.8982112436115843,10
dtc,MIX,HIV-1 IN,minmax,3,0.9216354344122658,15
dtc,MIX,HIV-1 IN,minmax,3,0.9216354344122658,20
dtc,MIX,HIV-1 IN,minmax,3,0.9216354344122658,50
dtc,MIX,HIV-1 IN,minmax,3,0.9216354344122658,100
dtc,MIX,HIV-1 IN,minmax,3,0.9216354344122658,200
dtc,MIX,HIV-1 IN,minmax,4,0.721465076660988,1
dtc,MIX,HIV-1 IN,minmax,4,0.7755536626916525,3
dtc,MIX,HIV-1 IN,minmax,4,0.8488074957410562,5
dtc,MIX,HIV-1 IN,minmax,4,0.9207836456558772,10
dtc,MIX,HIV-1 IN,minmax,4,0.9310051107325384,15
dtc,MIX,HIV-1 IN,minmax,4,0.9369676320272572,20
dtc,MIX,HIV-1 IN,minmax,4,0.9331345826235092,50
dtc,MIX,HIV-1 IN,minmax,4,0.9331345826235092,100
dtc,MIX,HIV-1 IN,minmax,4,0.9331345826235092,200
dtc,PC,HIV-1 PR,std,1,0.9323344610923152,1
dtc,PC,HIV-1 PR,std,1,0.9473175447075882,3
dtc,PC,HIV-1 PR,std,1,0.9608506524891252,5
dtc,PC,HIV-1 PR,std,1,0.9685838569357176,10
dtc,PC,HIV-1 PR,std,1,0.9743837602706622,15
dtc,PC,HIV-1 PR,std,1,0.972933784436926,20
dtc,PC,HIV-1 PR,std,1,0.972933784436926,50
dtc,PC,HIV-1 PR,std,1,0.972933784436926,100
dtc,PC,HIV-1 PR,std,1,0.972933784436926,200
dtc,PC,HIV-1 PR,std,2,0.9328177863702272,1
dtc,PC,HIV-1 PR,std,2,0.9492508458192364,3
dtc,PC,HIV-1 PR,std,2,0.958434026099565,5
dtc,PC,HIV-1 PR,std,2,0.971967133881102,10
dtc,PC,HIV-1 PR,std,2,0.9768003866602224,15
dtc,PC,HIV-1 PR,std,2,0.9797003383276944,20
dtc,PC,HIV-1 PR,std,2,0.9797003383276944,50
dtc,PC,HIV-1 PR,std,2,0.9797003383276944,100
dtc,PC,HIV-1 PR,std,2,0.9797003383276944,200
dtc,PC,HIV-1 PR,std,3,0.9299178347027548,1
dtc,PC,HIV-1 PR,std,3,0.9521507974867084,3
dtc,PC,HIV-1 PR,std,3,0.9627839536007732,5
dtc,PC,HIV-1 PR,std,3,0.97148380860319,10
dtc,PC,HIV-1 PR,std,3,0.97390043499275,15
dtc,PC,HIV-1 PR,std,3,0.97148380860319,20
dtc,PC,HIV-1 PR,std,3,0.97148380860319,50
dtc,PC,HIV-1 PR,std,3,0.97148380860319,100
dtc,PC,HIV-1 PR,std,3,0.97148380860319,200
dtc,PC,HIV-1 PR,std,4,0.9323344610923152,1
dtc,PC,HIV-1 PR,std,4,0.958434026099565,3
dtc,PC,HIV-1 PR,std,4,0.9642339294345096,5
dtc,PC,HIV-1 PR,std,4,0.9743837602706622,10
dtc,PC,HIV-1 PR,std,4,0.971967133881102,15
dtc,PC,HIV-1 PR,std,4,0.973417109714838,20
dtc,PC,HIV-1 PR,std,4,0.973417109714838,50
dtc,PC,HIV-1 PR,std,4,0.973417109714838,100
dtc,PC,HIV-1 PR,std,4,0.973417109714838,200
dtc,PC,HIV-1 PR,minmax,1,0.9323344610923152,1
dtc,PC,HIV-1 PR,minmax,1,0.9473175447075882,3
dtc,PC,HIV-1 PR,minmax,1,0.9608506524891252,5
dtc,PC,HIV-1 PR,minmax,1,0.9685838569357176,10
dtc,PC,HIV-1 PR,minmax,1,0.9743837602706622,15
dtc,PC,HIV-1 PR,minmax,1,0.972933784436926,20
dtc,PC,HIV-1 PR,minmax,1,0.972933784436926,50
dtc,PC,HIV-1 PR,minmax,1,0.972933784436926,100
dtc,PC,HIV-1 PR,minmax,1,0.972933784436926,200
dtc,PC,HIV-1 PR,minmax,2,0.9328177863702272,1
dtc,PC,HIV-1 PR,minmax,2,0.9492508458192364,3
dtc,PC,HIV-1 PR,minmax,2,0.957950700821653,5
dtc,PC,HIV-1 PR,minmax,2,0.97148380860319,10
dtc,PC,HIV-1 PR,minmax,2,0.9768003866602224,15
dtc,PC,HIV-1 PR,minmax,2,0.9792170130497824,20
dtc,PC,HIV-1 PR,minmax,2,0.9792170130497824,50
dtc,PC,HIV-1 PR,minmax,2,0.9792170130497824,100
dtc,PC,HIV-1 PR,minmax,2,0.9792170130497824,200
dtc,PC,HIV-1 PR,minmax,3,0.9299178347027548,1
dtc,PC,HIV-1 PR,minmax,3,0.9521507974867084,3
dtc,PC,HIV-1 PR,minmax,3,0.9627839536007732,5
dtc,PC,HIV-1 PR,minmax,3,0.97148380860319,10
dtc,PC,HIV-1 PR,minmax,3,0.97390043499275,15
dtc,PC,HIV-1 PR,minmax,3,0.97148380860319,20
dtc,PC,HIV-1 PR,minmax,3,0.97148380860319,50
dtc,PC,HIV-1 PR,minmax,3,0.97148380860319,100
dtc,PC,HIV-1 PR,minmax,3,0.97148380860319,200
dtc,PC,HIV-1 PR,minmax,4,0.9323344610923152,1
dtc,PC,HIV-1 PR,minmax,4,0.958434026099565,3
dtc,PC,HIV-1 PR,minmax,4,0.9642339294345096,5
dtc,PC,HIV-1 PR,minmax,4,0.9743837602706622,10
dtc,PC,HIV-1 PR,minmax,4,0.971967133881102,15
dtc,PC,HIV-1 PR,minmax,4,0.973417109714838,20
dtc,PC,HIV-1 PR,minmax,4,0.973417109714838,50
dtc,PC,HIV-1 PR,minmax,4,0.973417109714838,100
dtc,PC,HIV-1 PR,minmax,4,0.973417109714838,200
dtc,ECFP4,HIV-1 PR,std,1,0.9275012083131948,1
dtc,ECFP4,HIV-1 PR,std,1,0.9511841469308844,3
dtc,ECFP4,HIV-1 PR,std,1,0.9652005799903336,5
dtc,ECFP4,HIV-1 PR,std,1,0.9705171580473658,10
dtc,ECFP4,HIV-1 PR,std,1,0.972450459159014,15
dtc,ECFP4,HIV-1 PR,std,1,0.972450459159014,20
dtc,ECFP4,HIV-1 PR,std,1,0.972450459159014,50
dtc,ECFP4,HIV-1 PR,std,1,0.972450459159014,100
dtc,ECFP4,HIV-1 PR,std,1,0.972450459159014,200
dtc,ECFP4,HIV-1 PR,std,2,0.9275012083131948,1
dtc,ECFP4,HIV-1 PR,std,2,0.9478008699855004,3
dtc,ECFP4,HIV-1 PR,std,2,0.9647172547124214,5
dtc,ECFP4,HIV-1 PR,std,2,0.97148380860319,10
dtc,ECFP4,HIV-1 PR,std,2,0.971000483325278,15
dtc,ECFP4,HIV-1 PR,std,2,0.971000483325278,20
dtc,ECFP4,HIV-1 PR,std,2,0.971000483325278,50
dtc,ECFP4,HIV-1 PR,std,2,0.971000483325278,100
dtc,ECFP4,HIV-1 PR,std,2,0.971000483325278,200
dtc,ECFP4,HIV-1 PR,std,3,0.9275012083131948,1
dtc,ECFP4,HIV-1 PR,std,3,0.9511841469308844,3
dtc,ECFP4,HIV-1 PR,std,3,0.9632672788786854,5
dtc,ECFP4,HIV-1 PR,std,3,0.97390043499275,10
dtc,ECFP4,HIV-1 PR,std,3,0.973417109714838,15
dtc,ECFP4,HIV-1 PR,std,3,0.973417109714838,20
dtc,ECFP4,HIV-1 PR,std,3,0.973417109714838,50
dtc,ECFP4,HIV-1 PR,std,3,0.973417109714838,100
dtc,ECFP4,HIV-1 PR,std,3,0.973417109714838,200
dtc,ECFP4,HIV-1 PR,std,4,0.9275012083131948,1
dtc,ECFP4,HIV-1 PR,std,4,0.9482841952634122,3
dtc,ECFP4,HIV-1 PR,std,4,0.9652005799903336,5
dtc,ECFP4,HIV-1 PR,std,4,0.9743837602706622,10
dtc,ECFP4,HIV-1 PR,std,4,0.9792170130497824,15
dtc,ECFP4,HIV-1 PR,std,4,0.9792170130497824,20
dtc,ECFP4,HIV-1 PR,std,4,0.9792170130497824,50
dtc,ECFP4,HIV-1 PR,std,4,0.9792170130497824,100
dtc,ECFP4,HIV-1 PR,std,4,0.9792170130497824,200
dtc,ECFP4,HIV-1 PR,minmax,1,0.9275012083131948,1
dtc,ECFP4,HIV-1 PR,minmax,1,0.9511841469308844,3
dtc,ECFP4,HIV-1 PR,minmax,1,0.9652005799903336,5
dtc,ECFP4,HIV-1 PR,minmax,1,0.9705171580473658,10
dtc,ECFP4,HIV-1 PR,minmax,1,0.972450459159014,15
dtc,ECFP4,HIV-1 PR,minmax,1,0.972450459159014,20
dtc,ECFP4,HIV-1 PR,minmax,1,0.972450459159014,50
dtc,ECFP4,HIV-1 PR,minmax,1,0.972450459159014,100
dtc,ECFP4,HIV-1 PR,minmax,1,0.972450459159014,200
dtc,ECFP4,HIV-1 PR,minmax,2,0.9275012083131948,1
dtc,ECFP4,HIV-1 PR,minmax,2,0.9478008699855004,3
dtc,ECFP4,HIV-1 PR,minmax,2,0.9647172547124214,5
dtc,ECFP4,HIV-1 PR,minmax,2,0.97148380860319,10
dtc,ECFP4,HIV-1 PR,minmax,2,0.971000483325278,15
dtc,ECFP4,HIV-1 PR,minmax,2,0.971000483325278,20
dtc,ECFP4,HIV-1 PR,minmax,2,0.971000483325278,50
dtc,ECFP4,HIV-1 PR,minmax,2,0.971000483325278,100
dtc,ECFP4,HIV-1 PR,minmax,2,0.971000483325278,200
dtc,ECFP4,HIV-1 PR,minmax,3,0.9275012083131948,1
dtc,ECFP4,HIV-1 PR,minmax,3,0.9511841469308844,3
dtc,ECFP4,HIV-1 PR,minmax,3,0.9632672788786854,5
dtc,ECFP4,HIV-1 PR,minmax,3,0.97390043499275,10
dtc,ECFP4,HIV-1 PR,minmax,3,0.973417109714838,15
dtc,ECFP4,HIV-1 PR,minmax,3,0.973417109714838,20
dtc,ECFP4,HIV-1 PR,minmax,3,0.973417109714838,50
dtc,ECFP4,HIV-1 PR,minmax,3,0.973417109714838,100
dtc,ECFP4,HIV-1 PR,minmax,3,0.973417109714838,200
dtc,ECFP4,HIV-1 PR,minmax,4,0.9275012083131948,1
dtc,ECFP4,HIV-1 PR,minmax,4,0.9482841952634122,3
dtc,ECFP4,HIV-1 PR,minmax,4,0.9652005799903336,5
dtc,ECFP4,HIV-1 PR,minmax,4,0.9743837602706622,10
dtc,ECFP4,HIV-1 PR,minmax,4,0.9792170130497824,15
dtc,ECFP4,HIV-1 PR,minmax,4,0.9792170130497824,20
dtc,ECFP4,HIV-1 PR,minmax,4,0.9792170130497824,50
dtc,ECFP4,HIV-1 PR,minmax,4,0.9792170130497824,100
dtc,ECFP4,HIV-1 PR,minmax,4,0.9792170130497824,200
dtc,MIX,HIV-1 PR,std,1,0.929434509424843,1
dtc,MIX,HIV-1 PR,std,1,0.9516674722087964,3
dtc,MIX,HIV-1 PR,std,1,0.9618173030449492,5
dtc,MIX,HIV-1 PR,std,1,0.9681005316578056,10
dtc,MIX,HIV-1 PR,std,1,0.973417109714838,15
dtc,MIX,HIV-1 PR,std,1,0.973417109714838,20
dtc,MIX,HIV-1 PR,std,1,0.973417109714838,50
dtc,MIX,HIV-1 PR,std,1,0.973417109714838,100
dtc,MIX,HIV-1 PR,std,1,0.973417109714838,200
dtc,MIX,HIV-1 PR,std,2,0.9328177863702272,1
dtc,MIX,HIV-1 PR,std,2,0.9540840985983567,3
dtc,MIX,HIV-1 PR,std,2,0.9613339777670372,5
dtc,MIX,HIV-1 PR,std,2,0.972933784436926,10
dtc,MIX,HIV-1 PR,std,2,0.9758337361043984,15
dtc,MIX,HIV-1 PR,std,2,0.9772837119381343,20
dtc,MIX,HIV-1 PR,std,2,0.9772837119381343,50
dtc,MIX,HIV-1 PR,std,2,0.9772837119381343,100
dtc,MIX,HIV-1 PR,std,2,0.9772837119381343,200
dtc,MIX,HIV-1 PR,std,3,0.9313678105364912,1
dtc,MIX,HIV-1 PR,std,3,0.9516674722087964,3
dtc,MIX,HIV-1 PR,std,3,0.9603673272112132,5
dtc,MIX,HIV-1 PR,std,3,0.972450459159014,10
dtc,MIX,HIV-1 PR,std,3,0.9768003866602224,15
dtc,MIX,HIV-1 PR,std,3,0.9768003866602224,20
dtc,MIX,HIV-1 PR,std,3,0.9768003866602224,50
dtc,MIX,HIV-1 PR,std,3,0.9768003866602224,100
dtc,MIX,HIV-1 PR,std,3,0.9768003866602224,200
dtc,MIX,HIV-1 PR,std,4,0.931851135814403,1
dtc,MIX,HIV-1 PR,std,4,0.9497341710971484,3
dtc,MIX,HIV-1 PR,std,4,0.958917351377477,5
dtc,MIX,HIV-1 PR,std,4,0.9627839536007732,10
dtc,MIX,HIV-1 PR,std,4,0.9695505074915418,15
dtc,MIX,HIV-1 PR,std,4,0.971967133881102,20
dtc,MIX,HIV-1 PR,std,4,0.971967133881102,50
dtc,MIX,HIV-1 PR,std,4,0.971967133881102,100
dtc,MIX,HIV-1 PR,std,4,0.971967133881102,200
dtc,MIX,HIV-1 PR,minmax,1,0.929434509424843,1
dtc,MIX,HIV-1 PR,minmax,1,0.9516674722087964,3
dtc,MIX,HIV-1 PR,minmax,1,0.9618173030449492,5
dtc,MIX,HIV-1 PR,minmax,1,0.9681005316578056,10
dtc,MIX,HIV-1 PR,minmax,1,0.973417109714838,15
dtc,MIX,HIV-1 PR,minmax,1,0.973417109714838,20
dtc,MIX,HIV-1 PR,minmax,1,0.973417109714838,50
dtc,MIX,HIV-1 PR,minmax,1,0.973417109714838,100
dtc,MIX,HIV-1 PR,minmax,1,0.973417109714838,200
dtc,MIX,HIV-1 PR,minmax,2,0.9328177863702272,1
dtc,MIX,HIV-1 PR,minmax,2,0.9540840985983567,3
dtc,MIX,HIV-1 PR,minmax,2,0.9613339777670372,5
dtc,MIX,HIV-1 PR,minmax,2,0.972933784436926,10
dtc,MIX,HIV-1 PR,minmax,2,0.9758337361043984,15
dtc,MIX,HIV-1 PR,minmax,2,0.9772837119381343,20
dtc,MIX,HIV-1 PR,minmax,2,0.9772837119381343,50
dtc,MIX,HIV-1 PR,minmax,2,0.9772837119381343,100
dtc,MIX,HIV-1 PR,minmax,2,0.9772837119381343,200
dtc,MIX,HIV-1 PR,minmax,3,0.9313678105364912,1
dtc,MIX,HIV-1 PR,minmax,3,0.9516674722087964,3
dtc,MIX,HIV-1 PR,minmax,3,0.9603673272112132,5
dtc,MIX,HIV-1 PR,minmax,3,0.972450459159014,10
dtc,MIX,HIV-1 PR,minmax,3,0.9768003866602224,15
dtc,MIX,HIV-1 PR,minmax,3,0.9768003866602224,20
dtc,MIX,HIV-1 PR,minmax,3,0.9768003866602224,50
dtc,MIX,HIV-1 PR,minmax,3,0.9768003866602224,100
dtc,MIX,HIV-1 PR,minmax,3,0.9768003866602224,200
dtc,MIX,HIV-1 PR,minmax,4,0.931851135814403,1
dtc,MIX,HIV-1 PR,minmax,4,0.9497341710971484,3
dtc,MIX,HIV-1 PR,minmax,4,0.958917351377477,5
dtc,MIX,HIV-1 PR,minmax,4,0.9627839536007732,10
dtc,MIX,HIV-1 PR,minmax,4,0.9695505074915418,15
dtc,MIX,HIV-1 PR,minmax,4,0.971967133881102,20
dtc,MIX,HIV-1 PR,minmax,4,0.971967133881102,50
dtc,MIX,HIV-1 PR,minmax,4,0.971967133881102,100
dtc,MIX,HIV-1 PR,minmax,4,0.971967133881102,200
dtc,PC,HIV-1 RT,std,1,0.71929298981426,1
dtc,PC,HIV-1 RT,std,1,0.7890952666267226,3
dtc,PC,HIV-1 RT,std,1,0.8328340323547034,5
dtc,PC,HIV-1 RT,std,1,0.9050329538645896,10
dtc,PC,HIV-1 RT,std,1,0.926303175554224,15
dtc,PC,HIV-1 RT,std,1,0.9236069502696224,20
dtc,PC,HIV-1 RT,std,1,0.9236069502696224,50
dtc,PC,HIV-1 RT,std,1,0.9236069502696224,100
dtc,PC,HIV-1 RT,std,1,0.9236069502696224,200
dtc,PC,HIV-1 RT,std,2,0.71929298981426,1
dtc,PC,HIV-1 RT,std,2,0.7896944278010785,3
dtc,PC,HIV-1 RT,std,2,0.8322348711803476,5
dtc,PC,HIV-1 RT,std,2,0.9116237267825044,10
dtc,PC,HIV-1 RT,std,2,0.9242061114439784,15
dtc,PC,HIV-1 RT,std,2,0.927501497902936,20
dtc,PC,HIV-1 RT,std,2,0.9289994008388256,50
dtc,PC,HIV-1 RT,std,2,0.9289994008388256,100
dtc,PC,HIV-1 RT,std,2,0.9289994008388256,200
dtc,PC,HIV-1 RT,std,3,0.71929298981426,1
dtc,PC,HIV-1 RT,std,3,0.7825044937088077,3
dtc,PC,HIV-1 RT,std,3,0.8157579388855603,5
dtc,PC,HIV-1 RT,std,3,0.8972438585979629,10
dtc,PC,HIV-1 RT,std,3,0.9137207908927502,15
dtc,PC,HIV-1 RT,std,3,0.9185140802875974,20
dtc,PC,HIV-1 RT,std,3,0.9170161773517076,50
dtc,PC,HIV-1 RT,std,3,0.9170161773517076,100
dtc,PC,HIV-1 RT,std,3,0.9170161773517076,200
dtc,PC,HIV-1 RT,std,4,0.71929298981426,1
dtc,PC,HIV-1 RT,std,4,0.792690233672858,3
dtc,PC,HIV-1 RT,std,4,0.8313361294188136,5
dtc,PC,HIV-1 RT,std,4,0.903235470341522,10
dtc,PC,HIV-1 RT,std,4,0.9185140802875974,15
dtc,PC,HIV-1 RT,std,4,0.920611144397843,20
dtc,PC,HIV-1 RT,std,4,0.9218094667465548,50
dtc,PC,HIV-1 RT,std,4,0.9218094667465548,100
dtc,PC,HIV-1 RT,std,4,0.9218094667465548,200
dtc,PC,HIV-1 RT,minmax,1,0.71929298981426,1
dtc,PC,HIV-1 RT,minmax,1,0.7890952666267226,3
dtc,PC,HIV-1 RT,minmax,1,0.8328340323547034,5
dtc,PC,HIV-1 RT,minmax,1,0.9047333732774115,10
dtc,PC,HIV-1 RT,minmax,1,0.9257040143798682,15
dtc,PC,HIV-1 RT,minmax,1,0.9236069502696224,20
dtc,PC,HIV-1 RT,minmax,1,0.9236069502696224,50
dtc,PC,HIV-1 RT,minmax,1,0.9236069502696224,100
dtc,PC,HIV-1 RT,minmax,1,0.9236069502696224,200
dtc,PC,HIV-1 RT,minmax,2,0.71929298981426,1
dtc,PC,HIV-1 RT,minmax,2,0.7896944278010785,3
dtc,PC,HIV-1 RT,minmax,2,0.8322348711803476,5
dtc,PC,HIV-1 RT,minmax,2,0.9119233073696824,10
dtc,PC,HIV-1 RT,minmax,2,0.9239065308568004,15
dtc,PC,HIV-1 RT,minmax,2,0.927201917315758,20
dtc,PC,HIV-1 RT,minmax,2,0.9286998202516475,50
dtc,PC,HIV-1 RT,minmax,2,0.9286998202516475,100
dtc,PC,HIV-1 RT,minmax,2,0.9286998202516475,200
dtc,PC,HIV-1 RT,minmax,3,0.71929298981426,1
dtc,PC,HIV-1 RT,minmax,3,0.7825044937088077,3
dtc,PC,HIV-1 RT,minmax,3,0.8157579388855603,5
dtc,PC,HIV-1 RT,minmax,3,0.8972438585979629,10
dtc,PC,HIV-1 RT,minmax,3,0.914619532654284,15
dtc,PC,HIV-1 RT,minmax,3,0.9185140802875974,20
dtc,PC,HIV-1 RT,minmax,3,0.9170161773517076,50
dtc,PC,HIV-1 RT,minmax,3,0.9170161773517076,100
dtc,PC,HIV-1 RT,minmax,3,0.9170161773517076,200
dtc,PC,HIV-1 RT,minmax,4,0.71929298981426,1
dtc,PC,HIV-1 RT,minmax,4,0.792690233672858,3
dtc,PC,HIV-1 RT,minmax,4,0.8313361294188136,5
dtc,PC,HIV-1 RT,minmax,4,0.903235470341522,10
dtc,PC,HIV-1 RT,minmax,4,0.9179149191132414,15
dtc,PC,HIV-1 RT,minmax,4,0.920611144397843,20
dtc,PC,HIV-1 RT,minmax,4,0.9218094667465548,50
dtc,PC,HIV-1 RT,minmax,4,0.9218094667465548,100
dtc,PC,HIV-1 RT,minmax,4,0.9218094667465548,200
dtc,ECFP4,HIV-1 RT,std,1,0.71929298981426,1
dtc,ECFP4,HIV-1 RT,std,1,0.7528460155781905,3
dtc,ECFP4,HIV-1 RT,std,1,0.7905931695626124,5
dtc,ECFP4,HIV-1 RT,std,1,0.8768723786698622,10
dtc,ECFP4,HIV-1 RT,std,1,0.9053325344517676,15
dtc,ECFP4,HIV-1 RT,std,1,0.9215098861593768,20
dtc,ECFP4,HIV-1 RT,std,1,0.9221090473337328,50
dtc,ECFP4,HIV-1 RT,std,1,0.9221090473337328,100
dtc,ECFP4,HIV-1 RT,std,1,0.9221090473337328,200
dtc,ECFP4,HIV-1 RT,std,2,0.71929298981426,1
dtc,ECFP4,HIV-1 RT,std,2,0.7552426602756142,3
dtc,ECFP4,HIV-1 RT,std,2,0.7810065907729179,5
dtc,ECFP4,HIV-1 RT,std,2,0.8723786698621929,10
dtc,ECFP4,HIV-1 RT,std,2,0.896644697423607,15
dtc,ECFP4,HIV-1 RT,std,2,0.9110245656081486,20
dtc,ECFP4,HIV-1 RT,std,2,0.914319952067106,50
dtc,ECFP4,HIV-1 RT,std,2,0.914319952067106,100
dtc,ECFP4,HIV-1 RT,std,2,0.914319952067106,200
dtc,ECFP4,HIV-1 RT,std,3,0.71929298981426,1
dtc,ECFP4,HIV-1 RT,std,3,0.7168963451168364,3
dtc,ECFP4,HIV-1 RT,std,3,0.8010784901138406,5
dtc,ECFP4,HIV-1 RT,std,3,0.8768723786698622,10
dtc,ECFP4,HIV-1 RT,std,3,0.902636309167166,15
dtc,ECFP4,HIV-1 RT,std,3,0.9125224685440384,20
dtc,ECFP4,HIV-1 RT,std,3,0.9113241461953264,50
dtc,ECFP4,HIV-1 RT,std,3,0.9113241461953264,100
dtc,ECFP4,HIV-1 RT,std,3,0.9113241461953264,200
dtc,ECFP4,HIV-1 RT,std,4,0.71929298981426,1
dtc,ECFP4,HIV-1 RT,std,4,0.7516476932294788,3
dtc,ECFP4,HIV-1 RT,std,4,0.7905931695626124,5
dtc,ECFP4,HIV-1 RT,std,4,0.8729778310365488,10
dtc,ECFP4,HIV-1 RT,std,4,0.9089275014979028,15
dtc,ECFP4,HIV-1 RT,std,4,0.9158178550029958,20
dtc,ECFP4,HIV-1 RT,std,4,0.9221090473337328,50
dtc,ECFP4,HIV-1 RT,std,4,0.9221090473337328,100
dtc,ECFP4,HIV-1 RT,std,4,0.9221090473337328,200
dtc,ECFP4,HIV-1 RT,minmax,1,0.71929298981426,1
dtc,ECFP4,HIV-1 RT,minmax,1,0.7528460155781905,3
dtc,ECFP4,HIV-1 RT,minmax,1,0.7905931695626124,5
dtc,ECFP4,HIV-1 RT,minmax,1,0.8768723786698622,10
dtc,ECFP4,HIV-1 RT,minmax,1,0.9053325344517676,15
dtc,ECFP4,HIV-1 RT,minmax,1,0.9215098861593768,20
dtc,ECFP4,HIV-1 RT,minmax,1,0.9221090473337328,50
dtc,ECFP4,HIV-1 RT,minmax,1,0.9221090473337328,100
dtc,ECFP4,HIV-1 RT,minmax,1,0.9221090473337328,200
dtc,ECFP4,HIV-1 RT,minmax,2,0.71929298981426,1
dtc,ECFP4,HIV-1 RT,minmax,2,0.7552426602756142,3
dtc,ECFP4,HIV-1 RT,minmax,2,0.7810065907729179,5
dtc,ECFP4,HIV-1 RT,minmax,2,0.8723786698621929,10
dtc,ECFP4,HIV-1 RT,minmax,2,0.896644697423607,15
dtc,ECFP4,HIV-1 RT,minmax,2,0.9110245656081486,20
dtc,ECFP4,HIV-1 RT,minmax,2,0.914319952067106,50
dtc,ECFP4,HIV-1 RT,minmax,2,0.914319952067106,100
dtc,ECFP4,HIV-1 RT,minmax,2,0.914319952067106,200
dtc,ECFP4,HIV-1 RT,minmax,3,0.71929298981426,1
dtc,ECFP4,HIV-1 RT,minmax,3,0.7168963451168364,3
dtc,ECFP4,HIV-1 RT,minmax,3,0.8010784901138406,5
dtc,ECFP4,HIV-1 RT,minmax,3,0.8768723786698622,10
dtc,ECFP4,HIV-1 RT,minmax,3,0.902636309167166,15
dtc,ECFP4,HIV-1 RT,minmax,3,0.9125224685440384,20
dtc,ECFP4,HIV-1 RT,minmax,3,0.9113241461953264,50
dtc,ECFP4,HIV-1 RT,minmax,3,0.9113241461953264,100
dtc,ECFP4,HIV-1 RT,minmax,3,0.9113241461953264,200
dtc,ECFP4,HIV-1 RT,minmax,4,0.71929298981426,1
dtc,ECFP4,HIV-1 RT,minmax,4,0.7516476932294788,3
dtc,ECFP4,HIV-1 RT,minmax,4,0.7905931695626124,5
dtc,ECFP4,HIV-1 RT,minmax,4,0.8729778310365488,10
dtc,ECFP4,HIV-1 RT,minmax,4,0.9089275014979028,15
dtc,ECFP4,HIV-1 RT,minmax,4,0.9158178550029958,20
dtc,ECFP4,HIV-1 RT,minmax,4,0.9221090473337328,50
dtc,ECFP4,HIV-1 RT,minmax,4,0.9221090473337328,100
dtc,ECFP4,HIV-1 RT,minmax,4,0.9221090473337328,200
dtc,MIX,HIV-1 RT,std,1,0.71929298981426,1
dtc,MIX,HIV-1 RT,std,1,0.7633313361294188,3
dtc,MIX,HIV-1 RT,std,1,0.829538645895746,5
dtc,MIX,HIV-1 RT,std,1,0.8882564409826244,10
dtc,MIX,HIV-1 RT,std,1,0.9119233073696824,15
dtc,MIX,HIV-1 RT,std,1,0.9185140802875974,20
dtc,MIX,HIV-1 RT,std,1,0.9221090473337328,50
dtc,MIX,HIV-1 RT,std,1,0.9221090473337328,100
dtc,MIX,HIV-1 RT,std,1,0.9221090473337328,200
dtc,MIX,HIV-1 RT,std,2,0.71929298981426,1
dtc,MIX,HIV-1 RT,std,2,0.7869982025164769,3
dtc,MIX,HIV-1 RT,std,2,0.8367285799880168,5
dtc,MIX,HIV-1 RT,std,2,0.9059316956261234,10
dtc,MIX,HIV-1 RT,std,2,0.9179149191132414,15
dtc,MIX,HIV-1 RT,std,2,0.9248052726183345,20
dtc,MIX,HIV-1 RT,std,2,0.9245056920311564,50
dtc,MIX,HIV-1 RT,std,2,0.9245056920311564,100
dtc,MIX,HIV-1 RT,std,2,0.9245056920311564,200
dtc,MIX,HIV-1 RT,std,3,0.71929298981426,1
dtc,MIX,HIV-1 RT,std,3,0.7884961054523667,3
dtc,MIX,HIV-1 RT,std,3,0.8337327741162373,5
dtc,MIX,HIV-1 RT,std,3,0.9005392450569203,10
dtc,MIX,HIV-1 RT,std,3,0.9104254044337928,15
dtc,MIX,HIV-1 RT,std,3,0.9194128220491312,20
dtc,MIX,HIV-1 RT,std,3,0.9230077890952666,50
dtc,MIX,HIV-1 RT,std,3,0.9230077890952666,100
dtc,MIX,HIV-1 RT,std,3,0.9230077890952666,200
dtc,MIX,HIV-1 RT,std,4,0.71929298981426,1
dtc,MIX,HIV-1 RT,std,4,0.7834032354703415,3
dtc,MIX,HIV-1 RT,std,4,0.8406231276213302,5
dtc,MIX,HIV-1 RT,std,4,0.9062312762133014,10
dtc,MIX,HIV-1 RT,std,4,0.9128220491312165,15
dtc,MIX,HIV-1 RT,std,4,0.9161174355901738,20
dtc,MIX,HIV-1 RT,std,4,0.9200119832234872,50
dtc,MIX,HIV-1 RT,std,4,0.9200119832234872,100
dtc,MIX,HIV-1 RT,std,4,0.9200119832234872,200
dtc,MIX,HIV-1 RT,minmax,1,0.71929298981426,1
dtc,MIX,HIV-1 RT,minmax,1,0.7633313361294188,3
dtc,MIX,HIV-1 RT,minmax,1,0.829538645895746,5
dtc,MIX,HIV-1 RT,minmax,1,0.8885560215698023,10
dtc,MIX,HIV-1 RT,minmax,1,0.9119233073696824,15
dtc,MIX,HIV-1 RT,minmax,1,0.9185140802875974,20
dtc,MIX,HIV-1 RT,minmax,1,0.9221090473337328,50
dtc,MIX,HIV-1 RT,minmax,1,0.9221090473337328,100
dtc,MIX,HIV-1 RT,minmax,1,0.9221090473337328,200
dtc,MIX,HIV-1 RT,minmax,2,0.71929298981426,1
dtc,MIX,HIV-1 RT,minmax,2,0.7869982025164769,3
dtc,MIX,HIV-1 RT,minmax,2,0.8367285799880168,5
dtc,MIX,HIV-1 RT,minmax,2,0.9059316956261234,10
dtc,MIX,HIV-1 RT,minmax,2,0.9179149191132414,15
dtc,MIX,HIV-1 RT,minmax,2,0.9248052726183345,20
dtc,MIX,HIV-1 RT,minmax,2,0.9245056920311564,50
dtc,MIX,HIV-1 RT,minmax,2,0.9245056920311564,100
dtc,MIX,HIV-1 RT,minmax,2,0.9245056920311564,200
dtc,MIX,HIV-1 RT,minmax,3,0.71929298981426,1
dtc,MIX,HIV-1 RT,minmax,3,0.7884961054523667,3
dtc,MIX,HIV-1 RT,minmax,3,0.8337327741162373,5
dtc,MIX,HIV-1 RT,minmax,3,0.9005392450569203,10
dtc,MIX,HIV-1 RT,minmax,3,0.9104254044337928,15
dtc,MIX,HIV-1 RT,minmax,3,0.9194128220491312,20
dtc,MIX,HIV-1 RT,minmax,3,0.9230077890952666,50
dtc,MIX,HIV-1 RT,minmax,3,0.9230077890952666,100
dtc,MIX,HIV-1 RT,minmax,3,0.9230077890952666,200
dtc,MIX,HIV-1 RT,minmax,4,0.71929298981426,1
dtc,MIX,HIV-1 RT,minmax,4,0.7834032354703415,3
dtc,MIX,HIV-1 RT,minmax,4,0.8406231276213302,5
dtc,MIX,HIV-1 RT,minmax,4,0.9062312762133014,10
dtc,MIX,HIV-1 RT,minmax,4,0.9128220491312165,15
dtc,MIX,HIV-1 RT,minmax,4,0.9161174355901738,20
dtc,MIX,HIV-1 RT,minmax,4,0.9200119832234872,50
dtc,MIX,HIV-1 RT,minmax,4,0.9200119832234872,100
dtc,MIX,HIV-1 RT,minmax,4,0.9200119832234872,200
